,text,diggCount,createTimeISO,cleaned_text,normalized_text,roberta_label,roberta_score,roberta_sentiment
0,"setiap bahlil ngomong, kiamat maju 1jam",87436,2025-10-09 03:10:07+00:00,setiap bahlil ngomong  kiamat maju 1jam,setiap bahlil ngomong kiamat maju 1jam,,0.9766460061073303,0
2,kayaknya si bahlil terinspirasi dari karakter ini😭😭😭,17011,2025-10-09 05:47:57+00:00,kayaknya si bahlil terinspirasi dari karakter ini😭😭,kayaknya si bahlil terinspirasi dari karakter ini😭😭,1.0,0.9970892071723938,1
3,kok mirip ya😹,14029,2025-10-09 05:04:40+00:00,kok mirip ya😹,kok mirip ya😹,0.0,0.8171267509460449,0
4,campuran etanol 10%. korupsinya berapa persen? 🤣,30811,2025-10-09 02:23:03+00:00,campuran etanol 10 . korupsinya berapa persen? 🤣,campuran etanol 10 . korupsinya berapa persen? 🤣,0.0,0.9993038177490234,0
5,bayar pajaknya boleh campur pake daun singkong?,5802,2025-10-09 05:32:20+00:00,bayar pajaknya boleh campur pake daun singkong?,bayar pajaknya boleh campur pake daun singkong?,,0.9920477271080017,0
6,hebatkan menteri gw,2468,2025-10-09 04:19:11+00:00,hebatkan menteri gw,hebatkan menteri saya,0.0,0.9979828596115112,0
7,"pak prabowo . . ini pejabat anda kok masih dipakai , ini menghancurkan",261,2025-10-09 06:53:58+00:00,pak prabowo . . ini pejabat anda kok masih dipakai   ini menghancurkan,pak prabowo . . ini pejabat anda kok masih dipakai ini menghancurkan,0.0,0.9994200468063354,0
8,cari rumah bahlil,194,2025-10-09 08:05:37+00:00,cari rumah bahlil,cari rumah bahlil,,0.6651028990745544,0
9,"yang kmrn campuran ethanol dikit aja tanki cepat karat, apalgi skrng mau di tambah jadi 10% 🗿",32,2025-10-09 06:03:01+00:00,yang kmrn campuran ethanol dikit aja tanki cepat karat  apalgi skrng mau di tambah jadi 10  🗿,yang kemarin campuran ethanol dikit aja tanki cepat karat apalgi skrng mau di tambah jadi 10 🗿,,0.9346848726272583,0
10,ko bisa jadi menteri,4464,2025-10-09 01:58:17+00:00,ko bisa jadi menteri,ko bisa jadi menteri,,0.9935985803604126,0
11,pecat dia,18,2025-10-09 04:58:52+00:00,pecat dia,pecat dia,0.0,0.9993268251419067,0
13,"Bahlil niat nya uda bener jual bensin sampah agar kendaraan motor di indo pada rusak semua, jadi ramah lingkungan karena gak ada motor/mobil yang jalan 🤤",65,2025-10-09 02:38:07+00:00,bahlil niat nya uda bener jual bensin sampah agar kendaraan motor di indo pada rusak semua  jadi ramah lingkungan karena gak ada motor mobil yang jalan,bahlil niat nya uda benar jual bensin sampah agar kendaraan motor di indo pada rusak semua jadi ramah lingkungan karena tidak ada motor mobil yang jalan,0.0,0.9964931607246399,0
15,kapan nih silaturahmi k remah Bahlil 🤭,701,2025-10-09 02:41:47+00:00,kapan nih silaturahmi k remah bahlil 🤭,kapan nih silaturahmi k remah bahlil 🤭,,0.994024932384491,0
16,kacau pejabat2 kt,9,2025-10-09 05:11:08+00:00,kacau pejabat2 kt,kacau pejabat2 kt,0.0,0.999377965927124,0
18,kalau tujuannya gak banyak impor apa susah nya bangun kilang di negara sendiri dari pada mencampur etanol😹,673,2025-10-09 02:45:51+00:00,kalau tujuannya gak banyak impor apa susah nya bangun kilang di negara sendiri dari pada mencampur etanol😹,kalau tujuannya tidak banyak impor apa susah nya bangun kilang di negara sendiri dari pada mencampur etanol😹,0.0,0.9288604259490967,0
19,Bahlil B nya apa?,7,2025-10-09 05:17:03+00:00,bahlil b nya apa?,bahlil b nya apa?,0.0,0.9922879934310913,0
20,ayo kita TURUN KEMBALI KEJALAN,216,2025-10-09 03:22:52+00:00,ayo kita turun kembali kejalan,ayo kita turun kembali kejalan,,0.8927090167999268,0
21,sekalinya ngomong bikin emosi orang😂😂😂,18,2025-10-09 08:26:54+00:00,sekalinya ngomong bikin emosi orang😂😂,sekalinya ngomong bikin emosi orang😂😂,0.0,0.9993230104446411,0
22,untuk bersih,42,2025-10-09 03:31:20+00:00,untuk bersih,untuk bersih,1.0,0.9872806668281555,1
23,ada ya mentri kek gini,10,2025-10-09 09:26:23+00:00,ada ya mentri kek gini,ada ya mentri kek gini,0.0,0.9978460073471069,0
24,Bahlil B nya apa guys?,4068,2025-10-09 02:32:37+00:00,bahlil b nya apa guys?,bahlil b nya apa guys?,0.0,0.9753823280334473,0
26,terang terangan gini anjir 🗿,2091,2025-10-09 03:27:55+00:00,terang terangan gini anjir 🗿,terang terangan gini anjing 🗿,0.0,0.9925274848937988,0
27,bahlil b nya apa? BELERRR,42,2025-10-09 03:21:15+00:00,bahlil b nya apa? belerr,bahlil b nya apa? belerr,0.0,0.9765720963478088,0
29,bahlil setelah berhasil membuat 10% ETATOL,26,2025-10-09 04:05:53+00:00,bahlil setelah berhasil membuat 10  etatol,bahlil setelah berhasil membuat 10 etatol,,0.9976567029953003,0
30,"Pertamina rugi ❌
rakyat rugi ✅",8,2025-10-10 13:35:49+00:00,"pertamina rugi ❌
rakyat rugi ✅",pertamina rugi ❌ rakyat rugi ✅,0.0,0.9984899759292603,0
32,akun bahlil komennya diprivat takut dia😆,774,2025-10-28 12:24:57+00:00,akun bahlil komennya diprivat takut dia😆,akun bahlil komennya diprivat takut dia😆,0.0,0.9990131855010986,0
33,pak persiden tolong ganti BAHLIL 😳,7,2025-10-09 13:38:52+00:00,pak persiden tolong ganti bahlil,pak persiden tolong ganti bahlil,,0.9988943934440613,0
34,Sebutin nama lengkap Bahlil,6,2025-10-09 21:20:04+00:00,sebutin nama lengkap bahlil,sebutin nama lengkap bahlil,,0.9973612427711487,0
35,bahlil bikin 1 keputusan kiamat maju selangkah,5,2025-10-09 12:59:24+00:00,bahlil bikin 1 keputusan kiamat maju selangkah,bahlil bikin 1 keputusan kiamat maju selangkah,,0.9969184398651123,0
36,dia bicara ramah lingkungan sementara raja Ampat dibikin hancur,9,2025-10-09 12:16:05+00:00,dia bicara ramah lingkungan sementara raja ampat dibikin hancur,dia bicara ramah lingkungan sementara raja ampat dibikin hancur,0.0,0.9642256498336792,0
37,utk kendaraan bpk saja smua,5,2025-10-09 06:56:47+00:00,utk kendaraan bpk saja smua,utk kendaraan bpk saja smua,,0.7869569659233093,0
38,LIHAT NOH,21,2025-10-13 06:10:11+00:00,lihat noh,lihat noh,0.0,0.9146466851234436,0
39,Bahlil = BAHLUL 😂🤣😂🤣😂🤣,5,2025-10-09 08:23:23+00:00,bahlil   bahlul 😂🤣😂🤣😂🤣,bahlil bahlul 😂🤣😂🤣😂🤣,1.0,0.9899426698684692,1
40,"beli motor mahal2, bensin nya di campur etanol🤣",8,2025-10-09 08:42:34+00:00,beli motor mahal2  bensin nya di campur etanol🤣,beli motor mahal2 bensin nya di campur etanol🤣,0.0,0.9795188307762146,0
41,"PERMASALAHANNYA, KOMPOSISI ETANOL ""LEBIH DARI 10%"" PADA BENSIN",5,2025-10-09 05:59:45+00:00,permasalahannya  komposisi etanol  lebih dari 10   pada bensin,permasalahannya komposisi etanol lebih dari 10 pada bensin,,0.954619824886322,0
42,Apa perlu demo lagi?,9,2025-10-09 06:21:11+00:00,apa perlu demo lagi?,apa perlu demo lagi?,0.0,0.99880051612854,0
43,segera diganti bpk Prabowo bahlil ini,30,2025-10-09 03:11:38+00:00,segera diganti bpk prabowo bahlil ini,segera diganti bpk prabowo bahlil ini,,0.9902732968330383,0
44,yokkk demoo lagii demooo lagii,7,2025-10-09 05:20:39+00:00,yokk demoo lagii demoo lagii,yokk demoo lagii demoo lagii,0.0,0.9825635552406311,0
45,dukun bahlil kuat bener dah kaga diganti ganti,12,2025-10-09 04:18:22+00:00,dukun bahlil kuat bener dah kaga diganti ganti,dukun bahlil kuat benar dah kaga diganti ganti,1.0,0.6841621398925781,1
46,bahlil kalo pulang lewat mana si,9,2025-10-09 11:04:18+00:00,bahlil kalo pulang lewat mana si,bahlil kalau pulang lewat mana si,,0.9171487092971802,0
47,info yang punya sniper 🥰,6,2025-10-09 03:35:41+00:00,info yang punya sniper 🥰,info yang punya sniper 🥰,,0.9987168312072754,0
48,dari buku panduan,11,2025-10-12 14:14:00+00:00,dari buku panduan,dari buku panduan,,0.6992390751838684,0
49,halahhhh rasengan,85,2025-10-09 04:36:34+00:00,halahh rasengan,halahh rasengan,0.0,0.9897034764289856,0
50,ngomng di hadapan orang2 yang kerusakan kendaraanya di tanggung pemerintah,14,2025-10-09 06:08:30+00:00,ngomng di hadapan orang2 yang kerusakan kendaraanya di tanggung pemerintah,ngomng di hadapan orang2 yang kerusakan kendaraanya di tanggung pemerintah,0.0,0.9902948141098022,0
51,kenapa dia gk di geser dari mentri,711,2025-10-09 02:33:21+00:00,kenapa dia gk di geser dari mentri,kenapa dia tidak di geser dari mentri,0.0,0.8950111865997314,0
52,masa iya presiden kalah sama bahlil,15,2025-10-14 04:45:25+00:00,masa iya presiden kalah sama bahlil,masa ya presiden kalah sama bahlil,0.0,0.9991317391395569,0
53,bahlil mandi apaa,26,2025-10-11 03:13:23+00:00,bahlil mandi apaa,bahlil mandi apaa,0.0,0.9180107712745667,0
54,etanol adalah bahlul... taukan maksutku😏,6,2025-10-09 13:52:29+00:00,etanol adalah bahlul.. taukan maksutku😏,etanol adalah bahlul.. taukan maksutku😏,0.0,0.9986295700073242,0
55,"jgn liat bahlil dari sisi negatif nya aja, sesekali coba liat dari sisi positif nya pasti gak bakalan ada..",5,2025-10-09 04:04:41+00:00,jgn liat bahlil dari sisi negatif nya aja  sesekali coba liat dari sisi positif nya pasti gak bakalan ada..,jangan liat bahlil dari sisi negatif nya aja sesekali coba liat dari sisi positif nya pasti tidak bakalan ada..,0.0,0.7880573272705078,0
56,negara penghasil minyak bumi sampai impor🗿,6,2025-10-09 05:31:52+00:00,negara penghasil minyak bumi sampai impor🗿,negara penghasil minyak bumi sampai impor🗿,,0.6659765243530273,0
58,makasih bang udah bantu speak up manusia itu,5,2025-10-09 10:12:07+00:00,makasih bang udah bantu speak up manusia itu,terima kasih bang sudah bantu speak up manusia itu,1.0,0.9697688221931458,1
59,udh deh gini aja skrng gmna klo kita bayar pajak 1 % pake uang nah 90% nya pake daun pisang,28,2025-10-09 04:47:25+00:00,udh deh gini aja skrng gmna klo kita bayar pajak 1   pake uang nah 90  nya pake daun pisang,sudah deh gini aja skrng gimana kalau kita bayar pajak 1 pake uang nah 90 nya pake daun pisang,,0.8499961495399475,0
60,heran ama si bahlil kuat ga mau di pecat.hrs di ganti mentri nya,8,2025-10-09 05:22:04+00:00,heran ama si bahlil kuat ga mau di pecat.hrs di ganti mentri nya,heran ama si bahlil kuat tidak mau di pecat.hrs di ganti mentri nya,0.0,0.9986899495124817,0
61,pak Prabowo knp sih masih di pertahankan menteri ini. Hadeuh,37,2025-10-09 07:00:19+00:00,pak prabowo knp sih masih di pertahankan menteri ini. hadeuh,pak prabowo kenapa ya masih di pertahankan menteri ini. hadeuh,0.0,0.9979740977287292,0
62,cara merusak kendaraan masyarakat beli baru rusak lagi beli lagi gitu aj trus,18,2025-10-09 03:25:02+00:00,cara merusak kendaraan masyarakat beli baru rusak lagi beli lagi gitu aj trus,cara merusak kendaraan masyarakat beli baru rusak lagi beli lagi gitu aj terus,0.0,0.9992750287055969,0
63,bukan bahlil itu mah jadinya bahlul😂😂,17,2025-10-10 05:32:42+00:00,bukan bahlil itu mah jadinya bahlul😂😂,bukan bahlil itu mah jadinya bahlul😂😂,0.0,0.9976907968521118,0
64,Mafia semua dalam pemerintah indonesia,18,2025-10-09 03:16:52+00:00,mafia semua dalam pemerintah indonesia,mafia semua dalam pemerintah indonesia,0.0,0.9993570446968079,0
65,cek vt om fitra eri soal bensin etanol biar kalian paham,227,2025-10-12 10:33:13+00:00,cek vt om fitra eri soal bensin etanol biar kalian paham,cek vt om fitra eri soal bensin etanol biar kalian paham,,0.9989961981773376,0
67,"pak presiden kapan ada rencana buat pecat ini orang, muak banget",2596,2025-10-10 09:22:02+00:00,pak presiden kapan ada rencana buat pecat ini orang  muak banget,pak presiden kapan ada rencana buat pecat ini orang muak banget,0.0,0.999505877494812,0
68,bahlil itu belajar nya drimna kok dibilang bgus👍😁,7,2025-10-10 14:17:25+00:00,bahlil itu belajar nya drimna kok dibilang bgus👍😁,bahlil itu belajar nya drimna kok dibilang bgus👍😁,1.0,0.847293496131897,1
70,bahlil sm bahlul apa sih perbedaannya?? serius nanya.,17,2025-10-12 02:31:32+00:00,bahlil sm bahlul apa sih perbedaannya?? serius nanya.,bahlil sama bahlul apa ya perbedaannya?? serius nanya.,0.0,0.9800530076026917,0
71,pecat bahlil🔥🔥🔥,11,2025-10-10 08:04:48+00:00,pecat bahlil🔥🔥,pecat bahlil🔥🔥,0.0,0.9980894923210144,0
72,"Setiap 1 kebijakan Bahlil, mempercepat Kiamat 1 Tahun.",355,2025-10-10 08:51:20+00:00,setiap 1 kebijakan bahlil  mempercepat kiamat 1 tahun.,setiap 1 kebijakan bahlil mempercepat kiamat 1 tahun.,,0.940827488899231,0
73,Bahlil jika 2026 bensin di campur dengan etanol kita seluruh Indonesia akan demo besar besaran,90,2025-10-16 11:45:53+00:00,bahlil jika 2026 bensin di campur dengan etanol kita seluruh indonesia akan demo besar besaran,bahlil jika 2026 bensin di campur dengan etanol kita seluruh indonesia akan demo besar besaran,0.0,0.9570463299751282,0
74,Jangan percaya sm omongan Bahlil😁😁😁,20,2025-10-10 06:47:10+00:00,jangan percaya sm omongan bahlil😁😁,jangan percaya sama omongan bahlil😁😁,0.0,0.9954220652580261,0
75,"katanya ngelamar kerja di Indonesia harus berpenampilan menarik,kok bahlil bisa jadi mentri?",107,2025-10-12 13:37:21+00:00,katanya ngelamar kerja di indonesia harus berpenampilan menarik kok bahlil bisa jadi mentri?,katanya ngelamar kerja di indonesia harus berpenampilan menarik kok bahlil bisa jadi mentri?,0.0,0.9830547571182251,0
76,menteri bikin gaduh aja ...ganti pak prabowo,33,2025-10-10 06:54:20+00:00,menteri bikin gaduh aja ..ganti pak prabowo,menteri bikin gaduh aja ..ganti pak prabowo,,0.9937266111373901,0
77,pak Presiden... saya kecewa dengan menteri bapak yang satu ini🥺,56,2025-10-10 07:17:46+00:00,pak presiden.. saya kecewa dengan menteri bapak yang satu ini🥺,pak presiden.. saya kecewa dengan menteri bapak yang satu ini🥺,0.0,0.999154806137085,0
78,yg tidak bagus mulut bahlil,22,2025-10-10 06:50:47+00:00,yg tidak bagus mulut bahlil,yang tidak bagus mulut bahlil,0.0,0.9993058443069458,0
79,"wowo wowo orang gini ko masih di pertahankan,
pecat segera bahlil 🔥🔥🔥🔥",13,2025-10-10 06:51:22+00:00,"wowo wowo orang gini ko masih di pertahankan 
pecat segera bahlil 🔥🔥",wowo wowo orang gini ko masih di pertahankan pecat segera bahlil 🔥🔥,0.0,0.999019980430603,0
81,sebutkan negara mana saja,10,2025-10-10 06:12:57+00:00,sebutkan negara mana saja,sebutkan negara mana saja,,0.9180713295936584,0
82,Sudah saatnya rakyat turun ke jalan!,7,2025-10-10 07:27:26+00:00,sudah saatnya rakyat turun ke jalan!,sudah saatnya rakyat turun ke jalan!,0.0,0.9922505021095276,0
83,PECAT BAHLIL,5,2025-10-10 14:22:53+00:00,pecat bahlil,pecat bahlil,0.0,0.9985353946685791,0
84,"itu siapa yg tepuk tangan?
terpaksa banget tepuk tangan kayaknya 😂",6,2025-10-12 12:39:49+00:00,"itu siapa yg tepuk tangan?
terpaksa banget tepuk tangan kayaknya 😂",itu siapa yang tepuk tangan? terpaksa banget tepuk tangan kayaknya 😂,0.0,0.9952793121337891,0
85,kpn Bahlil pake baju orange,5,2025-10-11 13:49:45+00:00,kpn bahlil pake baju orange,kpn bahlil pake baju orange,,0.998088538646698,0
86,ini adalah menteri yg sangat menyusahkan rakyat..,29,2025-10-11 01:08:02+00:00,ini adalah menteri yg sangat menyusahkan rakyat..,ini adalah menteri yang sangat menyusahkan rakyat..,0.0,0.9991052746772766,0
87,mafia migas. pertamax oplosan. wahh... wah... itulah bagian dari pertamina saat ini. kebongkar.,13,2025-10-10 04:46:49+00:00,mafia migas. pertamax oplosan. wahh.. wah.. itulah bagian dari pertamina saat ini. kebongkar.,mafia migas. pertamax oplosan. wahh.. wah.. itulah bagian dari pertamina saat ini. kebongkar.,0.0,0.9991426467895508,0
88,buktinya spbu swasta gak mau,5,2025-10-10 06:05:38+00:00,buktinya spbu swasta gak mau,buktinya spbu swasta tidak mau,0.0,0.9981154203414917,0
89,"Mentri,abal2 bikin resah masarakat aja😭😭😭",7,2025-10-10 12:42:54+00:00,mentri abal2 bikin resah masarakat aja😭😭,mentri abal2 bikin resah masarakat aja😭😭,0.0,0.9994169473648071,0
90,"❌️BAHLIL.
✅️BAHLUL🗿🗿🗿",7,2025-10-12 12:17:17+00:00,"❌️bahlil.
✅️bahlul🗿🗿",❌️bahlil. ✅️bahlul🗿🗿,1.0,0.9852965474128723,1
91,iya bener di negara lain udah pake etanol untuk bahan bakar kendaraannya. masalahnya mesin di negara lain lebih maju daripada mesin negara Kita.,7,2025-10-10 23:18:39+00:00,iya bener di negara lain udah pake etanol untuk bahan bakar kendaraannya. masalahnya mesin di negara lain lebih maju daripada mesin negara kita.,ya benar di negara lain sudah pake etanol untuk bahan bakar kendaraannya. masalahnya mesin di negara lain lebih maju daripada mesin negara kita.,0.0,0.9983032941818237,0
92,PA. elu lihat diluar negri kendaraan mesin mereka dihitung dn dirancang khusus buat ada etanol dan negara kita iklimnya juga beda dgn negara lain PA. Nah kita Indonesia BBM prtalet bensin jgn sampai ada etanol. Bahlil gk ktolong bgo'nya,5,2025-10-29 06:29:44+00:00,pa. elu lihat diluar negri kendaraan mesin mereka dihitung dn dirancang khusus buat ada etanol dan negara kita iklimnya juga beda dgn negara lain pa. nah kita indonesia bbm prtalet bensin jgn sampai ada etanol. bahlil gk ktolong bgo nya,pa. elu lihat diluar negri kendaraan mesin mereka dihitung dn dirancang khusus buat ada etanol dan negara kita iklimnya juga beda dengan negara lain pa. nah kita indonesia bbm prtalet bensin jangan sampai ada etanol. bahlil tidak ktolong bgo nya,0.0,0.9975628852844238,0
93,Bahlil b nya apa?,122,2025-10-09 03:52:42+00:00,bahlil b nya apa?,bahlil b nya apa?,0.0,0.9922879934310913,0
95,etanol untuk mesin,462,2025-10-12 10:17:50+00:00,etanol untuk mesin,etanol untuk mesin,,0.9954860806465149,0
96,Bahlil artinya apa,17,2025-10-09 04:01:34+00:00,bahlil artinya apa,bahlil artinya apa,1.0,0.9473835825920105,1
97,bahlil B nyah apa? 🗿,15,2025-10-09 13:12:09+00:00,bahlil b nyah apa? 🗿,bahlil b nyah apa? 🗿,0.0,0.8311949372291565,0
98,"Bahlil : etanol aman, saya tekankan lagi etanol aman. ( nada sir axelord) 🗿🗿",8,2025-10-09 04:21:34+00:00,bahlil   etanol aman  saya tekankan lagi etanol aman.   nada sir axelord  🗿🗿,bahlil etanol aman saya tekankan lagi etanol aman. nada sir axelord 🗿🗿,,0.8798683881759644,0
99,PAK PRABOWO TOLONG GANTI BAHLIL😩 apalah ini pertamina,8872,2025-10-09 03:58:03+00:00,pak prabowo tolong ganti bahlil  apalah ini pertamina,pak prabowo tolong ganti bahlil apalah ini pertamina,,0.9984795451164246,0
100,pecat Bahlil,46,2025-10-12 11:05:44+00:00,pecat bahlil,pecat bahlil,0.0,0.9985353946685791,0
101,bahlil B nya apa? 🤣🤣🤣,21,2025-10-09 03:42:39+00:00,bahlil b nya apa? 🤣🤣,bahlil b nya apa? 🤣🤣,,0.7372976541519165,0
102,"tujuannya apa? ya betul,duit yang masuk kantong pribadi biar makin tebel 🗿",16,2025-10-09 05:18:59+00:00,tujuannya apa? ya betul duit yang masuk kantong pribadi biar makin tebel 🗿,tujuannya apa? ya betul duit yang masuk kantong pribadi biar makin tebel 🗿,0.0,0.9922354817390442,0
103,reaksi Bahlil,2,2025-10-09 09:19:46+00:00,reaksi bahlil,reaksi bahlil,,0.9488826990127563,0
106,tampang kayak gitu kok bisa jadi menteri.terus apa yg bisa dibanggakan dari dia.😂👍,6,2025-10-12 02:02:18+00:00,tampang kayak gitu kok bisa jadi menteri.terus apa yg bisa dibanggakan dari dia.😂👍,tampang kayak gitu kok bisa jadi menteri.terus apa yang bisa dibanggakan dari dia.😂👍,1.0,0.897907555103302,1
107,"kocak spbu swasta aja ga mau beli, ga mau beli berarti ada sebabnya karena spbu swasta mempertahankan kepercayaan costumernya",4,2025-10-10 09:01:08+00:00,kocak spbu swasta aja ga mau beli  ga mau beli berarti ada sebabnya karena spbu swasta mempertahankan kepercayaan costumernya,kocak spbu swasta aja tidak mau beli tidak mau beli berarti ada sebabnya karena spbu swasta mempertahankan kepercayaan costumernya,0.0,0.9973921775817871,0
108,"syarat bekerja ""harus berpenampilan menarik"", si bahlil mukanya kaya gini ko bisa jadi menteri",6,2025-10-13 12:58:09+00:00,syarat bekerja  harus berpenampilan menarik   si bahlil mukanya kaya gini ko bisa jadi menteri,syarat bekerja harus berpenampilan menarik si bahlil mukanya kaya gini ko bisa jadi menteri,0.0,0.7852016687393188,0
109,bukan etanol yang gak bagus tapi bapak!!,33,2025-10-10 08:47:13+00:00,bukan etanol yang gak bagus tapi bapak!!,bukan etanol yang tidak bagus tapi bapak!!,0.0,0.9983358979225159,0
110,emg mesin kendaraanya udh support pake etanol? apalah org ini,5,2025-10-12 11:13:41+00:00,emg mesin kendaraanya udh support pake etanol? apalah org ini,emg mesin kendaraanya sudah support pake etanol? apalah org ini,0.0,0.9968628883361816,0
111,baru juga login 2tak bahlil anj....,13,2025-10-15 00:16:17+00:00,baru juga login 2tak bahlil anj..,baru juga login 2tak bahlil anj..,,0.9973898530006409,0
113,"demo aja, ganti niih mentri",26,2025-10-11 12:54:14+00:00,demo aja  ganti niih mentri,demo aja ganti niih mentri,0.0,0.9994134902954102,0
114,yok demo part2 yok,15,2025-10-14 09:08:24+00:00,yok demo part2 yok,yok demo part2 yok,,0.7547031044960022,0
115,kira2 cocok gak di nepalkan???,7,2025-10-13 01:25:02+00:00,kira2 cocok gak di nepalkan??,kira2 cocok tidak di nepalkan??,0.0,0.9857704639434814,0
116,ga bagus untuk motor tua dan motor 2 tak,5,2025-10-21 13:22:51+00:00,ga bagus untuk motor tua dan motor 2 tak,tidak bagus untuk motor tua dan motor 2 tak,0.0,0.9986560344696045,0
117,heran emng di Indonesia GK Da orang yg bnr pa smpai Mentri Kya gini di pake aja,7,2025-10-11 11:20:17+00:00,heran emng di indonesia gk da orang yg bnr pa smpai mentri kya gini di pake aja,heran emng di indonesia tidak da orang yang benar pa smpai mentri kya gini di pake aja,0.0,0.9992521405220032,0
118,Brody ngapain pidato turun turun turun,8,2025-10-11 08:52:00+00:00,brody ngapain pidato turun turun turun,brody ngapain pidato turun turun turun,0.0,0.9736629724502563,0
119,"negara lain jual bensin pake etanol bisa untung,,klw di Konoha rugi trs",6,2025-10-10 11:58:50+00:00,negara lain jual bensin pake etanol bisa untung  klw di konoha rugi trs,negara lain jual bensin pake etanol bisa untung klw di konoha rugi terus,0.0,0.8642051815986633,0
120,kapan ini orang di pecat,7,2025-10-10 11:32:27+00:00,kapan ini orang di pecat,kapan ini orang di pecat,0.0,0.9989925026893616,0
121,cangkemu Lil Bahlil,2,2025-11-10 04:29:48+00:00,cangkemu lil bahlil,cangkemu lil bahlil,0.0,0.9519981741905212,0
122,Bahlil itu binatang apa ya,5,2025-10-17 11:36:32+00:00,bahlil itu binatang apa ya,bahlil itu binatang apa ya,0.0,0.9984264373779297,0
123,gw lebih percaya statement bang fitra eri dari pada orang ini.,2,2025-10-22 00:58:41+00:00,gw lebih percaya statement bang fitra eri dari pada orang ini.,saya lebih percaya statement bang fitra eri dari pada orang ini.,1.0,0.9693799614906311,1
124,etanol bukankah alkohol itukan merusak,6,2025-10-10 10:12:51+00:00,etanol bukankah alkohol itukan merusak,etanol bukankah alkohol itukan merusak,0.0,0.9978912472724915,0
125,BAHLIL ANJ,2,2025-10-29 08:52:25+00:00,bahlil anj,bahlil anjing,0.0,0.9984697699546814,0
126,tiap bahlil ngomong kiamat maju 1 jam,15524,2025-10-10 09:43:39+00:00,tiap bahlil ngomong kiamat maju 1 jam,tiap bahlil ngomong kiamat maju 1 jam,0.0,0.709955096244812,0
127,"bahlil auranya gelap banget, banyak banget kayanya dosanya",68,2025-10-12 17:16:41+00:00,bahlil auranya gelap banget  banyak banget kayanya dosanya,bahlil auranya gelap banget banyak banget kayanya dosanya,0.0,0.9993405938148499,0
128,buktinya Shell dan Vivo gak mau beli.,5368,2025-10-10 04:08:48+00:00,buktinya shell dan vivo gak mau beli.,buktinya shell dan vivo tidak mau beli.,0.0,0.9986751675605774,0
129,Sejak kapan lu jadi ahli kimia iteemmmmmm🤣🤣🤣🤣,1478,2025-10-12 11:27:10+00:00,sejak kapan lu jadi ahli kimia iteemm🤣🤣,sejak kapan kamu jadi ahli kimia iteemm🤣🤣,0.0,0.840465247631073,0
130,pecat menti satu ini.. muak liatnya..,5493,2025-10-10 04:40:35+00:00,pecat menti satu ini.. muak liatnya..,pecat menti satu ini.. muak liatnya..,0.0,0.9994646906852722,0
131,Bahlil waktu kecil biru,356,2025-10-10 13:44:35+00:00,bahlil waktu kecil biru,bahlil waktu kecil biru,,0.9962325692176819,0
132,"GOLKAR SALAH PILIH KETUM PARTAI...
DAN BPK.PRESIDEN PRABOWO KELIRU PILIH MENTRI...
MASIH BANYAK TENAGA AHLI YG PAHAM BIDANG INI PENGGANTI BAHLIL...",84,2025-10-10 11:02:19+00:00,"golkar salah pilih ketum partai..
dan bpk.presiden prabowo keliru pilih mentri..
masih banyak tenaga ahli yg paham bidang ini pengganti bahlil..",golkar salah pilih ketum partai.. dan bpk.presiden prabowo keliru pilih mentri.. masih banyak tenaga ahli yang paham bidang ini pengganti bahlil..,0.0,0.9532158970832825,0
133,klu saya lebih percaya dg shell dan vivo...tdk percaya dg bahlul,2,2025-10-10 09:29:10+00:00,klu saya lebih percaya dg shell dan vivo..tdk percaya dg bahlul,klu saya lebih percaya dg shell dan vivo..tdk percaya dg bahlul,0.0,0.887193500995636,0
134,kok Bahlil mirip cutpakay ya,95,2025-10-10 08:09:29+00:00,kok bahlil mirip cutpakay ya,kok bahlil mirip cutpakay ya,0.0,0.8232622742652893,0
135,katanya mafia migas sudah ditangkap tapi koq nggak ada pengaruh terhadap harga BBM ?,14,2025-10-10 03:36:16+00:00,katanya mafia migas sudah ditangkap tapi koq nggak ada pengaruh terhadap harga bbm ?,katanya mafia migas sudah ditangkap tapi koq tidak ada pengaruh terhadap harga bbm ?,0.0,0.9539082646369934,0
136,masalahnya ide2 Bahlil itu selalu tidak bagus,5,2025-10-10 14:08:58+00:00,masalahnya ide2 bahlil itu selalu tidak bagus,masalahnya ide2 bahlil itu selalu tidak bagus,0.0,0.9948809146881104,0
137,gelisah bngt lihat mukanya,11,2025-10-09 04:41:04+00:00,gelisah bngt lihat mukanya,gelisah bngt lihat mukanya,0.0,0.9135996699333191,0
138,selama ngisi ke pertamina mobil gua jadi brebet jirr dahal pas ngisi shell ga brebet,19,2025-10-09 08:55:11+00:00,selama ngisi ke pertamina mobil gua jadi brebet jirr dahal pas ngisi shell ga brebet,selama ngisi ke pertamina mobil gua jadi brebet jirr dahal pas ngisi shell tidak brebet,,0.9270226955413818,0
139,bahlil waktu kecil,5,2025-10-14 11:41:42+00:00,bahlil waktu kecil,bahlil waktu kecil,,0.954986572265625,0
140,🤣 bisa bisa nya dia jadi mentri...,31,2025-10-09 02:19:14+00:00,🤣 bisa bisa nya dia jadi mentri..,🤣 bisa bisa nya dia jadi mentri..,,0.9539228677749634,0
141,nooo my motor cekel 😹,5,2025-10-09 03:44:04+00:00,noo my motor cekel 😹,noo my motor cekel 😹,,0.8871647715568542,0
142,peyebab motor gua gk ada tenaga + brebet 🗿,11,2025-10-09 04:52:11+00:00,peyebab motor gua gk ada tenaga   brebet 🗿,peyebab motor gua tidak ada tenaga brebet 🗿,0.0,0.98637855052948,0
144,dari matanya saat menjelaskan PENUH KEBAHLULAN...,6,2025-10-09 04:41:17+00:00,dari matanya saat menjelaskan penuh kebahlulan..,dari matanya saat menjelaskan penuh kebahlulan..,0.0,0.9994462132453918,0
145,"maksud Mr, Bahlil, agar kendaraan motor cepat rusak dan tidak jalan lagi,, nah terjadilah ramah lingkungan,,, Bahlil,,,Bahlil,,,pinter amat",6,2025-10-09 02:27:26+00:00,maksud mr  bahlil  agar kendaraan motor cepat rusak dan tidak jalan lagi   nah terjadilah ramah lingkungan   bahlil  bahlil  pinter amat,maksud mr bahlil agar kendaraan motor cepat rusak dan tidak jalan lagi nah terjadilah ramah lingkungan bahlil bahlil pinter amat,1.0,0.9573162198066711,1
146,saking pinternya ke blinger😏,10,2025-10-09 05:00:25+00:00,saking pinternya ke blinger😏,saking pinternya ke blinger😏,1.0,0.9805004596710205,1
147,"kok bisa ya ada pemerintah kayak gini,katanya kalok mau melamar kerja harus good lucking 🤣🤣",6,2025-10-09 03:25:22+00:00,kok bisa ya ada pemerintah kayak gini katanya kalok mau melamar kerja harus good lucking 🤣🤣,kok bisa ya ada pemerintah kayak gini katanya kalok mau melamar kerja harus good lucking 🤣🤣,0.0,0.9764077663421631,0
148,pantesan tangki motor gw karatan anj anj,7,2025-10-09 03:52:31+00:00,pantesan tangki motor gw karatan anj anj,pantesan tangki motor saya karatan anjing anjing,0.0,0.9974374771118164,0
149,black² ada² aja,12,2025-10-09 04:34:25+00:00,black  ada  aja,black ada aja,0.0,0.998097836971283,0
150,bang semangat terus 🤣,6,2025-10-09 03:41:10+00:00,bang semangat terus 🤣,bang semangat terus 🤣,1.0,0.9991831183433533,1
151,Belajar di sekolah mana nih beliau. Kimia nya nilai BRP yaaa... masih mikir gw,17,2025-10-09 13:04:06+00:00,belajar di sekolah mana nih beliau. kimia nya nilai brp yaa.. masih mikir gw,belajar di sekolah mana nih beliau. kimia nya nilai brp yaa.. masih mikir saya,0.0,0.9879122376441956,0
152,Kok mirip ky cerita Allinol di film Cars ya,40,2025-10-09 03:10:28+00:00,kok mirip ky cerita allinol di film cars ya,kok mirip ky cerita allinol di film cars ya,0.0,0.9283748865127563,0
153,gimana kalo bayar saat beli besinnya dicampur sama daun😂,9,2025-10-09 04:49:41+00:00,gimana kalo bayar saat beli besinnya dicampur sama daun😂,gimana kalau bayar saat beli besinnya dicampur sama daun😂,0.0,0.9974390268325806,0
154,"Ini mah arah nya supaya masyarakat pake kendaraan listrik, hadeh gini amat tinggal di negara bobrok 😭",37,2025-10-09 02:30:23+00:00,ini mah arah nya supaya masyarakat pake kendaraan listrik  hadeh gini amat tinggal di negara bobrok 😭,ini mah arah nya supaya masyarakat pake kendaraan listrik hadeh gini amat tinggal di negara bobrok 😭,0.0,0.9970269799232483,0
155,cap tikus aja 40% sampai 70% 🤣🤣,5,2025-10-09 04:00:09+00:00,cap tikus aja 40  sampai 70  🤣🤣,cap tikus aja 40 sampai 70 🤣🤣,0.0,0.9991457462310791,0
157,apa negara ini kekurangan ilmuan ya ilmuan yg cerdas dan jujur,24,2025-10-12 01:51:43+00:00,apa negara ini kekurangan ilmuan ya ilmuan yg cerdas dan jujur,apa negara ini kekurangan ilmuan ya ilmuan yang cerdas dan jujur,0.0,0.9917097687721252,0
158,knpa dulu premium bagus Gati pertalit sekarang di ubah lagi mesin cepat rusak malah 😏,5,2025-10-10 09:07:09+00:00,knpa dulu premium bagus gati pertalit sekarang di ubah lagi mesin cepat rusak malah 😏,knpa dulu premium bagus gati pertalit sekarang di ubah lagi mesin cepat rusak malah 😏,0.0,0.9991986155509949,0
159,kalok bagus.knpa spbu suasta ttup lilllll.,10,2025-10-10 06:37:18+00:00,kalok bagus.knpa spbu suasta ttup lill.,kalok bagus.knpa spbu suasta ttup lill.,1.0,0.9685071110725403,1
160,Kalau bagus gak perlu paksa2 deh..,8,2025-10-10 06:12:44+00:00,kalau bagus gak perlu paksa2 deh..,kalau bagus tidak perlu paksa2 deh..,1.0,0.9879798889160156,1
162,si bahlil🗿,21,2025-10-11 09:29:39+00:00,si bahlil🗿,si bahlil🗿,1.0,0.9290878772735596,1
163,"negara-negara lain rata"" mesinya sudah upgrade ke yg terbaru, mau pun kendaraan di kampung apalagi di kota rata rata, klo Indonesia rata rata pengunaan mesin blum upgrade ke yg terbaru apa lagi yg di kampung² makanya warga indo masih banyak yg menolak🔥",49,2025-10-17 07:23:50+00:00,negara negara lain rata  mesinya sudah upgrade ke yg terbaru  mau pun kendaraan di kampung apalagi di kota rata rata  klo indonesia rata rata pengunaan mesin blum upgrade ke yg terbaru apa lagi yg di kampung  makanya warga indo masih banyak yg menolak🔥,negara negara lain rata mesinya sudah upgrade ke yang terbaru mau pun kendaraan di kampung apalagi di kota rata rata kalau indonesia rata rata pengunaan mesin blum upgrade ke yang terbaru apa lagi yang di kampung makanya warga indo masih banyak yang menolak🔥,0.0,0.998381495475769,0
164,ini mentri lulusan SD kah,62,2025-10-11 01:13:56+00:00,ini mentri lulusan sd kah,ini mentri lulusan sd kah,0.0,0.8910711407661438,0
165,"Suruh debat 1v1 dengan Fitra Eri mengenai isu bbm etanol, wani po ra kon bahlil? 🙏",103,2025-10-10 12:33:56+00:00,suruh debat 1v1 dengan fitra eri mengenai isu bbm etanol  wani po ra kon bahlil? 🙏,suruh debat 1v1 dengan fitra eri mengenai isu bbm etanol wani po ra kon bahlil? 🙏,,0.9988070726394653,0
166,suruh mobil dia aja isi sendiri,7,2025-10-10 07:38:54+00:00,suruh mobil dia aja isi sendiri,suruh mobil dia aja isi sendiri,0.0,0.9968982934951782,0
167,pecat aja ini orang.,8,2025-10-10 23:53:05+00:00,pecat aja ini orang.,pecat aja ini orang.,0.0,0.9994373917579651,0
168,"negara bagus,maju gak punya nama Bahlil",18,2025-10-11 02:17:33+00:00,negara bagus maju gak punya nama bahlil,negara bagus maju tidak punya nama bahlil,0.0,0.9971177577972412,0
169,TUNJUKAN AAKU NEGARA YG PAKAI ETANOL BESERRTA BUKTI DAN DATANYA YG VALID,8,2025-10-10 13:24:16+00:00,tunjukan aaku negara yg pakai etanol beserrta bukti dan datanya yg valid,tunjukan aaku negara yang pakai etanol beserrta bukti dan datanya yang valid,,0.9889830946922302,0
170,menteri tolol,5,2025-10-11 01:32:54+00:00,menteri tolol,menteri tolol,0.0,0.9831514358520508,0
171,negara mana yg pakai Bahlil,34,2025-10-10 12:52:33+00:00,negara mana yg pakai bahlil,negara mana yang pakai bahlil,,0.9466588497161865,0
172,bahlil muka nya lucu imut2😅,2,2025-10-09 13:29:02+00:00,bahlil muka nya lucu imut2😅,bahlil muka nya lucu imut2😅,1.0,0.9982345104217529,1
173,perusak mesin di pemerintahan,7,2025-10-09 02:47:44+00:00,perusak mesin di pemerintahan,perusak mesin di pemerintahan,0.0,0.9933537244796753,0
174,berarti cuma di indo aja ya yg campur etanol 😁😁😁,12,2025-10-09 07:10:07+00:00,berarti cuma di indo aja ya yg campur etanol 😁😁,berarti cuma di indo aja ya yang campur etanol 😁😁,0.0,0.8892620205879211,0
175,"kek nya dia, terinspirasi dengan film cars3",9,2025-10-09 05:37:23+00:00,kek nya dia  terinspirasi dengan film cars3,kek nya dia terinspirasi dengan film cars3,,0.8947858810424805,0
176,allinol💀,7,2025-10-09 04:16:01+00:00,allinol,allinol,0.0,0.9971485733985901,0
177,"setau saya dia lagi diincer presiden, g lama diganti",11,2025-10-09 02:24:31+00:00,setau saya dia lagi diincer presiden  g lama diganti,setau saya dia lagi diincer presiden g lama diganti,0.0,0.8693684339523315,0
178,"gua kangen nungguin kata2 di akhirr luu bang,, 🤣🤣🤣",5,2025-10-09 01:52:42+00:00,gua kangen nungguin kata2 di akhirr luu bang   🤣🤣,gua kangen nungguin kata2 di akhirr luu bang 🤣🤣,1.0,0.9966346621513367,1
179,d kira motor kita buat balap kali😂,7,2025-10-09 04:45:48+00:00,d kira motor kita buat balap kali😂,d kira motor kita buat balap kali😂,,0.9882735013961792,0
180,kok biss ya orang kek gini di pertahanin sedangkan mentri yang laen aja pada di ganti,8,2025-10-09 03:09:12+00:00,kok biss ya orang kek gini di pertahanin sedangkan mentri yang laen aja pada di ganti,kok biss ya orang kek gini di pertahanin sedangkan mentri yang laen aja pada di ganti,0.0,0.998903751373291,0
181,Makin hari ini mentri makin meresahkan,7,2025-10-09 02:57:39+00:00,makin hari ini mentri makin meresahkan,makin hari ini mentri makin meresahkan,0.0,0.9978901743888855,0
182,bukan biar gak banyak impor tapi biar korupsinya banyak,7,2025-10-09 02:40:26+00:00,bukan biar gak banyak impor tapi biar korupsinya banyak,bukan biar tidak banyak impor tapi biar korupsinya banyak,0.0,0.9988399147987366,0
183,Bahlil b nya apa,7,2025-10-10 06:43:03+00:00,bahlil b nya apa,bahlil b nya apa,,0.844081461429596,0
185,"selisih 0,5% aja swasta lebih milih out, ini 20% aja dibilang gapapa🗿",10,2025-10-09 02:27:18+00:00,selisih 0 5  aja swasta lebih milih out  ini 20  aja dibilang gapapa🗿,selisih 0 5 aja swasta lebih milih out ini 20 aja dibilang gapapa🗿,0.0,0.9930155277252197,0
186,org sebanyak itu gaada yg interupsi 🤔,6,2025-10-09 03:22:16+00:00,org sebanyak itu gaada yg interupsi,org sebanyak itu gaada yang interupsi,,0.9910035133361816,0
187,kali ini gua dukung lu ngab 🥰🥰,6,2025-10-09 03:09:51+00:00,kali ini gua dukung lu ngab 🥰🥰,kali ini gua dukung kamu ngab 🥰🥰,1.0,0.9855871200561523,1
188,biar cepet rusak kendaran akhirnya pindah ke motor listrik,5,2025-10-09 05:52:50+00:00,biar cepet rusak kendaran akhirnya pindah ke motor listrik,biar cepet rusak kendaran akhirnya pindah ke motor listrik,,0.9873049855232239,0
189,negara sebesar Indonesia gabisa nyuplai bensin sendiri kah? masa harus impor mulu,6,2025-10-09 03:58:26+00:00,negara sebesar indonesia gabisa nyuplai bensin sendiri kah? masa harus impor mulu,negara sebesar indonesia gabisa nyuplai bensin sendiri kah? masa harus impor mulu,0.0,0.9985322952270508,0
190,knp Mentri Indonesia ga ada yg bisa di banggakan kecuali Mentri pertanian,5,2025-10-09 03:20:56+00:00,knp mentri indonesia ga ada yg bisa di banggakan kecuali mentri pertanian,kenapa mentri indonesia tidak ada yang bisa di banggakan kecuali mentri pertanian,0.0,0.993480920791626,0
191,mukanya Bahlil Mirip Si profesor Di film Cars 2 Yg di itali,13,2025-10-13 14:09:50+00:00,mukanya bahlil mirip si profesor di film cars 2 yg di itali,mukanya bahlil mirip si profesor di film cars 2 yang di itali,0.0,0.9660738706588745,0
192,bjir ni orang sakti bener gk kena reshuffle,5,2025-10-09 03:01:13+00:00,bjir ni orang sakti bener gk kena reshuffle,bjir ni orang sakti benar tidak kena reshuffle,0.0,0.9315922260284424,0
194,keparat emang sibahlil,1,2025-11-01 05:04:15+00:00,keparat emang sibahlil,keparat emang sibahlil,0.0,0.999521017074585,0
195,tujuannya bikin rusak kendaraan rakyat,1,2025-11-14 15:54:41+00:00,tujuannya bikin rusak kendaraan rakyat,tujuannya bikin rusak kendaraan rakyat,0.0,0.9972311854362488,0
196,muka Bahlil kek narapidana bngt😂🗿,3,2025-10-12 04:01:25+00:00,muka bahlil kek narapidana bngt😂🗿,muka bahlil kek narapidana bngt😂🗿,0.0,0.98604416847229,0
197,pantesan sering cepet abis bensin nya,88,2025-10-10 05:46:04+00:00,pantesan sering cepet abis bensin nya,pantesan sering cepet abis bensin nya,0.0,0.9990942478179932,0
198,negara mna yg bilng bagus ethanol bagus?,545,2025-10-10 05:48:07+00:00,negara mna yg bilng bagus ethanol bagus?,negara mna yang bilng bagus ethanol bagus?,1.0,0.9911625385284424,1
199,BBM oplosan bener donk..??😳 harga nya lebih mahal dr pada BBM murni..??? gmna perhitungan nya 😏,5,2025-10-10 08:07:17+00:00,bbm oplosan bener donk..??  harga nya lebih mahal dr pada bbm murni..?? gmna perhitungan nya 😏,bbm oplosan benar donk..?? harga nya lebih mahal dari pada bbm murni..?? gimana perhitungan nya 😏,0.0,0.9991235136985779,0
201,GANDENG HIDEUNG,35,2025-10-10 12:31:19+00:00,gandeng hideung,gandeng hideung,,0.8611888289451599,0
202,Bahlil pakai etanol tidak ya,14,2025-10-10 08:46:49+00:00,bahlil pakai etanol tidak ya,bahlil pakai etanol tidak ya,,0.9444833397865295,0
203,bahlil di mikroskop 🕳,147,2025-10-11 11:07:36+00:00,bahlil di mikroskop,bahlil di mikroskop,,0.9979249238967896,0
204,"bahlil sebutkan dinegara mana yg menggunakan etanol yg sampai 10 persen di BBM nya !!!
TULIS BESAR BESAR !!!",41,2025-10-11 00:51:03+00:00,"bahlil sebutkan dinegara mana yg menggunakan etanol yg sampai 10 persen di bbm nya !!
tulis besar besar !!",bahlil sebutkan dinegara mana yang menggunakan etanol yang sampai 10 persen di bbm nya !! tulis besar besar !!,0.0,0.9949979782104492,0
206,bahlil di mikroskop..,26,2025-10-11 20:31:26+00:00,bahlil di mikroskop..,bahlil di mikroskop..,,0.9973583817481995,0
207,"intinya napa harus dicampur dengan Etanol,,,toh kita masyarakat tanpa dicampur juga kita beli,,,ngapain ngebet Bahlil mesti dicampur dg Etanol",8,2025-10-10 09:05:35+00:00,intinya napa harus dicampur dengan etanol  toh kita masyarakat tanpa dicampur juga kita beli  ngapain ngebet bahlil mesti dicampur dg etanol,intinya napa harus dicampur dengan etanol toh kita masyarakat tanpa dicampur juga kita beli ngapain ngebet bahlil mesti dicampur dg etanol,0.0,0.9930201172828674,0
208,yang ngk bgus yg ngomong,5,2025-10-10 23:47:52+00:00,yang ngk bgus yg ngomong,yang ngk bagus yang ngomong,1.0,0.9965373277664185,1
209,org gini ko bisa JD mentri😭😭😭,10,2025-10-10 13:21:33+00:00,org gini ko bisa jd mentri😭😭,org gini ko bisa jd mentri😭😭,,0.9705952405929565,0
210,sesuai kan dengan mesin bos Bahlil,6,2025-10-11 12:43:58+00:00,sesuai kan dengan mesin bos bahlil,sesuai kan dengan mesin bos bahlil,,0.9945679903030396,0
211,negara yg pake etanol kan iklimnya udah beda,11,2025-10-11 02:23:18+00:00,negara yg pake etanol kan iklimnya udah beda,negara yang pake etanol kan iklimnya sudah beda,,0.7772220373153687,0
212,Cocok tidak ethanol 10 % itu dengan kondisi kendaraan di Indonesia? Apakah sama kondisi kendaraan di negara lain dengan kendaraan di Indonesia?,36,2025-10-10 06:29:36+00:00,cocok tidak ethanol 10   itu dengan kondisi kendaraan di indonesia? apakah sama kondisi kendaraan di negara lain dengan kendaraan di indonesia?,cocok tidak ethanol 10 itu dengan kondisi kendaraan di indonesia? apakah sama kondisi kendaraan di negara lain dengan kendaraan di indonesia?,0.0,0.9971365928649902,0
213,coba negara mana yg pake etanol,172,2025-10-17 02:26:50+00:00,coba negara mana yg pake etanol,coba negara mana yang pake etanol,,0.6521049737930298,0
216,Ini yg terjadi klo menteri dipilih ga sesuai keahlian 🗿,3,2025-10-09 19:49:51+00:00,ini yg terjadi klo menteri dipilih ga sesuai keahlian 🗿,ini yang terjadi kalau menteri dipilih tidak sesuai keahlian 🗿,0.0,0.989425539970398,0
217,iya bagus kok,8,2025-10-10 14:03:08+00:00,iya bagus kok,ya bagus kok,1.0,0.9565372467041016,1
218,negara mana yang kau bilang pake etanol,32,2025-10-11 01:53:00+00:00,negara mana yang kau bilang pake etanol,negara mana yang kau bilang pake etanol,0.0,0.9152976870536804,0
219,etanol memang ngk bagus pak🤭🤭,5,2025-10-13 00:03:33+00:00,etanol memang ngk bagus pak🤭🤭,etanol memang ngk bagus pak🤭🤭,1.0,0.9993176460266113,1
220,Bahlil B nya apa?,19,2025-10-14 11:35:14+00:00,bahlil b nya apa?,bahlil b nya apa?,0.0,0.9922879934310913,0
221,"apa itu etanol,dan bagaimana reaksinya",13,2025-10-10 05:32:46+00:00,apa itu etanol dan bagaimana reaksinya,apa itu etanol dan bagaimana reaksinya,,0.8943327069282532,0
222,org g mau kok dipaksa,4,2025-10-10 11:57:59+00:00,org g mau kok dipaksa,org g mau kok dipaksa,0.0,0.9992272853851318,0
223,MERUSAK MESIN 2 TAK,4,2025-10-17 13:21:48+00:00,merusak mesin 2 tak,merusak mesin 2 tak,0.0,0.9987862706184387,0
224,hobinya ngebandingin negara lain dh,4,2025-10-17 09:55:46+00:00,hobinya ngebandingin negara lain dh,hobinya ngebandingin negara lain dh,0.0,0.9990826845169067,0
225,buktinya motor' brebet' berjamaah😭,2,2025-11-09 16:26:24+00:00,buktinya motor  brebet  berjamaah😭,buktinya motor brebet berjamaah😭,,0.7849873304367065,0
230,"ada apa dibalik etanol ini pak, mengapa terlalu memaksakan... rakyat faham pak yg ada di otak anda🤣🤣🤣",3,2025-10-29 16:45:31+00:00,ada apa dibalik etanol ini pak  mengapa terlalu memaksakan.. rakyat faham pak yg ada di otak anda🤣🤣,ada apa dibalik etanol ini pak mengapa terlalu memaksakan.. rakyat faham pak yang ada di otak anda🤣🤣,0.0,0.9969402551651001,0
231,"pecat menteri ini,selalu bikin gaduh masyarakat",3,2025-10-10 12:43:30+00:00,pecat menteri ini selalu bikin gaduh masyarakat,pecat menteri ini selalu bikin gaduh masyarakat,0.0,0.9979581832885742,0
232,negara mana tuh pak?😂😂😂,3,2025-10-10 15:30:00+00:00,negara mana tuh pak?😂😂,negara mana tuh pak?😂😂,0.0,0.9976946711540222,0
233,"negara lain tu negara mana, coba sebutin",3,2025-10-12 20:13:23+00:00,negara lain tu negara mana  coba sebutin,negara lain tu negara mana coba sebutin,0.0,0.8367262482643127,0
234,woy montor gw rusak bahlil,3,2025-10-29 08:05:17+00:00,woy montor gw rusak bahlil,woy montor saya rusak bahlil,0.0,0.9977138042449951,0
235,gara-gara ente banyak motor mogok anj,3,2025-10-29 10:45:07+00:00,gara gara ente banyak motor mogok anj,gara gara ente banyak motor mogok anjing,0.0,0.9981365203857422,0
236,gandeng maneh Bahlil,3,2025-10-15 11:57:50+00:00,gandeng maneh bahlil,gandeng maneh bahlil,0.0,0.8826712369918823,0
237,ganti Bahlil jadi bahlul,3,2025-10-11 11:56:25+00:00,ganti bahlil jadi bahlul,ganti bahlil jadi bahlul,0.0,0.9404550790786743,0
238,Etanol bagus yang tidak bagus itu bahlul,3,2025-10-12 23:35:35+00:00,etanol bagus yang tidak bagus itu bahlul,etanol bagus yang tidak bagus itu bahlul,0.0,0.9988237023353577,0
239,cb sebutkan negara mana aja,3,2025-10-10 10:44:45+00:00,cb sebutkan negara mana aja,cb sebutkan negara mana aja,,0.8665082454681396,0
240,"bagus menurut prusahaan kendaraan,rusak beli lagi rusak beli lagi",4,2025-10-10 09:26:45+00:00,bagus menurut prusahaan kendaraan rusak beli lagi rusak beli lagi,bagus menurut prusahaan kendaraan rusak beli lagi rusak beli lagi,0.0,0.969664454460144,0
241,tolong suruh dia baca ini dulu lah,4,2025-10-13 12:58:15+00:00,tolong suruh dia baca ini dulu lah,tolong suruh dia baca ini dulu lah,,0.9866558313369751,0
242,Bahlil b nyaa ap😁,2,2025-10-15 14:05:51+00:00,bahlil b nyaa ap😁,bahlil b nyaa ap😁,1.0,0.9614373445510864,1
243,biar untung bnyak mksutnya,3,2025-10-09 20:00:22+00:00,biar untung bnyak mksutnya,biar untung bnyak mksutnya,1.0,0.9965723752975464,1
244,harus ada yg silaturahmi ke tempatnya biar bahlul sadar,3,2025-10-28 15:20:07+00:00,harus ada yg silaturahmi ke tempatnya biar bahlul sadar,harus ada yang silaturahmi ke tempatnya biar bahlul sadar,,0.8696622252464294,0
245,kokk gblokkk ngno seee bahlil iku😭😭 kok pejabat2 gak mikir blass😭,3,2025-10-28 11:26:24+00:00,kokk gblokk ngno see bahlil iku😭😭 kok pejabat2 gak mikir blass😭,kokk gblokk ngno see bahlil iku😭😭 kok pejabat2 tidak mikir blass😭,0.0,0.9980610013008118,0
246,sdm rendah indo tuh 🤣,3,2025-10-11 13:11:42+00:00,sdm rendah indo tuh 🤣,sdm rendah indo tuh 🤣,0.0,0.9993190765380859,0
247,ehh bangsat motor gw turun mesin nanti ajgg,3,2025-10-10 04:21:30+00:00,ehh bangsat motor gw turun mesin nanti ajgg,ehh bangsat motor saya turun mesin nanti ajgg,0.0,0.999225378036499,0
248,saham kang bengkel📈,3,2025-10-09 21:51:00+00:00,saham kang bengkel,saham kang bengkel,,0.8919936418533325,0
249,"Bahlil ❎
Bahlul ✅",4,2025-10-15 10:59:35+00:00,"bahlil ❎
bahlul ✅",bahlil ❎ bahlul ✅,,0.9742088913917542,0
250,lu pada ngk mau demo lagi kah? 🤣,4,2025-10-10 02:40:48+00:00,lu pada ngk mau demo lagi kah? 🤣,kamu pada ngk mau demo lagi kah? 🤣,0.0,0.9961129426956177,0
251,"pemerintah gada yg pinter,kalo pinter pasti tau kalo tugasnya berat,berarti gausah berharap pejabat itu pinter",4,2025-10-09 08:04:41+00:00,pemerintah gada yg pinter kalo pinter pasti tau kalo tugasnya berat berarti gausah berharap pejabat itu pinter,pemerintah gada yang pinter kalau pinter pasti tau kalau tugasnya berat berarti gausah berharap pejabat itu pinter,0.0,0.8903457522392273,0
252,Lil kami bayar pajak kendaraan pingin nyaman kendaraan nya..Mala di kasih Kw 1,4,2025-10-09 14:00:58+00:00,lil kami bayar pajak kendaraan pingin nyaman kendaraan nya..mala di kasih kw 1,lil kami bayar pajak kendaraan pingin nyaman kendaraan nya..mala di kasih kw 1,1.0,0.9276548027992249,1
253,pantesan motor gua gak ada tenaga akhir2 ini,2,2025-10-09 04:56:21+00:00,pantesan motor gua gak ada tenaga akhir2 ini,pantesan motor gua tidak ada tenaga akhir2 ini,0.0,0.9992271661758423,0
254,Bahlil b nya apa?,3,2025-10-15 08:10:25+00:00,bahlil b nya apa?,bahlil b nya apa?,0.0,0.9922879934310913,0
255,"Bahlil kudu di demo nih harus di pecat abis nih orang dari kabinet,, bikin resah terus nih orang",3,2025-10-09 14:04:35+00:00,bahlil kudu di demo nih harus di pecat abis nih orang dari kabinet   bikin resah terus nih orang,bahlil kudu di demo nih harus di pecat abis nih orang dari kabinet bikin resah terus nih orang,0.0,0.9973586201667786,0
256,SETUJU?!,2,2025-10-12 03:02:46+00:00,setuju?!,setuju?!,1.0,0.8719375133514404,1
257,rusak dah motor gw ini🗿,2,2025-10-14 13:01:10+00:00,rusak dah motor gw ini🗿,rusak dah motor saya ini🗿,0.0,0.9992129802703857,0
258,emang kalo orang salah setiap ngomong pasti salahhhh,2,2025-10-25 00:23:24+00:00,emang kalo orang salah setiap ngomong pasti salahh,emang kalau orang salah setiap ngomong pasti salahh,0.0,0.9991372227668762,0
259,"pak Prabowo tolong lah rakyatmu sudah banyak motor mogok gara2 pertalite ini, Surabaya banyak motor brebet pakk",2,2025-10-28 16:30:46+00:00,pak prabowo tolong lah rakyatmu sudah banyak motor mogok gara2 pertalite ini  surabaya banyak motor brebet pakk,pak prabowo tolong lah rakyatmu sudah banyak motor mogok gara2 pertalite ini surabaya banyak motor brebet pakk,0.0,0.9980037808418274,0
260,"dli nyogok ya sekolahnya , heran gua , aku cinta INDONESIA , TP tidak dngan pejabatnya",2,2025-10-18 13:07:08+00:00,dli nyogok ya sekolahnya   heran gua   aku cinta indonesia   tp tidak dngan pejabatnya,dli nyogok ya sekolahnya heran gua saya cinta indonesia tapi tidak dngan pejabatnya,0.0,0.9987807869911194,0
261,"gw pngn tau isi otak nya apaan si ya Allah 😭😭😭, dia klo bikin steatmen bikin naik tensi",2,2025-10-12 01:48:13+00:00,gw pngn tau isi otak nya apaan si ya allah 😭😭  dia klo bikin steatmen bikin naik tensi,saya pngn tau isi otak nya apaan si ya allah 😭😭 dia kalau bikin steatmen bikin naik tensi,0.0,0.9606131315231323,0
262,Setiap yg dilakukan pemerintah selalu ga beres semua jir,2,2025-10-11 23:52:09+00:00,setiap yg dilakukan pemerintah selalu ga beres semua jir,setiap yang dilakukan pemerintah selalu tidak beres semua jir,0.0,0.9993333220481873,0
263,pecat aja bahlul,2,2025-10-15 15:36:36+00:00,pecat aja bahlul,pecat aja bahlul,0.0,0.9993118047714233,0
264,menteri yg bnyk merugikan rakyat.,2,2025-10-11 16:52:07+00:00,menteri yg bnyk merugikan rakyat.,menteri yang bnyk merugikan rakyat.,0.0,0.9982606768608093,0
265,"kalau katanya mau hemat impor, ya harusnya bangun kilang minyaklah kocak😹",3,2025-10-13 11:35:52+00:00,kalau katanya mau hemat impor  ya harusnya bangun kilang minyaklah kocak😹,kalau katanya mau hemat impor ya harusnya bangun kilang minyaklah kocak😹,1.0,0.7184000015258789,1
266,"bahlil❎
bahlul☑",2,2025-10-12 09:04:33+00:00,"bahlil❎
bahlul",bahlil❎ bahlul,,0.7339028716087341,0
267,IDE MACAM APA INI,2,2025-10-12 06:34:53+00:00,ide macam apa ini,ide macam apa ini,0.0,0.9836933016777039,0
268,Persiden ko membiarkan bahlin yang merugikan mayarakat,2,2025-11-11 05:17:42+00:00,persiden ko membiarkan bahlin yang merugikan mayarakat,persiden ko membiarkan bahlin yang merugikan mayarakat,,0.6723734736442566,0
269,kalau kendaraan kita rusak minta Bahlil tangung jwab,2,2025-10-11 21:46:20+00:00,kalau kendaraan kita rusak minta bahlil tangung jwab,kalau kendaraan kita rusak minta bahlil tangung jwab,,0.950790286064148,0
270,JD udah jelas d otaknya udah mikirin uang trus bukan mikirin rakyat sjahtra,2,2025-10-21 16:53:03+00:00,jd udah jelas d otaknya udah mikirin uang trus bukan mikirin rakyat sjahtra,jd sudah jelas d otaknya sudah mikirin uang terus bukan mikirin rakyat sjahtra,0.0,0.9993391633033752,0
271,"Tapi 70 negara udah pakai metode ini loh ternyata, tapi gua gatau juga yg bagus yg mana",2,2025-10-10 19:51:16+00:00,tapi 70 negara udah pakai metode ini loh ternyata  tapi gua gatau juga yg bagus yg mana,tapi 70 negara sudah pakai metode ini loh ternyata tapi gua gatau juga yang bagus yang mana,0.0,0.9553957581520081,0
272,Indonesia banyak pengeboran minyak masih impor aja Dari luar negri,2,2025-10-15 03:40:11+00:00,indonesia banyak pengeboran minyak masih impor aja dari luar negri,indonesia banyak pengeboran minyak masih impor aja dari luar negri,0.0,0.9969066977500916,0
273,Lah bukannya SPBU swasta juga pake etanol di bbmnya? Makanya pemerintah ngejar formula serupa supaya bisa jualan ke mereka. Malahan permasalahan awal pertamina gk bisa jualan bbm ke swasta krna kandungan etanolnya kurang dari yg punya swasta itu.,23,2025-10-09 05:14:56+00:00,lah bukannya spbu swasta juga pake etanol di bbmnya? makanya pemerintah ngejar formula serupa supaya bisa jualan ke mereka. malahan permasalahan awal pertamina gk bisa jualan bbm ke swasta krna kandungan etanolnya kurang dari yg punya swasta itu.,lah bukannya spbu swasta juga pake etanol di bbmnya? makanya pemerintah ngejar formula serupa supaya bisa jualan ke mereka. malahan permasalahan awal pertamina tidak bisa jualan bbm ke swasta krna kandungan etanolnya kurang dari yang punya swasta itu.,0.0,0.9959243535995483,0
274,mesin ga cocok pake etanolnya bahlil😅,2,2025-10-11 23:19:14+00:00,mesin ga cocok pake etanolnya bahlil😅,mesin tidak cocok pake etanolnya bahlil😅,0.0,0.9988301396369934,0
275,Nama aslinya tuh bahlul bukan bahlil,2,2025-10-14 14:36:40+00:00,nama aslinya tuh bahlul bukan bahlil,nama aslinya tuh bahlul bukan bahlil,0.0,0.9462947845458984,0
276,di demo aja lah si bahlil ini apa di tunggu tunggu,2,2025-10-11 01:28:59+00:00,di demo aja lah si bahlil ini apa di tunggu tunggu,di demo aja lah si bahlil ini apa di tunggu tunggu,0.0,0.9902917742729187,0
277,aduhhh aduhh lil bahlil 🤣,2,2025-10-11 23:50:11+00:00,aduhh aduhh lil bahlil 🤣,aduhh aduhh lil bahlil 🤣,1.0,0.9688431024551392,1
278,Bahlil anj,2,2025-10-12 04:57:41+00:00,bahlil anj,bahlil anjing,0.0,0.9984697699546814,0
279,sangat tidak benar etanol itu tidak bagus buat kasih minum bahlil,2,2025-10-17 12:19:36+00:00,sangat tidak benar etanol itu tidak bagus buat kasih minum bahlil,sangat tidak benar etanol itu tidak bagus buat kasih minum bahlil,0.0,0.9989736080169678,0
280,alahhhh bahlil juga tidak bagussss,2,2025-10-17 14:04:08+00:00,alahh bahlil juga tidak baguss,alahh bahlil juga tidak baguss,0.0,0.9993958473205566,0
281,kehancuran lebih dekat,3,2025-10-10 10:32:26+00:00,kehancuran lebih dekat,kehancuran lebih dekat,0.0,0.9991527795791626,0
282,tapi heran nya. modelan kek gini masih di pakai. jadi mentri,3,2025-10-11 13:08:43+00:00,tapi heran nya. modelan kek gini masih di pakai. jadi mentri,tapi heran nya. modelan kek gini masih di pakai. jadi mentri,0.0,0.9971931576728821,0
284,lalapan Kamboja,1,2025-10-13 04:19:23+00:00,lalapan kamboja,lalapan kamboja,1.0,0.7223156094551086,1
285,demo lagi aja kita kalo bener mau di campur etanol,1,2025-10-17 03:14:28+00:00,demo lagi aja kita kalo bener mau di campur etanol,demo lagi aja kita kalau benar mau di campur etanol,0.0,0.9990890026092529,0
286,"Pengecer bensin bisa untung ☑
Pom Mini bisa Untung ☑
Pom Pertamina bisa Untung ☑
Tapi kenapa di Laporan Pertamina pusat slalu Rugi??? Jualan kok rugi 😂",1,2025-10-18 16:07:19+00:00,"pengecer bensin bisa untung  
pom mini bisa untung  
pom pertamina bisa untung  
tapi kenapa di laporan pertamina pusat slalu rugi?? jualan kok rugi 😂",pengecer bensin bisa untung pom mini bisa untung pom pertamina bisa untung tapi kenapa di laporan pertamina pusat slalu rugi?? jualan kok rugi 😂,0.0,0.9921252131462097,0
288,demo lagiii 😂😂,2,2025-10-14 20:40:25+00:00,demo lagii 😂😂,demo lagii 😂😂,0.0,0.9991196990013123,0
289,Mentri seperti ini harus di ganti pk prabowo,2,2025-10-13 05:14:52+00:00,mentri seperti ini harus di ganti pk prabowo,mentri seperti ini harus di ganti pk prabowo,,0.9972769618034363,0
290,dia sdh mmbuktikan sendiri buat mandi makanya kulitnya jadi bagus😫,2,2025-10-28 22:57:56+00:00,dia sdh mmbuktikan sendiri buat mandi makanya kulitnya jadi bagus,dia sudah mmbuktikan sendiri buat mandi makanya kulitnya jadi bagus,1.0,0.9973147511482239,1
291,salah satu ternak yg masih berkeliaran di kabinet Prabowo!,2,2025-10-18 14:35:11+00:00,salah satu ternak yg masih berkeliaran di kabinet prabowo!,salah satu ternak yang masih berkeliaran di kabinet prabowo!,0.0,0.9897922277450562,0
292,"tangkap aj org ini,,bicara ap itu,,rakyat udh muaaak,,perusak kbijakan,,pmikiranny kacau,,",2,2025-10-29 07:39:10+00:00,tangkap aj org ini  bicara ap itu  rakyat udh muaak  perusak kbijakan  pmikiranny kacau,tangkap aj org ini bicara ap itu rakyat sudah muaak perusak kbijakan pmikiranny kacau,0.0,0.999384880065918,0
293,Masalah nya mesin kendaraan yg sudah ada apakah sudah siap dan ramah etanol … kasian yg punya kendaraan di bawah tahun 2000 an 🙏🏻,2,2025-10-19 12:12:54+00:00,masalah nya mesin kendaraan yg sudah ada apakah sudah siap dan ramah etanol   kasian yg punya kendaraan di bawah tahun 200 an 🙏,masalah nya mesin kendaraan yang sudah ada apakah sudah siap dan ramah etanol kasian yang punya kendaraan di bawah tahun 200 an 🙏,0.0,0.9986979961395264,0
294,dimana bos klu Malaysia z negara kecil murni bos katanya Indonesia kaya KNPA pakai cmpuran pa kurang untung bos Malaysia z jual murah z untung KNPA Indonesia slalu rugi bos g mna ngelolanya,2,2025-10-10 14:55:24+00:00,dimana bos klu malaysia z negara kecil murni bos katanya indonesia kaya knpa pakai cmpuran pa kurang untung bos malaysia z jual murah z untung knpa indonesia slalu rugi bos g mna ngelolanya,dimana bos klu malaysia z negara kecil murni bos katanya indonesia kaya knpa pakai cmpuran pa kurang untung bos malaysia z jual murah z untung knpa indonesia slalu rugi bos g mna ngelolanya,1.0,0.8540510535240173,1
295,heran orang macam begini bisa jd Mentri..kayak gak ada orang lain aja,2,2025-10-28 09:35:59+00:00,heran orang macam begini bisa jd mentri..kayak gak ada orang lain aja,heran orang macam begini bisa jd mentri..kayak tidak ada orang lain aja,0.0,0.997796893119812,0
296,ya kali honda beat ada di Amerika,2,2025-10-22 03:56:03+00:00,ya kali honda beat ada di amerika,ya kali honda beat ada di amerika,,0.9986931681632996,0
297,GANTI SAJA MENTERI INI. SDH CUKUP LAMA. RAKYAT KURANG PUAS,2,2025-10-10 14:22:51+00:00,ganti saja menteri ini. sdh cukup lama. rakyat kurang puas,ganti saja menteri ini. sudah cukup lama. rakyat kurang puas,0.0,0.9993288516998291,0
299,negara lain memang ada yang pakai termasuk Amerika tapi mereka punya cara seperti menciptakan teknologi untuk meminimalkan dampak negatif nya. kok menteri satu nih kali njir,2,2025-10-10 08:28:52+00:00,negara lain memang ada yang pakai termasuk amerika tapi mereka punya cara seperti menciptakan teknologi untuk meminimalkan dampak negatif nya. kok menteri satu nih kali njir,negara lain memang ada yang pakai termasuk amerika tapi mereka punya cara seperti menciptakan teknologi untuk meminimalkan dampak negatif nya. kok menteri satu nih kali njir,0.0,0.9919690489768982,0
300,"klo urusan ginana contoh negara2 lain, giliran UMR gak mau contoh negara2 lain.",2,2025-10-10 11:48:53+00:00,klo urusan ginana contoh negara2 lain  giliran umr gak mau contoh negara2 lain.,kalau urusan ginana contoh negara2 lain giliran umr tidak mau contoh negara2 lain.,0.0,0.998968243598938,0
301,Pasti user rx king demo nanti 😂,2,2025-10-15 13:51:47+00:00,pasti user rx king demo nanti 😂,pasti user rx king demo nanti 😂,,0.9951114058494568,0
302,mobil dia aja isi etanol,2,2025-10-29 23:54:11+00:00,mobil dia aja isi etanol,mobil dia aja isi etanol,,0.9971044659614563,0
303,betul BG pemerintah sekarang bikin cuma mau merugikan rakyat,2,2025-10-17 05:42:39+00:00,betul bg pemerintah sekarang bikin cuma mau merugikan rakyat,betul bg pemerintah sekarang bikin cuma mau merugikan rakyat,0.0,0.9994176626205444,0
304,Dia ahli apa.to kok bisa jadi.menteri,2,2025-10-09 20:55:37+00:00,dia ahli apa.to kok bisa jadi.menteri,dia ahli apa.to kok bisa jadi.menteri,0.0,0.8719493746757507,0
305,Gas elpiji kemarin juga bikin hancur lil lil,2,2025-10-23 06:18:27+00:00,gas elpiji kemarin juga bikin hancur lil lil,gas elpiji kemarin juga bikin hancur lil lil,0.0,0.9992208480834961,0
306,"Ya spt ini jika pilih Mentri asal aja, tdk sesuai porsinya.",2,2025-10-14 01:10:06+00:00,ya spt ini jika pilih mentri asal aja  tdk sesuai porsinya.,ya spt ini jika pilih mentri asal aja tidak sesuai porsinya.,0.0,0.9990478157997131,0
308,lgian Gpn di impor d indo ajh bnyak kekurngn,2,2025-10-12 04:44:25+00:00,lgian gpn di impor d indo ajh bnyak kekurngn,lgian gpn di impor d indo ajh bnyak kekurngn,,0.8894959688186646,0
309,"motor gw turun mesin jir lah gara² pertalite, hadeh padahal motor nya belum sempat setahun",2,2025-11-02 10:28:02+00:00,motor gw turun mesin jir lah gara  pertalite  hadeh padahal motor nya belum sempat setahun,motor saya turun mesin jir lah gara pertalite hadeh padahal motor nya belum sempat setahun,0.0,0.9893972873687744,0
310,"pajak kendraan kedepannya dioplos pake uang mainan, biar menghemat pengeluaran masyarakat",2,2025-10-13 09:34:38+00:00,pajak kendraan kedepannya dioplos pake uang mainan  biar menghemat pengeluaran masyarakat,pajak kendraan kedepannya dioplos pake uang mainan biar menghemat pengeluaran masyarakat,,0.9985427856445312,0
311,coba liat ijazahnya pasti Bahlil lulusan SMA,2,2025-10-29 22:13:31+00:00,coba liat ijazahnya pasti bahlil lulusan sma,coba liat ijazahnya pasti bahlil lulusan sma,0.0,0.7021874785423279,0
312,"kapan pakai baju oren,ditunggu ya🤣",2,2025-10-09 13:38:39+00:00,kapan pakai baju oren ditunggu ya🤣,kapan pakai baju oren ditunggu ya🤣,,0.9968323111534119,0
313,"aura ..... kuat banget
isi sendiri guys🤣",2,2025-10-27 22:40:05+00:00,"aura .. kuat banget
isi sendiri guys🤣",aura .. kuat banget isi sendiri guys🤣,1.0,0.9944602251052856,1
314,"kenapa sih pak Prabowo, ada menteri bapak kayak gini... Apa ga ada yg lain ya",2,2025-10-11 11:15:24+00:00,kenapa sih pak prabowo  ada menteri bapak kayak gini.. apa ga ada yg lain ya,kenapa ya pak prabowo ada menteri bapak kayak gini.. apa tidak ada yang lain ya,0.0,0.9953509569168091,0
315,"bahlil❌
bahlul✅",2,2025-10-10 05:37:12+00:00,"bahlil❌
bahlul✅",bahlil❌ bahlul✅,,0.9165325164794922,0
316,makin aje Mentri yg satu ini .... hadeuh,3,2025-10-09 07:02:08+00:00,makin aje mentri yg satu ini .. hadeuh,makin aje mentri yang satu ini .. hadeuh,0.0,0.9992330074310303,0
317,"Bahlil❌
Bahlul✅",2,2025-10-13 14:59:09+00:00,"bahlil❌
bahlul✅",bahlil❌ bahlul✅,,0.9165325164794922,0
318,tapi jangan keliru mentri kesayangan 🤣🤣🤣,2,2025-10-13 16:15:12+00:00,tapi jangan keliru mentri kesayangan 🤣🤣,tapi jangan keliru mentri kesayangan 🤣🤣,,0.8126834630966187,0
319,"Ya Allah, tolong Bapak Presiden ini bagaimana Pak, Menteri nya kok kayak gini..😢😢",2,2025-10-15 23:43:06+00:00,ya allah  tolong bapak presiden ini bagaimana pak  menteri nya kok kayak gini..,ya allah tolong bapak presiden ini bagaimana pak menteri nya kok kayak gini..,0.0,0.9968985319137573,0
320,titipan Mulyono gak ada yg beres 🤣,2,2025-10-28 23:00:40+00:00,titipan mulyono gak ada yg beres 🤣,titipan mulyono tidak ada yang beres 🤣,0.0,0.9792278409004211,0
321,"waduh pengetahuan Bahlil, prlu di pertanyakan,,,",2,2025-10-15 03:31:14+00:00,waduh pengetahuan bahlil  prlu di pertanyakan,waduh pengetahuan bahlil prlu di pertanyakan,,0.7341622710227966,0
322,otak Bahlil perlu dicampur etanol kyknya..,2,2025-10-30 00:46:08+00:00,otak bahlil perlu dicampur etanol kyknya..,otak bahlil perlu dicampur etanol kyknya..,,0.9921615719795227,0
323,makin lama mukanya persis kyk kelakuannya🗿,2,2025-10-10 13:02:31+00:00,makin lama mukanya persis kyk kelakuannya🗿,makin lama mukanya persis kyk kelakuannya🗿,0.0,0.9973022937774658,0
324,Pliss lahh gua mau pake bbm shell gamau pake pertamina,2,2025-10-10 05:59:30+00:00,pliss lahh gua mau pake bbm shell gamau pake pertamina,pliss lahh gua mau pake bbm shell gamau pake pertamina,,0.8641897439956665,0
325,cepat ganti aj,2,2025-10-11 03:06:09+00:00,cepat ganti aj,cepat ganti aj,,0.6955470442771912,0
327,"montorku rusak pak, awakmu glm ta nukokno motor anyar?",2,2025-10-31 01:18:34+00:00,montorku rusak pak  awakmu glm ta nukokno motor anyar?,montorku rusak pak awakmu glm ta nukokno motor anyar?,0.0,0.9959145188331604,0
328,"guys 10% etanol itu bisa berpotensi memperpendek umur kendaraan, emng bener negara untung tapi rakyat tidak!",2,2025-10-09 04:44:50+00:00,guys 10  etanol itu bisa berpotensi memperpendek umur kendaraan  emng bener negara untung tapi rakyat tidak!,guys 10 etanol itu bisa berpotensi memperpendek umur kendaraan emng benar negara untung tapi rakyat tidak!,0.0,0.9904351234436035,0
329,pejabat semua nya sama aja kaya Sahroni pasti nilai nya 6 juga😭,2,2025-10-11 00:03:32+00:00,pejabat semua nya sama aja kaya sahroni pasti nilai nya 6 juga😭,pejabat semua nya sama aja kaya sahroni pasti nilai nya 6 juga😭,0.0,0.999306321144104,0
330,Ntar motor saya kalo rusak situ yang nangung?,2,2025-10-15 13:44:29+00:00,ntar motor saya kalo rusak situ yang nangung?,ntar motor saya kalau rusak situ yang nangung?,0.0,0.9943909049034119,0
331,gw montir motor tiap bongkar mesin yg pke bbm subsidi kerak piston nya tebel bngt beda sama sering pke shell bersih dari kerak !!! bukan begitu para motir 😂,2,2025-10-10 14:29:03+00:00,gw montir motor tiap bongkar mesin yg pke bbm subsidi kerak piston nya tebel bngt beda sama sering pke shell bersih dari kerak !! bukan begitu para motir 😂,saya montir motor tiap bongkar mesin yang pke bbm subsidi kerak piston nya tebel bngt beda sama sering pke shell bersih dari kerak !! bukan begitu para motir 😂,0.0,0.9970042109489441,0
332,Yaelah...🤦🏻,2,2025-10-10 14:29:29+00:00,yaelah..,yaelah..,0.0,0.9988057613372803,0
333,Kenapa presiden gk berani copot ini menteri ya?,2,2025-10-10 15:18:35+00:00,kenapa presiden gk berani copot ini menteri ya?,kenapa presiden tidak berani copot ini menteri ya?,0.0,0.9980393052101135,0
334,"ini negara punya sendiri atau orang lain?
apa² disamakan luar negri",2,2025-10-16 23:16:02+00:00,"ini negara punya sendiri atau orang lain?
apa  disamakan luar negri",ini negara punya sendiri atau orang lain? apa disamakan luar negri,0.0,0.999232292175293,0
335,biar duit tetap ke lu?,2,2025-10-14 15:26:55+00:00,biar duit tetap ke lu?,biar duit tetap ke lu?,0.0,0.9908308982849121,0
336,"iya saya tau etanol bagus,tapi kebanyak motor di indonesia gak bisa pakai etanol bahlil",2,2025-10-17 17:56:00+00:00,iya saya tau etanol bagus tapi kebanyak motor di indonesia gak bisa pakai etanol bahlil,ya saya tau etanol bagus tapi kebanyak motor di indonesia tidak bisa pakai etanol bahlil,0.0,0.9904864430427551,0
337,S3 nya bermasalah kok menerangkan ethanol,2,2025-10-10 09:20:26+00:00,s3 nya bermasalah kok menerangkan ethanol,s3 nya bermasalah kok menerangkan ethanol,0.0,0.999160647392273,0
338,negara mana bos coba sebutkan !,2,2025-10-12 00:16:13+00:00,negara mana bos coba sebutkan !,negara mana bos coba sebutkan !,,0.7796624898910522,0
339,"""apess dahh🗿""",2,2025-10-15 08:18:42+00:00,apess dahh🗿,apess dahh🗿,1.0,0.9447780847549438,1
341,"klw ngelamar kerja di pabrik atw dmna saja harus ""Good looking"" emng minimal nya gini ?",2,2025-10-10 09:07:17+00:00,klw ngelamar kerja di pabrik atw dmna saja harus  good looking  emng minimal nya gini ?,klw ngelamar kerja di pabrik atw dmna saja harus good looking emng minimal nya gini ?,,0.849810004234314,0
342,iya lah anjir negara lain mah mesinnya ndukung pemakaian ethanol lah di Indonesia paling juga baru 1 hari pakek udah meledak,2,2025-10-14 14:13:02+00:00,iya lah anjir negara lain mah mesinnya ndukung pemakaian ethanol lah di indonesia paling juga baru 1 hari pakek udah meledak,ya lah anjing negara lain mah mesinnya ndukung pemakaian ethanol lah di indonesia paling juga baru 1 hari pakek sudah meledak,0.0,0.9975347518920898,0
343,"Rocky gerung berkata "" mari kita uji kebenarannya secara akademisi"" berani gak pak bahlil ini",2,2025-10-17 02:39:42+00:00,rocky gerung berkata   mari kita uji kebenarannya secara akademisi  berani gak pak bahlil ini,rocky gerung berkata mari kita uji kebenarannya secara akademisi berani tidak pak bahlil ini,0.0,0.9985402822494507,0
344,Kapan Sih di pecat Menteri Titipan ini?,2,2025-10-15 02:50:31+00:00,kapan sih di pecat menteri titipan ini?,kapan ya di pecat menteri titipan ini?,0.0,0.999188244342804,0
345,"Ya lain lah pak,
Jngn bandingin suhu di negara lain sama di indo,",2,2025-10-10 15:02:43+00:00,"ya lain lah pak 
jngn bandingin suhu di negara lain sama di indo",ya lain lah pak jngn bandingin suhu di negara lain sama di indo,0.0,0.9989258646965027,0
346,aku gak cocok segera di pecat dari menteri,2,2025-10-10 14:31:06+00:00,aku gak cocok segera di pecat dari menteri,saya tidak cocok segera di pecat dari menteri,0.0,0.9982864260673523,0
348,sell loh pak klass internasional😂,2,2025-10-10 09:13:41+00:00,sell loh pak klass internasional😂,sell loh pak klass internasional😂,1.0,0.9786801338195801,1
349,bukti nya rakyat g percaya....,2,2025-10-10 13:19:08+00:00,bukti nya rakyat g percaya..,bukti nya rakyat g percaya..,0.0,0.9988415837287903,0
350,"klo mau ikuti negara lain, Meraka jual murah ke rakyat pak ...
jgn tanggung2 ngikutinya.",2,2025-10-15 04:37:10+00:00,"klo mau ikuti negara lain  meraka jual murah ke rakyat pak ..
jgn tanggung2 ngikutinya.",kalau mau ikuti negara lain meraka jual murah ke rakyat pak .. jangan tanggung2 ngikutinya.,0.0,0.999235987663269,0
351,reng gayamu reng,2,2025-10-17 16:42:58+00:00,reng gayamu reng,reng gayamu reng,0.0,0.9669090509414673,0
352,terlalu 'mungkin' dan terlalu menyontoh megara lain,2,2025-10-18 11:17:39+00:00,terlalu  mungkin  dan terlalu menyontoh megara lain,terlalu mungkin dan terlalu menyontoh megara lain,0.0,0.9959482550621033,0
353,Negara luar brpa campurannya,7,2025-10-10 05:15:14+00:00,negara luar brpa campurannya,negara luar brpa campurannya,1.0,0.9276523590087891,1
354,Tujuan Brebet satu!! negara,1,2025-11-13 13:59:12+00:00,tujuan brebet satu!! negara,tujuan brebet satu!! negara,,0.9678759574890137,0
356,udh bubarin aj bikin menderita rakyat,3,2025-10-29 09:36:16+00:00,udh bubarin aj bikin menderita rakyat,sudah bubarin aj bikin menderita rakyat,0.0,0.9992604851722717,0
357,"matane hancok tenan bahlul, motorku brebet gara² bahlul",3,2025-10-28 13:21:20+00:00,matane hancok tenan bahlul  motorku brebet gara  bahlul,matane hancok tenan bahlul motorku brebet gara bahlul,0.0,0.99698406457901,0
358,bahlil=bahlul,2,2025-10-30 19:44:58+00:00,bahlil bahlul,bahlil bahlul,0.0,0.9772870540618896,0
359,ganti Petronas aja,1,2025-11-08 11:22:04+00:00,ganti petronas aja,ganti petronas aja,,0.9342657923698425,0
360,Bahlil knp gk jadi pemerintah Korut aja,2,2025-10-29 13:36:40+00:00,bahlil knp gk jadi pemerintah korut aja,bahlil kenapa tidak jadi pemerintah korut aja,0.0,0.996353268623352,0
361,sama aja kalau dikorupsi...,2,2025-10-29 13:12:16+00:00,sama aja kalau dikorupsi..,sama aja kalau dikorupsi..,0.0,0.9986201524734497,0
362,"1 pertanyaan saya.. kok bisa""y kader golkar memilih dia jdi ketua partai ya 🤣😂",2,2025-10-29 08:27:16+00:00,1 pertanyaan saya.. kok bisa y kader golkar memilih dia jdi ketua partai ya 🤣😂,1 pertanyaan saya.. kok bisa y kader golkar memilih dia jdi ketua partai ya 🤣😂,,0.8336746096611023,0
363,"santet en ae wong iki rek, tuwek angel omong2ane🤣",2,2025-10-29 05:53:27+00:00,santet en ae wong iki rek  tuwek angel omong2ane🤣,santet en ae wong iki rek tuwek angel omong2ane🤣,0.0,0.998656153678894,0
364,bahlil adalah bahlul,2,2025-10-29 05:36:50+00:00,bahlil adalah bahlul,bahlil adalah bahlul,0.0,0.9610866904258728,0
365,nih etanol nya,2,2025-10-29 03:35:17+00:00,nih etanol nya,nih etanol nya,1.0,0.8148087859153748,1
366,"GANTI AJA BAHLIL LAH, ANEH BANGET",2,2025-10-29 01:10:05+00:00,ganti aja bahlil lah  aneh banget,ganti aja bahlil lah aneh banget,0.0,0.9993453621864319,0
367,masa masih bisa jadi mentri ya knp ngk di berhentiin,4,2025-10-09 09:55:37+00:00,masa masih bisa jadi mentri ya knp ngk di berhentiin,masa masih bisa jadi mentri ya kenapa ngk di berhentiin,0.0,0.9753125905990601,0
368,Honda verza gw kmarin baru rusak gara” banyak karat d tangki nyaa,4,2025-10-09 07:44:43+00:00,honda verza gw kmarin baru rusak gara  banyak karat d tangki nyaa,honda verza saya kmarin baru rusak gara banyak karat d tangki nyaa,0.0,0.9966785907745361,0
369,"Kalo bayar pajak, 10% dicampur daun GJ boleh??",4,2025-10-09 06:46:57+00:00,kalo bayar pajak  10  dicampur daun gj boleh??,kalau bayar pajak 10 dicampur daun gj boleh??,,0.9861959218978882,0
370,"""Agar tidak kita impor banyak"" BERARTI SAMA AJA KALO MASIH IMPOR, APA SUSAHNYA BIKIN KILANG SENDIRI!!",4,2025-10-09 06:34:23+00:00,agar tidak kita impor banyak  berarti sama aja kalo masih impor  apa susahnya bikin kilang sendiri!!,agar tidak kita impor banyak berarti sama aja kalau masih impor apa susahnya bikin kilang sendiri!!,0.0,0.998663067817688,0
371,Bahlil b nya apa??,4,2025-10-09 03:58:16+00:00,bahlil b nya apa??,bahlil b nya apa??,0.0,0.9976533055305481,0
373,demo ajah kkk,2,2025-10-16 01:45:42+00:00,demo ajah kk,demo ajah kakak,0.0,0.9985834360122681,0
374,"kanapa harus campur ,jgn bahaya kendaraan.",2,2025-10-10 21:02:17+00:00,kanapa harus campur  jgn bahaya kendaraan.,kanapa harus campur jangan bahaya kendaraan.,0.0,0.993505597114563,0
375,benarr bg,2,2025-10-10 11:22:12+00:00,benarr bg,benarr bg,1.0,0.9927062392234802,1
376,teros biken gadoh kok masih di pake ya,2,2025-10-09 10:45:16+00:00,teros biken gadoh kok masih di pake ya,teros biken gadoh kok masih di pake ya,0.0,0.9972578883171082,0
377,ini orng sekolah ny LULUS ng sih,2,2025-10-10 18:03:24+00:00,ini orng sekolah ny lulus ng sih,ini orng sekolah ny lulus ng ya,0.0,0.9910266995429993,0
378,ABNG ini sangat mewakili rakyat🗿,3,2025-10-15 12:32:59+00:00,abng ini sangat mewakili rakyat🗿,abng ini sangat mewakili rakyat🗿,1.0,0.9962052702903748,1
379,jam segini udh diganti blom tuh marc klok,3,2025-10-09 06:25:44+00:00,jam segini udh diganti blom tuh marc klok,jam segini sudah diganti blom tuh marc klok,0.0,0.9982947707176208,0
380,Seharus nya ini yg harus silaturrahmi kerumah nya,3,2025-10-11 03:36:10+00:00,seharus nya ini yg harus silaturrahmi kerumah nya,seharus nya ini yang harus silaturrahmi kerumah nya,,0.9624995589256287,0
381,orang goblog dikasih jabatan ya gini hasilnya,4,2025-10-14 04:27:05+00:00,orang goblog dikasih jabatan ya gini hasilnya,orang goblog dikasih jabatan ya gini hasilnya,0.0,0.9972035884857178,0
382,punya menteri gini amat...😳😏,3,2025-10-09 14:11:45+00:00,punya menteri gini amat.. 😏,punya menteri gini amat.. 😏,0.0,0.9990299940109253,0
383,info silaturahmi ke rumah bahlil😹,3,2025-10-14 07:41:19+00:00,info silaturahmi ke rumah bahlil😹,info silaturahmi ke rumah bahlil😹,,0.9871543645858765,0
384,"plis lah ini presiden nya kemana, gamauu bantu apa ni biar shell bisa stok lagi",3,2025-10-10 15:47:11+00:00,plis lah ini presiden nya kemana  gamauu bantu apa ni biar shell bisa stok lagi,plis lah ini presiden nya kemana gamauu bantu apa ni biar shell bisa stok lagi,0.0,0.9876861572265625,0
385,Menteri Yg Bukan Ahli Di Bidang Sebaik Nya Di Ganti. 🙏🙏🙏,3,2025-10-09 16:45:42+00:00,menteri yg bukan ahli di bidang sebaik nya di ganti. 🙏🙏,menteri yang bukan ahli di bidang sebaik nya di ganti. 🙏🙏,0.0,0.9881103038787842,0
386,MENTERI TERBODOH SEPANJANG MASSA,3,2025-10-12 13:16:06+00:00,menteri terbodoh sepanjang massa,menteri terbodoh sepanjang massa,0.0,0.9991399049758911,0
387,ini mentri yg kaya gini ga kena resuhffle pak 😭,3,2025-10-09 09:38:43+00:00,ini mentri yg kaya gini ga kena resuhffle pak 😭,ini mentri yang kaya gini tidak kena resuhffle pak 😭,0.0,0.99614018201828,0
388,Ghoblk emng😭,3,2025-10-10 23:34:01+00:00,ghoblk emng😭,ghoblk emng😭,0.0,0.998583197593689,0
389,udah mahal gak berkualitas 🗿,2,2025-10-28 15:21:52+00:00,udah mahal gak berkualitas 🗿,sudah mahal tidak berkualitas 🗿,0.0,0.9994106292724609,0
390,demo kemaren belum kapok yaa😁,3,2025-10-09 15:22:12+00:00,demo kemaren belum kapok yaa😁,demo kemaren belum kapok yaa😁,0.0,0.7336080074310303,0
391,Mantap Braii 👍,2,2025-10-10 12:25:09+00:00,mantap braii 👍,bagus braii 👍,1.0,0.9988144636154175,1
392,Prabowo kok setuju setuju aja yak?emang pada gak mikir apa?,2,2025-10-09 11:53:16+00:00,prabowo kok setuju setuju aja yak?emang pada gak mikir apa?,prabowo kok setuju setuju aja yak?emang pada tidak mikir apa?,0.0,0.9972473978996277,0
394,itu yg dengerin paham GK sihh☹️☹,2,2025-10-10 13:43:42+00:00,itu yg dengerin paham gk sihh ️,itu yang dengerin paham tidak sihh ️,0.0,0.9838060140609741,0
395,"kalau soal mengoplos, mereka ahlinya 😁😁",2,2025-11-03 02:35:49+00:00,kalau soal mengoplos  mereka ahlinya 😁😁,kalau soal mengoplos mereka ahlinya 😁😁,1.0,0.863231360912323,1
396,"jangan banding"" Indonesia sama negara lain, kan dasarnya uda beda",2,2025-10-17 11:06:20+00:00,jangan banding  indonesia sama negara lain  kan dasarnya uda beda,jangan banding indonesia sama negara lain kan dasarnya uda beda,0.0,0.9978665709495544,0
397,trus klo bagus.. knp km aja yg bilang bagus.... 😁,2,2025-10-10 09:00:27+00:00,trus klo bagus.. knp km aja yg bilang bagus.. 😁,terus kalau bagus.. kenapa km aja yang bilang bagus.. 😁,0.0,0.9872242212295532,0
398,"setiap kebijakan org ini,pasti tdk cocok dgn rakyat",4,2025-10-12 14:35:20+00:00,setiap kebijakan org ini pasti tdk cocok dgn rakyat,setiap kebijakan org ini pasti tidak cocok dengan rakyat,0.0,0.9994182586669922,0
399,"bocil SD aja bisa membaca ada buku panduan tentang etanol, kalo etanol bisa merusak Tanki bensin, mungkin Bahlil belum tamat SD jadi dia gaa bisa membaca buku panduan 🗿",4,2025-10-11 06:48:27+00:00,bocil sd aja bisa membaca ada buku panduan tentang etanol  kalo etanol bisa merusak tanki bensin  mungkin bahlil belum tamat sd jadi dia gaa bisa membaca buku panduan 🗿,bocil sd aja bisa membaca ada buku panduan tentang etanol kalau etanol bisa merusak tanki bensin mungkin bahlil belum tamat sd jadi dia gaa bisa membaca buku panduan 🗿,0.0,0.9862317442893982,0
400,"sniper minta brp sih biayanya??
serius ttanya",4,2025-10-10 15:32:49+00:00,"sniper minta brp sih biayanya??
serius ttanya",sniper minta brp ya biayanya?? serius ttanya,0.0,0.7101833820343018,0
401,terserah lu ajaa bahlul,2,2025-10-17 10:37:30+00:00,terserah lu ajaa bahlul,terserah kamu ajaa bahlul,0.0,0.9989033937454224,0
402,yang milih dia siapa sih 🗿,2,2025-10-21 07:52:11+00:00,yang milih dia siapa sih 🗿,yang milih dia siapa ya 🗿,0.0,0.910530149936676,0
403,bau bau demo serentak ama penjarahan jilid 2 😟,3,2025-10-14 12:03:46+00:00,bau bau demo serentak ama penjarahan jilid 2,bau bau demo serentak ama penjarahan jilid 2,0.0,0.9975518584251404,0
404,mentri tertolol di seluruh dunia,3,2025-10-12 04:45:28+00:00,mentri tertolol di seluruh dunia,mentri tertolol di seluruh dunia,0.0,0.9985044002532959,0
405,"salah satu syarat mencari kerja di Indonesia adalah :
""Berpenampilan menarik""
tapi lihatlah Bahlil ini",3,2025-10-10 09:23:20+00:00,"salah satu syarat mencari kerja di indonesia adalah  
 berpenampilan menarik 
tapi lihatlah bahlil ini",salah satu syarat mencari kerja di indonesia adalah berpenampilan menarik tapi lihatlah bahlil ini,0.0,0.9836996793746948,0
406,ethanol itu bukan buat kenderaan pak,3,2025-10-10 07:24:25+00:00,ethanol itu bukan buat kenderaan pak,ethanol itu bukan buat kenderaan pak,0.0,0.9979795813560486,0
408,jangan liat negara lain lil.liat aja sekarang motor banyak yang masuk ke bengkel gara2 etanol,3,2025-10-29 13:57:58+00:00,jangan liat negara lain lil.liat aja sekarang motor banyak yang masuk ke bengkel gara2 etanol,jangan liat negara lain lil.liat aja sekarang motor banyak yang masuk ke bengkel gara2 etanol,0.0,0.9989711046218872,0
409,mungkin Bahlil memng tidak bagus,3,2025-10-12 22:14:01+00:00,mungkin bahlil memng tidak bagus,mungkin bahlil memng tidak bagus,0.0,0.9991707801818848,0
410,yang gak bagus itu pemikiran mu Bahlil Bahlil,3,2025-10-18 12:47:09+00:00,yang gak bagus itu pemikiran mu bahlil bahlil,yang tidak bagus itu pemikiran mu bahlil bahlil,0.0,0.998793363571167,0
411,Muka Bapak yg tidak bagus😂,2,2025-10-14 13:35:44+00:00,muka bapak yg tidak bagus😂,muka bapak yang tidak bagus😂,0.0,0.9994231462478638,0
412,kabarnya sudah di pecat kok masih ini🥺,2,2025-10-10 10:37:04+00:00,kabarnya sudah di pecat kok masih ini🥺,kabarnya sudah di pecat kok masih ini🥺,0.0,0.9987263083457947,0
413,"negara lain pake ethanol, karena mesin mereka sudah di setting bisa mentoleransi kandungan ethanol nya,
di konoha mah belum banyak mesin yg kayak begitu,
apa lg yg msh make motor2 tua kayak supra dll,
itu setahu saya sih...",2,2025-10-10 07:41:26+00:00,"negara lain pake ethanol  karena mesin mereka sudah di setting bisa mentoleransi kandungan ethanol nya 
di konoha mah belum banyak mesin yg kayak begitu 
apa lg yg msh make motor2 tua kayak supra dll 
itu setahu saya sih..",negara lain pake ethanol karena mesin mereka sudah di setting bisa mentoleransi kandungan ethanol nya di konoha mah belum banyak mesin yang kayak begitu apa lagi yang msh make motor2 tua kayak supra dll itu setahu saya sih..,0.0,0.9935331344604492,0
414,pak Bahlil mau memusnahkan 2tak kah,2,2025-10-17 15:05:48+00:00,pak bahlil mau memusnahkan 2tak kah,pak bahlil mau memusnahkan 2tak kah,,0.8812509179115295,0
415,Memmang bahlul bahlul,3,2025-10-10 15:17:17+00:00,memmang bahlul bahlul,memmang bahlul bahlul,0.0,0.9658362865447998,0
416,Sebenarnya mereka mau import yg mau mau mereka saja kenapa di batasi? Buktinya ini mau mau kau saja... 😡😡,3,2025-10-10 13:21:11+00:00,sebenarnya mereka mau import yg mau mau mereka saja kenapa di batasi? buktinya ini mau mau kau saja.. 😡😡,sebenarnya mereka mau import yang mau mau mereka saja kenapa di batasi? buktinya ini mau mau kau saja.. 😡😡,0.0,0.9994555115699768,0
417,UDAH KE FILM CARS 3 ETANOL BAHLIL ADALAH MOBIL LISTRIK,2,2025-10-19 07:13:26+00:00,udah ke film cars 3 etanol bahlil adalah mobil listrik,sudah ke film cars 3 etanol bahlil adalah mobil listrik,,0.998522937297821,0
418,Cara menghilangkan bahlil yang membandel,2,2025-10-29 08:54:33+00:00,cara menghilangkan bahlil yang membandel,cara menghilangkan bahlil yang membandel,,0.7054364085197449,0
419,klo ad apa-apa gantiin ya🗿,2,2025-10-17 08:37:14+00:00,klo ad apa apa gantiin ya🗿,kalau ad apa apa gantiin ya🗿,,0.704081118106842,0
420,negara masih aja orang model begini di pelihara 😌,3,2025-10-13 01:24:10+00:00,negara masih aja orang model begini di pelihara 😌,negara masih aja orang model begini di pelihara 😌,0.0,0.9994128942489624,0
421,mungkin mau jadi Sahroni ke dua orang ini,3,2025-10-10 08:22:45+00:00,mungkin mau jadi sahroni ke dua orang ini,mungkin mau jadi sahroni ke dua orang ini,0.0,0.9927350282669067,0
422,negara yang sudah memakai ethanol?,4,2025-10-10 08:50:24+00:00,negara yang sudah memakai ethanol?,negara yang sudah memakai ethanol?,0.0,0.9725289940834045,0
423,kici kicii,2,2025-10-10 14:14:19+00:00,kici kicii,kici kicii,1.0,0.9778514504432678,1
424,BAHLIL = BAHAN TAHLILAN,2,2025-10-09 17:46:33+00:00,bahlil   bahan tahlilan,bahlil bahan tahlilan,,0.9885563254356384,0
425,"SAYA TADI BELI PERTAMAX MASIH TETAP BEREBET, KADANG D GAS SUKA NAHAN GITU , PUSING , MAU ISI SHELL BELUM ADA JUGA YG SUPER",2,2025-10-09 20:06:59+00:00,saya tadi beli pertamax masih tetap berebet  kadang d gas suka nahan gitu   pusing   mau isi shell belum ada juga yg super,saya tadi beli pertamax masih tetap berebet kadang d gas suka nahan gitu pusing mau isi shell belum ada juga yang super,0.0,0.9920122027397156,0
426,"demi kepentingan bisnis doang anjir, rakyatnya di sengsara in",2,2025-10-10 14:57:55+00:00,demi kepentingan bisnis doang anjir  rakyatnya di sengsara in,demi kepentingan bisnis doang anjing rakyatnya di sengsara in,0.0,0.9994840621948242,0
427,nyiksa bgt sma rakyat teh,2,2025-10-10 20:54:43+00:00,nyiksa bgt sma rakyat teh,nyiksa banget sma rakyat teh,0.0,0.9992903470993042,0
428,oke gas oke gas demo,2,2025-10-09 20:46:49+00:00,oke gas oke gas demo,baik gas baik gas demo,1.0,0.9890641570091248,1
429,"malaysia mampu kasi rakyatnya dgn harga 7500/l ron 95,idonesia bbmnya oplosan harga diatas 12ribu ron 92,indonesia no 2 termahal dunia",2,2025-10-13 16:49:49+00:00,malaysia mampu kasi rakyatnya dgn harga 7500 l ron 95 idonesia bbmnya oplosan harga diatas 12ribu ron 92 indonesia no 2 termahal dunia,malaysia mampu kasi rakyatnya dengan harga 7500 l ron 95 idonesia bbmnya oplosan harga diatas 12ribu ron 92 indonesia no 2 termahal dunia,1.0,0.9671595692634583,1
430,minta didemo lagi mungkin,2,2025-10-11 04:57:30+00:00,minta didemo lagi mungkin,minta didemo lagi mungkin,0.0,0.9993033409118652,0
431,"semua dioplos, beras juga dioplos",3,2025-10-09 19:04:11+00:00,semua dioplos  beras juga dioplos,semua dioplos beras juga dioplos,0.0,0.7965628504753113,0
432,"Sedangkan Shell, BP-AKR dan Vivo tidak menggunakan campuran etanol karena biaya penanganannya dinilai lebih besar",2,2025-10-09 17:14:53+00:00,sedangkan shell  bp akr dan vivo tidak menggunakan campuran etanol karena biaya penanganannya dinilai lebih besar,sedangkan shell bp akr dan vivo tidak menggunakan campuran etanol karena biaya penanganannya dinilai lebih besar,,0.9949964284896851,0
434,kenapa pak Teddy diam....,1,2025-11-04 11:13:20+00:00,kenapa pak teddy diam..,kenapa pak teddy diam..,0.0,0.8286359310150146,0
435,bahlil saat masih gadis,3,2025-10-11 03:35:02+00:00,bahlil saat masih gadis,bahlil saat masih gadis,,0.9106400012969971,0
436,"harga etanol lebih mahal dari harga BBM,ketika di tambahkan ethanol,berati ada pengadaan barang,,, sampai disini anda paham?",3,2025-10-09 12:50:16+00:00,harga etanol lebih mahal dari harga bbm ketika di tambahkan ethanol berati ada pengadaan barang   sampai disini anda paham?,harga etanol lebih mahal dari harga bbm ketika di tambahkan ethanol berati ada pengadaan barang sampai disini anda paham?,0.0,0.9338982105255127,0
437,Bisa demo ngak sih,3,2025-10-09 09:34:04+00:00,bisa demo ngak sih,bisa demo tidak ya,,0.7988395094871521,0
438,"apa kah ini sebuah strategi,untuk mengusir perusahaan asing?",3,2025-10-09 12:00:05+00:00,apa kah ini sebuah strategi untuk mengusir perusahaan asing?,apa kah ini sebuah strategi untuk mengusir perusahaan asing?,0.0,0.9858803153038025,0
440,lagian supir angkot disuruh jadi Mentri 😖😓,3,2025-10-09 10:56:15+00:00,lagian supir angkot disuruh jadi mentri,lagian supir angkot disuruh jadi mentri,0.0,0.9970734119415283,0
441,Makin hari makin ga ada otak nya pemerintah,3,2025-10-09 12:25:15+00:00,makin hari makin ga ada otak nya pemerintah,makin hari makin tidak ada otak nya pemerintah,0.0,0.9994773268699646,0
442,pemerintah skrg makin kedepan makin kacau padahal punya sumber alam sendri masih pada kakurangan BBM knp ya kn aneh,1,2025-11-06 01:23:36+00:00,pemerintah skrg makin kedepan makin kacau padahal punya sumber alam sendri masih pada kakurangan bbm knp ya kn aneh,pemerintah sekarang makin kedepan makin kacau padahal punya sumber alam sendri masih pada kakurangan bbm kenapa ya kn aneh,0.0,0.9994121789932251,0
443,parah banget pemerintah sekarang,2,2025-10-28 12:31:09+00:00,parah banget pemerintah sekarang,parah banget pemerintah sekarang,0.0,0.9994490742683411,0
444,Bahlil ga bisa di ganti y guys soalnya titipan jokowi 😭,3,2025-10-09 19:39:37+00:00,bahlil ga bisa di ganti y guys soalnya titipan jokowi 😭,bahlil tidak bisa di ganti y guys soalnya titipan jokowi 😭,0.0,0.8264954090118408,0
445,setiap bahlil ngomong semakin dekat akhir jaman,2,2025-10-15 05:49:13+00:00,setiap bahlil ngomong semakin dekat akhir jaman,setiap bahlil ngomong semakin dekat akhir jaman,0.0,0.807124137878418,0
446,pak presiden cepat adakan lagi resavell terutama bpk satu ini.,2,2025-10-11 05:13:14+00:00,pak presiden cepat adakan lagi resavell terutama bpk satu ini.,pak presiden cepat adakan lagi resavell terutama bpk satu ini.,1.0,0.6726292371749878,1
447,Lama lama mending pake sepeda/jalan kaki aja dari pada bawa motor/mobil,2,2025-10-09 07:31:41+00:00,lama lama mending pake sepeda jalan kaki aja dari pada bawa motor mobil,lama lama mending pake sepeda jalan kaki aja dari pada bawa motor mobil,0.0,0.9887605309486389,0
449,saya dukung kamu bg semangat bg masih ada orang lain yang dukung lu 😁😁,2,2025-10-14 02:51:25+00:00,saya dukung kamu bg semangat bg masih ada orang lain yang dukung lu 😁😁,saya dukung kamu bg semangat bg masih ada orang lain yang dukung kamu 😁😁,1.0,0.9973371624946594,1
450,untungnya Bahlil JD mntri,2,2025-10-09 05:33:21+00:00,untungnya bahlil jd mntri,untungnya bahlil jd mntri,1.0,0.9968948364257812,1
451,tau film yg balap mobil itu ga si? yg punya campuran etanol yg buat mobil meledak?,2,2025-10-09 15:59:48+00:00,tau film yg balap mobil itu ga si? yg punya campuran etanol yg buat mobil meledak?,tau film yang balap mobil itu tidak si? yang punya campuran etanol yang buat mobil meledak?,0.0,0.9534045457839966,0
452,yaudah gw byr pajak gw campurin sama batu.,2,2025-10-28 06:26:10+00:00,yaudah gw byr pajak gw campurin sama batu.,yaudah saya byr pajak saya campurin sama batu.,0.0,0.9929782748222351,0
453,dia lagi Bae ya gaduh viral,2,2025-10-09 16:37:00+00:00,dia lagi bae ya gaduh viral,dia lagi kesayangan ya gaduh viral,,0.9644621014595032,0
454,rakyat muak liat bahil,2,2025-10-10 23:23:10+00:00,rakyat muak liat bahil,rakyat muak liat bahil,0.0,0.9994990825653076,0
456,𝒅𝒊 𝒋𝒂𝒘𝒂 𝒕𝒊𝒎𝒖𝒓 𝒃𝒂𝒏𝒚𝒂𝒌 𝒌𝒂𝒔𝒖𝒔 𝒉𝒂𝒃𝒊𝒔 𝒊𝒔𝒊 𝒑𝒆𝒓𝒕𝒂𝒍𝒊𝒕𝒆 𝒔𝒆𝒑𝒆𝒅𝒂 𝒎𝒐𝒕𝒐𝒓 𝒃𝒂𝒏𝒚𝒂𝒌 𝒚𝒈 𝒃𝒓𝒆𝒃𝒆𝒕 𝒅𝒂𝒏 𝒎𝒐𝒈𝒐𝒌...,2,2025-10-28 10:27:48+00:00,𝒅𝒊 𝒋𝒂𝒘𝒂 𝒕𝒊𝒎𝒖𝒓 𝒃𝒂𝒏𝒚𝒂𝒌 𝒌𝒂𝒔𝒖𝒔 𝒉𝒂𝒃𝒊𝒔 𝒊𝒔𝒊 𝒑𝒆𝒓𝒕𝒂𝒍𝒊𝒕𝒆 𝒔𝒆𝒑𝒆𝒅𝒂 𝒎𝒐𝒕𝒐𝒓 𝒃𝒂𝒏𝒚𝒂𝒌 𝒚𝒈 𝒃𝒓𝒆𝒃𝒆𝒕 𝒅𝒂𝒏 𝒎𝒐𝒈𝒐𝒌..,𝒅𝒊 𝒋𝒂𝒘𝒂 𝒕𝒊𝒎𝒖𝒓 𝒃𝒂𝒏𝒚𝒂𝒌 𝒌𝒂𝒔𝒖𝒔 𝒉𝒂𝒃𝒊𝒔 𝒊𝒔𝒊 𝒑𝒆𝒓𝒕𝒂𝒍𝒊𝒕𝒆 𝒔𝒆𝒑𝒆𝒅𝒂 𝒎𝒐𝒕𝒐𝒓 𝒃𝒂𝒏𝒚𝒂𝒌 𝒚𝒈 𝒃𝒓𝒆𝒃𝒆𝒕 𝒅𝒂𝒏 𝒎𝒐𝒈𝒐𝒌..,1.0,0.997958779335022,1
457,di sc aja udah jadi meme njirlah,2,2025-10-23 01:38:11+00:00,di sc aja udah jadi meme njirlah,di sc aja sudah jadi meme njirlah,0.0,0.998792290687561,0
458,"MUKA sama HATI gda bedanya,,,",2,2025-10-10 04:08:58+00:00,muka sama hati gda bedanya,muka sama hati gda bedanya,0.0,0.7712246179580688,0
459,betul banget tuh bosqu🥰,2,2025-10-09 03:16:04+00:00,betul banget tuh bosqu🥰,betul banget tuh bosqu🥰,1.0,0.9846285581588745,1
460,"Bahlil ×
bahlul ✓",2,2025-10-12 05:14:18+00:00,"bahlil  
bahlul",bahlil bahlul,0.0,0.9772870540618896,0
461,Buang jdi mentri... termul tulen..,2,2025-10-11 13:37:15+00:00,buang jdi mentri.. termul tulen..,buang jdi mentri.. termul tulen..,0.0,0.9986985921859741,0
462,"bahlil❌
bahlul✅",2,2025-10-15 02:46:48+00:00,"bahlil❌
bahlul✅",bahlil❌ bahlul✅,,0.9165325164794922,0
464,❤️‍🔥❤️‍🔥❤️‍🔥,2,2025-10-15 11:00:18+00:00,️‍🔥 ️‍🔥 ️‍🔥,️‍🔥 ️‍🔥 ️‍🔥,1.0,0.9990559220314026,1
465,orang kek gini kok masih di anggap.. gmn Prabowo,2,2025-10-14 00:53:05+00:00,orang kek gini kok masih di anggap.. gmn prabowo,orang kek gini kok masih di anggap.. gimana prabowo,0.0,0.9986991882324219,0
466,hasil krjanya trgambar di wajahnya,2,2025-10-12 23:11:28+00:00,hasil krjanya trgambar di wajahnya,hasil krjanya trgambar di wajahnya,1.0,0.7829110622406006,1
467,Setelah Sahroni .Bahlil pun ingin bedah rumah dadakan 😁,2,2025-10-13 00:39:05+00:00,setelah sahroni .bahlil pun ingin bedah rumah dadakan 😁,setelah sahroni .bahlil pun ingin bedah rumah dadakan 😁,,0.9944838881492615,0
468,secara tidak langsung kita di alihkan untuk memakai kendaraan listrik,2,2025-10-12 06:05:32+00:00,secara tidak langsung kita di alihkan untuk memakai kendaraan listrik,secara tidak langsung kita di alihkan untuk memakai kendaraan listrik,,0.9980308413505554,0
469,pantes motor gua brebet mulu anj,2,2025-10-09 07:34:28+00:00,pantes motor gua brebet mulu anj,pantes motor gua brebet mulu anjing,0.0,0.9990555644035339,0
470,bikin gaduh manusia satu ini,2,2025-10-11 00:08:05+00:00,bikin gaduh manusia satu ini,bikin gaduh manusia satu ini,0.0,0.9987236857414246,0
471,perlu di selidiki ijazahnya bahlil... emang lulusan apa dia... kok bisa etanol d campur bensin... ramah lingkungan😇😇😇,2,2025-10-11 07:46:21+00:00,perlu di selidiki ijazahnya bahlil.. emang lulusan apa dia.. kok bisa etanol d campur bensin.. ramah lingkungan,perlu di selidiki ijazahnya bahlil.. emang lulusan apa dia.. kok bisa etanol d campur bensin.. ramah lingkungan,0.0,0.9967635869979858,0
472,ente bahlil apa bahlul?,2,2025-10-12 02:31:49+00:00,ente bahlil apa bahlul?,ente bahlil apa bahlul?,0.0,0.9982194304466248,0
473,dia dulu sekolah ga sih,2,2025-10-11 04:23:06+00:00,dia dulu sekolah ga sih,dia dulu sekolah tidak ya,0.0,0.8982244729995728,0
474,TUJUANNYA AGAR KENDARAAN LAMA2 RUSAK DAN GANTI KE KENDARAAN LISTRIK,2,2025-10-11 08:55:28+00:00,tujuannya agar kendaraan lama2 rusak dan ganti ke kendaraan listrik,tujuannya agar kendaraan lama2 rusak dan ganti ke kendaraan listrik,,0.9357715249061584,0
476,yg tidak bagus motor kami karena mesinnya bukan untuk etanol,2,2025-10-30 04:30:47+00:00,yg tidak bagus motor kami karena mesinnya bukan untuk etanol,yang tidak bagus motor kami karena mesinnya bukan untuk etanol,0.0,0.9990596175193787,0
477,ngerti gah sih,2,2025-10-10 09:09:30+00:00,ngerti gah sih,ngerti gah ya,0.0,0.9983715415000916,0
478,negara lain tp ga berani nyebut negara mn nya😂😂,3,2025-10-10 07:58:10+00:00,negara lain tp ga berani nyebut negara mn nya😂😂,negara lain tapi tidak berani nyebut negara mn nya😂😂,0.0,0.9978477954864502,0
479,emang paling bener berangkat (kerja/sekolah)pake sepeda(walau berangkatnya harus cepat)🗿,2,2025-10-19 12:32:20+00:00,emang paling bener berangkat  kerja sekolah pake sepeda walau berangkatnya harus cepat 🗿,emang paling benar berangkat kerja sekolah pake sepeda walau berangkatnya harus cepat 🗿,1.0,0.9901729822158813,1
480,lah etanol bikin mesin 2tak rusak ?,2,2025-10-19 07:54:08+00:00,lah etanol bikin mesin 2tak rusak ?,lah etanol bikin mesin 2tak rusak ?,0.0,0.9367550015449524,0
481,bisa merusak mesin 2 takk pak bahlilll,2,2025-10-19 00:05:29+00:00,bisa merusak mesin 2 takk pak bahlill,bisa merusak mesin 2 takk pak bahlill,0.0,0.985952615737915,0
482,Lah emang kendaraan bahlil udah pakai etanol,2,2025-10-18 12:03:56+00:00,lah emang kendaraan bahlil udah pakai etanol,lah emang kendaraan bahlil sudah pakai etanol,,0.9894459843635559,0
483,makin miris aja negara konoha🥲🥲,2,2025-10-17 11:49:12+00:00,makin miris aja negara konoha,makin miris aja negara konoha,0.0,0.999384880065918,0
484,anjir masih idup prasaan udh di bakar sarang nya,2,2025-10-17 05:35:13+00:00,anjir masih idup prasaan udh di bakar sarang nya,anjing masih idup prasaan sudah di bakar sarang nya,0.0,0.995964765548706,0
485,goblin,2,2025-10-16 10:04:01+00:00,goblin,goblin,0.0,0.9952501058578491,0
486,kami warga indonesia siyap demo jaga jaga jak,2,2025-10-15 12:20:15+00:00,kami warga indonesia siyap demo jaga jaga jak,kami warga indonesia siyap demo jaga jaga jak,0.0,0.9851896166801453,0
487,kaya gak asing ya,2,2025-10-15 06:12:40+00:00,kaya gak asing ya,kaya tidak asing ya,1.0,0.9783811569213867,1
488,"padahal di film MC queen udh dijelaskan klo etanol dan bensin bersatu itu menyebabkan mesin cepat rusak dan pemanasan secara berlebih, terus klo ada infrared atau suar bisa menyebabkan meledaknya kendaraan tersebut. makanya yg punya olinol sendiri mesinnya sering mogok dan oliya bocor",2,2025-10-13 11:11:51+00:00,padahal di film mc queen udh dijelaskan klo etanol dan bensin bersatu itu menyebabkan mesin cepat rusak dan pemanasan secara berlebih  terus klo ada infrared atau suar bisa menyebabkan meledaknya kendaraan tersebut. makanya yg punya olinol sendiri mesinnya sering mogok dan oliya bocor,padahal di film mc queen sudah dijelaskan kalau etanol dan bensin bersatu itu menyebabkan mesin cepat rusak dan pemanasan secara berlebih terus kalau ada infrared atau suar bisa menyebabkan meledaknya kendaraan tersebut. makanya yang punya olinol sendiri mesinnya sering mogok dan oliya bocor,0.0,0.9961938858032227,0
489,salah satu cara untuk menciptakan 19 jt lapangan pekerjaan ngaa sii??,2,2025-10-10 03:34:13+00:00,salah satu cara untuk menciptakan 19 jt lapangan pekerjaan ngaa sii??,salah satu cara untuk menciptakan 19 jt lapangan pekerjaan ngaa sii??,,0.9945464134216309,0
490,parahhhh....lulusan mana menteri ini,2,2025-10-09 10:52:58+00:00,parahh..lulusan mana menteri ini,parahh..lulusan mana menteri ini,0.0,0.9995390176773071,0
491,bahlul,2,2025-10-09 13:13:19+00:00,bahlul,bahlul,0.0,0.9898656010627747,0
492,"Gimana nihh masa kendaraan kita di isi bbm gak baik, rusak kita yg tanggung sendiri, 😔",2,2025-10-10 02:20:29+00:00,gimana nihh masa kendaraan kita di isi bbm gak baik  rusak kita yg tanggung sendiri,gimana nihh masa kendaraan kita di isi bbm tidak baik rusak kita yang tanggung sendiri,0.0,0.9991450309753418,0
493,"setiap ada kebijakan g ada yg nyengin rakyat,yg ada nyusahin terus",2,2025-10-09 05:48:40+00:00,setiap ada kebijakan g ada yg nyengin rakyat yg ada nyusahin terus,setiap ada kebijakan g ada yang nyengin rakyat yang ada nyusahin terus,0.0,0.999305009841919,0
494,akun si bahlil komentar nya di matiin😂,2,2025-10-11 05:06:51+00:00,akun si bahlil komentar nya di matiin😂,akun si bahlil komentar nya di matiin😂,0.0,0.9966782331466675,0
495,tujuan nyaa. merusak kendaraan yg pakai minyak.. biar beralih ke listrik semua,2,2025-10-10 14:26:09+00:00,tujuan nyaa. merusak kendaraan yg pakai minyak.. biar beralih ke listrik semua,tujuan nyaa. merusak kendaraan yang pakai minyak.. biar beralih ke listrik semua,0.0,0.9518568515777588,0
496,muka y itu loh,2,2025-10-10 15:39:38+00:00,muka y itu loh,muka y itu loh,0.0,0.9970506429672241,0
497,infokan sniper,2,2025-10-09 21:58:38+00:00,infokan sniper,infokan sniper,,0.994508683681488,0
498,Demo lagi 🔥🔥🔥,3,2025-10-09 05:10:04+00:00,demo lagi 🔥🔥,demo lagi 🔥🔥,0.0,0.9959388971328735,0
499,bahlil dan bahlul beda tipis. cuma beda 1 huruf,3,2025-10-10 06:18:21+00:00,bahlil dan bahlul beda tipis. cuma beda 1 huruf,bahlil dan bahlul beda tipis. cuma beda 1 huruf,0.0,0.8969109654426575,0
501,Mentri2 titipan dari pak mul tidak ada yg bermutu sama sekali..,3,2025-10-09 10:45:06+00:00,mentri2 titipan dari pak mul tidak ada yg bermutu sama sekali..,mentri2 titipan dari pak mul tidak ada yang bermutu sama sekali..,0.0,0.9991169571876526,0
502,"sepertinya harus kuliah dulu,,,,",3,2025-10-09 10:59:48+00:00,sepertinya harus kuliah dulu,sepertinya harus kuliah dulu,,0.9969580173492432,0
503,"Sumatra dengan sawitnya, Kalimantan dengan batubara nya, Sulawesi dengan nikel nya,Papua dengan emasnya ,JAWA dengan HAMA nya🤪🤪",2,2025-10-11 05:30:05+00:00,sumatra dengan sawitnya  kalimantan dengan batubara nya  sulawesi dengan nikel nya papua dengan emasnya  jawa dengan hama nya,sumatra dengan sawitnya kalimantan dengan batubara nya sulawesi dengan nikel nya papua dengan emasnya jawa dengan hama nya,,0.756064772605896,0
504,menteri ky gini,2,2025-10-09 09:37:45+00:00,menteri ky gini,menteri ky gini,0.0,0.976262629032135,0
505,semoga cepatt di gantikan yang satu ini,2,2025-10-11 04:34:49+00:00,semoga cepatt di gantikan yang satu ini,semoga cepatt di gantikan yang satu ini,,0.9119914770126343,0
506,rumah Bahlil di jl duren tiga selatan kalibata Jaksel samping PLN depan pertigaan kalibata Utara 6,3,2025-10-10 05:54:41+00:00,rumah bahlil di jl duren tiga selatan kalibata jaksel samping pln depan pertigaan kalibata utara 6,rumah bahlil di jl duren tiga selatan kalibata jaksel samping pln depan pertigaan kalibata utara 6,,0.9344179034233093,0
507,"jngn"" kemarin itu uji coba campuran ethanol yg banyak kendaraan mati tiba-tiba di KAL-TIM.... hmmmmmmm😏",3,2025-10-09 05:46:12+00:00,jngn  kemarin itu uji coba campuran ethanol yg banyak kendaraan mati tiba tiba di kal tim.. hmm😏,jngn kemarin itu uji coba campuran ethanol yang banyak kendaraan mati tiba tiba di kal tim.. hmm😏,,0.8761578798294067,0
508,bahlul emang beda🤣,2,2025-10-11 14:55:14+00:00,bahlul emang beda🤣,bahlul emang beda🤣,0.0,0.9938198924064636,0
509,kalo motor kita rusak gara gara bensin di campur metanol kita tuntut bahlil,2,2025-10-10 06:14:08+00:00,kalo motor kita rusak gara gara bensin di campur metanol kita tuntut bahlil,kalau motor kita rusak gara gara bensin di campur metanol kita tuntut bahlil,0.0,0.995040237903595,0
510,kenapa ya SDM pemerintah gitu banget,3,2025-10-13 04:01:17+00:00,kenapa ya sdm pemerintah gitu banget,kenapa ya sdm pemerintah gitu banget,0.0,0.9986780285835266,0
511,gimana yah bilangnya,3,2025-10-09 23:34:53+00:00,gimana yah bilangnya,gimana ya bilangnya,0.0,0.9967080354690552,0
512,tolol motor gw det det,2,2025-10-28 11:38:11+00:00,tolol motor gw det det,tolol motor saya det det,0.0,0.9881787896156311,0
513,bahlil b nya apa?,2,2025-10-09 20:58:55+00:00,bahlil b nya apa?,bahlil b nya apa?,0.0,0.9922879934310913,0
514,bahlil kendaraannya pake bensin gak si? jangan jangan dia beli di shell,2,2025-10-11 05:30:27+00:00,bahlil kendaraannya pake bensin gak si? jangan jangan dia beli di shell,bahlil kendaraannya pake bensin tidak si? jangan jangan dia beli di shell,0.0,0.995074450969696,0
515,"mulai besok dari pada resiko mending naik speda gowes dahlah,makasih bahlil saya akhirnya jual motor",2,2025-10-09 05:47:48+00:00,mulai besok dari pada resiko mending naik speda gowes dahlah makasih bahlil saya akhirnya jual motor,mulai besok dari pada resiko mending naik speda gowes dahlah terima kasih bahlil saya akhirnya jual motor,1.0,0.9423659443855286,1
516,bikin motor/mobil cepet rusak.... bikin rakyat tambah sengsara,2,2025-10-09 23:37:25+00:00,bikin motor mobil cepet rusak.. bikin rakyat tambah sengsara,bikin motor mobil cepet rusak.. bikin rakyat tambah sengsara,0.0,0.9993472695350647,0
517,"di sama"" in sama negara' lain bangsat",2,2025-10-14 06:38:50+00:00,di sama  in sama negara  lain bangsat,di sama in sama negara lain bangsat,0.0,0.9994770884513855,0
518,Kapan di reshufle?,2,2025-10-10 15:33:37+00:00,kapan di reshufle?,kapan di reshufle?,0.0,0.8709424734115601,0
519,Waaaaah .... membalik fakta,2,2025-10-12 10:24:58+00:00,waah .. membalik fakta,waah .. membalik fakta,0.0,0.9397197961807251,0
520,negara mana coba yang pake bahan bakar campur etanol?,2,2025-10-14 09:20:46+00:00,negara mana coba yang pake bahan bakar campur etanol?,negara mana coba yang pake bahan bakar campur etanol?,0.0,0.9685544967651367,0
521,KEBANYAKAN MIRAS,2,2025-10-11 17:38:17+00:00,kebanyakan miras,kebanyakan miras,0.0,0.9982784986495972,0
522,jangan samakan dengan luar negeri lil .mereka jaga kualitas sedangkan di negeri kita banyak di buat korup,2,2025-10-12 08:31:25+00:00,jangan samakan dengan luar negeri lil .mereka jaga kualitas sedangkan di negeri kita banyak di buat korup,jangan samakan dengan luar negeri lil .mereka jaga kualitas sedangkan di negeri kita banyak di buat korup,0.0,0.9993483424186707,0
523,kalo dia ngomong kiamat maju 1 jam,2,2025-10-10 13:18:32+00:00,kalo dia ngomong kiamat maju 1 jam,kalau dia ngomong kiamat maju 1 jam,0.0,0.9964021444320679,0
524,"negara lain? sekelas Shell,Vivo aja ogah etanol gimana sih......",2,2025-10-10 11:57:03+00:00,negara lain? sekelas shell vivo aja ogah etanol gimana sih..,negara lain? sekelas shell vivo aja ogah etanol gimana sih..,0.0,0.9989882111549377,0
525,koar koar membela diri,2,2025-10-10 15:19:00+00:00,koar koar membela diri,koar koar membela diri,,0.9106269478797913,0
526,negara lain?negara yg mna,2,2025-10-12 02:40:08+00:00,negara lain?negara yg mna,negara lain?negara yang mna,0.0,0.9987988471984863,0
527,"motor gua rusakk gara"" kebijakanmuu pakkk😭",2,2025-10-29 11:00:13+00:00,motor gua rusakk gara  kebijakanmuu pakk😭,motor gua rusakk gara kebijakanmuu pakk😭,0.0,0.9994797110557556,0
528,iki omong opo cah iki,2,2025-10-12 03:56:37+00:00,iki omong opo cah iki,iki omong opo cah iki,,0.7567611336708069,0
529,negara mana yg mau pakai etanol lul,2,2025-10-10 13:17:48+00:00,negara mana yg mau pakai etanol lul,negara mana yang mau pakai etanol lul,,0.9209756255149841,0
530,bensol masih ada bos,2,2025-10-14 11:49:00+00:00,bensol masih ada bos,bensol masih ada bos,0.0,0.9977013468742371,0
531,kendaraan lu aja sendiri yg pake tuh bbm.,2,2025-10-11 10:34:34+00:00,kendaraan lu aja sendiri yg pake tuh bbm.,kendaraan kamu aja sendiri yang pake tuh bbm.,0.0,0.983965277671814,0
532,sesekali pakai bahasa inggris,2,2025-10-12 13:10:18+00:00,sesekali pakai bahasa inggris,sesekali pakai bahasa inggris,0.0,0.9503625631332397,0
533,motor rusak gara2 etanol,2,2025-10-10 12:18:59+00:00,motor rusak gara2 etanol,motor rusak gara2 etanol,0.0,0.9990018010139465,0
534,negara mana woyy,2,2025-10-10 11:14:37+00:00,negara mana woyy,negara mana woyy,0.0,0.7711181640625,0
535,etanol membuat kendaraan kita menjadi rusak,2,2025-10-10 09:59:08+00:00,etanol membuat kendaraan kita menjadi rusak,etanol membuat kendaraan kita menjadi rusak,,0.8450287580490112,0
536,nyocott🗿,2,2025-10-11 12:07:52+00:00,nyocott🗿,nyocott🗿,0.0,0.8097296953201294,0
537,emang ga salah dikasih nama BAHLUL,2,2025-10-11 13:37:40+00:00,emang ga salah dikasih nama bahlul,emang tidak salah dikasih nama bahlul,0.0,0.8046116828918457,0
538,"Data nya bagikan?, adu penelitiannya dengan ahli tentang apa yg anda sampaikan itu pak",1,2025-10-12 09:16:33+00:00,data nya bagikan?  adu penelitiannya dengan ahli tentang apa yg anda sampaikan itu pak,data nya bagikan? adu penelitiannya dengan ahli tentang apa yang anda sampaikan itu pak,0.0,0.9410955905914307,0
539,"bisa ngomong langsung ga si didpn pak bahlil?
gue bawain buku fisika skalian gue ajak ngebengkel skalian biar tau deh",2,2025-10-13 14:30:39+00:00,"bisa ngomong langsung ga si didpn pak bahlil?
gue bawain buku fisika skalian gue ajak ngebengkel skalian biar tau deh",bisa ngomong langsung tidak si didpn pak bahlil? saya bawain buku fisika skalian saya ajak ngebengkel skalian biar tau deh,,0.9756804704666138,0
540,ipin upin....🤪🤪🤪🤪🤪🤪,2,2025-10-10 05:56:35+00:00,ipin upin..,ipin upin..,0.0,0.9970575571060181,0
541,"Tangki motor jadi karatan‼️,,mesin cepat rusak‼️🥲👍",2,2025-10-10 11:00:44+00:00,tangki motor jadi karatan ️  mesin cepat rusak ️ 👍,tangki motor jadi karatan ️ mesin cepat rusak ️ 👍,0.0,0.9985414743423462,0
542,pecaaattt atau di ganti ketua,3,2025-10-15 13:50:58+00:00,pecaatt atau di ganti ketua,pecaatt atau di ganti ketua,0.0,0.981674075126648,0
543,coba bahlil bantu sebutkan negara2 apa yg suda pake barang itu,3,2025-10-10 15:35:30+00:00,coba bahlil bantu sebutkan negara2 apa yg suda pake barang itu,coba bahlil bantu sebutkan negara2 apa yang suda pake barang itu,,0.9960078001022339,0
544,beliau tidak mengerti dampaknya ke motor😂,2,2025-10-09 12:22:53+00:00,beliau tidak mengerti dampaknya ke motor😂,beliau tidak mengerti dampaknya ke motor😂,0.0,0.9993112087249756,0
545,kereta ku rusak rusak aja gara gara ini bang 🤦🏻,2,2025-10-09 10:02:48+00:00,kereta ku rusak rusak aja gara gara ini bang,kereta ku rusak rusak aja gara gara ini bang,0.0,0.9994626641273499,0
546,"terlepas dari masalah etanol bagus apa gak nya, emang etanol nya udah bisa full produksi dalam negri? impor lagi kan?",2,2025-10-09 08:26:34+00:00,terlepas dari masalah etanol bagus apa gak nya  emang etanol nya udah bisa full produksi dalam negri? impor lagi kan?,terlepas dari masalah etanol bagus apa tidak nya emang etanol nya sudah bisa full produksi dalam negri? impor lagi kan?,0.0,0.990806519985199,0
547,"betul tu bang, rusak motor gw kayak banjir harus dikuras kayak ada airnya.",3,2025-10-09 06:14:24+00:00,betul tu bang  rusak motor gw kayak banjir harus dikuras kayak ada airnya.,betul tu bang rusak motor saya kayak banjir harus dikuras kayak ada airnya.,0.0,0.9992676377296448,0
549,makanya penting belajar itu ya gitu,2,2025-10-09 19:58:29+00:00,makanya penting belajar itu ya gitu,makanya penting belajar itu ya gitu,0.0,0.8229599595069885,0
550,bahlil B nya apa,2,2025-10-09 14:42:32+00:00,bahlil b nya apa,bahlil b nya apa,,0.844081461429596,0
551,namanya bahlul bukan bahlil,2,2025-10-10 22:26:27+00:00,namanya bahlul bukan bahlil,namanya bahlul bukan bahlil,0.0,0.9870814681053162,0
552,sudah ku bilang itu tidak baik,2,2025-10-13 00:37:48+00:00,sudah ku bilang itu tidak baik,sudah ku bilang itu tidak baik,0.0,0.9963647723197937,0
553,nanti impor ethanol lagi wkwkw😂😂😂,2,2025-10-11 05:25:53+00:00,nanti impor ethanol lagi wkwkw😂😂,nanti impor ethanol lagi wkwkw😂😂,0.0,0.9984554052352905,0
554,perasaan Mentri Mentri Konoha ngak ada yg gablek ya,2,2025-10-09 09:06:21+00:00,perasaan mentri mentri konoha ngak ada yg gablek ya,perasaan mentri mentri konoha tidak ada yang gablek ya,0.0,0.9715800881385803,0
555,"agar tdk dapat impor banyak dan makin banyak masuk kantong pribadi duitnya,,gitu kah?",2,2025-10-11 05:15:52+00:00,agar tdk dapat impor banyak dan makin banyak masuk kantong pribadi duitnya  gitu kah?,agar tidak dapat impor banyak dan makin banyak masuk kantong pribadi duitnya gitu kah?,0.0,0.9987409710884094,0
556,bahlil terbuat dari tanah apa sih??,2,2025-10-11 02:49:33+00:00,bahlil terbuat dari tanah apa sih??,bahlil terbuat dari tanah apa sih??,0.0,0.9892977476119995,0
557,mantap lil bisa kompresi besar gw tanpa pake bbm vp😹,2,2025-10-09 12:08:54+00:00,mantap lil bisa kompresi besar gw tanpa pake bbm vp😹,bagus lil bisa kompresi besar saya tanpa pake bbm vp😹,1.0,0.9968770742416382,1
558,bahlil artinya meddit kan yaa atau apa guys,2,2025-10-10 11:25:55+00:00,bahlil artinya meddit kan yaa atau apa guys,bahlil artinya meddit kan yaa atau apa guys,,0.9694634079933167,0
559,kalau kendaraan rusak = makin banyak bengkel = makin membuka lapangan pekerjaan......... cape bgt 😭🙏🏻,2,2025-10-09 09:08:48+00:00,kalau kendaraan rusak   makin banyak bengkel   makin membuka lapangan pekerjaan.. cape bgt 😭🙏,kalau kendaraan rusak makin banyak bengkel makin membuka lapangan pekerjaan.. cape banget 😭🙏,0.0,0.9992675185203552,0
560,"ini sebenarnya di negara ini ada persiden gak sih ? ada dpr gak sih?
kok Mentri kayak gini masih di pelihara",2,2025-10-09 07:22:35+00:00,"ini sebenarnya di negara ini ada persiden gak sih ? ada dpr gak sih?
kok mentri kayak gini masih di pelihara",ini sebenarnya di negara ini ada persiden tidak ya ? ada dpr tidak sih? kok mentri kayak gini masih di pelihara,0.0,0.9987568855285645,0
561,jangan percaya,2,2025-10-11 13:50:19+00:00,jangan percaya,jangan percaya,1.0,0.6896144151687622,1
563,awas kalo motor supra saya rusak gara2 etanol bahlil saya tuntut,1,2025-10-31 16:29:44+00:00,awas kalo motor supra saya rusak gara2 etanol bahlil saya tuntut,awas kalau motor supra saya rusak gara2 etanol bahlil saya tuntut,0.0,0.9158520102500916,0
564,kok bisa jadi mentri ya🤣,1,2025-11-04 14:50:59+00:00,kok bisa jadi mentri ya🤣,kok bisa jadi mentri ya🤣,0.0,0.7212251424789429,0
565,"pak Bahlil jgn dicampur etanol ngrusak kendaraan ,g usah dicampur Bahlil awas klu dicampur rakyat ngamuk lo",1,2025-11-02 02:03:10+00:00,pak bahlil jgn dicampur etanol ngrusak kendaraan  g usah dicampur bahlil awas klu dicampur rakyat ngamuk lo,pak bahlil jangan dicampur etanol ngrusak kendaraan g usah dicampur bahlil awas klu dicampur rakyat ngamuk kamu,0.0,0.9990230798721313,0
566,Tujuan apa? Tujuan nya untuk mempersulit masyarakat.,1,2025-11-01 05:07:26+00:00,tujuan apa? tujuan nya untuk mempersulit masyarakat.,tujuan apa? tujuan nya untuk mempersulit masyarakat.,0.0,0.9991605281829834,0
568,sengaja bikin mogok massal,1,2025-11-01 08:53:27+00:00,sengaja bikin mogok massal,sengaja bikin mogok massal,0.0,0.9966763257980347,0
569,maaf pa presiden RI BPK Prabowo Subianto ganti bahlil,3,2025-10-10 07:05:33+00:00,maaf pa presiden ri bpk prabowo subianto ganti bahlil,maaf pa presiden ri bpk prabowo subianto ganti bahlil,,0.9990060925483704,0
570,"amerika bahkan udah 80% kak, tapi kelembaban udaranya rendah makanya aman.
klo di Indonesia berbahaya karena sifat ethanol mengikat air",3,2025-10-10 08:25:02+00:00,"amerika bahkan udah 80  kak  tapi kelembaban udaranya rendah makanya aman.
klo di indonesia berbahaya karena sifat ethanol mengikat air",amerika bahkan sudah 80 kakak tapi kelembaban udaranya rendah makanya aman. kalau di indonesia berbahaya karena sifat ethanol mengikat air,0.0,0.6990225315093994,0
571,minyak sawit belum selesai udah pindah etanol aja sii bapak,3,2025-10-10 09:44:28+00:00,minyak sawit belum selesai udah pindah etanol aja sii bapak,minyak sawit belum selesai sudah pindah etanol aja sii bapak,0.0,0.9963791966438293,0
572,bahlil bahlul sama sama apa ?,3,2025-10-10 13:05:10+00:00,bahlil bahlul sama sama apa ?,bahlil bahlul sama sama apa ?,0.0,0.9735864996910095,0
574,"Ga ngerti Dia soal Regulasi mesin.
taunya Untung aja dan Rugi.
Harus banyak belajar ling",2,2025-10-12 16:04:18+00:00,"ga ngerti dia soal regulasi mesin.
taunya untung aja dan rugi.
harus banyak belajar ling",tidak ngerti dia soal regulasi mesin. taunya untung aja dan rugi. harus banyak belajar ling,0.0,0.9994081258773804,0
575,Diam Kau Bahlil pusing aku liat kau banyak betul pembualan mu,3,2025-10-11 11:10:05+00:00,diam kau bahlil pusing aku liat kau banyak betul pembualan mu,diam kau bahlil pusing saya liat kau banyak betul pembualan mu,0.0,0.99949049949646,0
576,bukti sudah ada masih mau bersilat lidah😭😭😭,1,2025-10-30 10:09:02+00:00,bukti sudah ada masih mau bersilat lidah😭😭,bukti sudah ada masih mau bersilat lidah😭😭,0.0,0.9978833794593811,0
577,kalo motor rusak mau gantiin enggak mending bensin tampa etanol,2,2025-10-14 11:12:16+00:00,kalo motor rusak mau gantiin enggak mending bensin tampa etanol,kalau motor rusak mau gantiin enggak mending bensin tampa etanol,0.0,0.9763615131378174,0
578,baca buku manual panduan kendaraan,4,2025-10-10 09:10:14+00:00,baca buku manual panduan kendaraan,baca buku manual panduan kendaraan,,0.9977344274520874,0
579,buktinya dinegara lain gak ada menteri modelan bapak. kenapa di indonesia ada?,2,2025-10-10 08:26:19+00:00,buktinya dinegara lain gak ada menteri modelan bapak. kenapa di indonesia ada?,buktinya dinegara lain tidak ada menteri modelan bapak. kenapa di indonesia ada?,0.0,0.9976063966751099,0
580,"jgn negara lain yg di urus
urus aja indonesia...
kan bpk kerja di negara ini...",2,2025-10-10 15:07:30+00:00,"jgn negara lain yg di urus
urus aja indonesia..
kan bpk kerja di negara ini..",jangan negara lain yang di urus urus aja indonesia.. kan bpk kerja di negara ini..,0.0,0.9994547963142395,0
581,"ngapain niru negara lain , hadeh..🤦
udah dikasih contoh SPBU swasta tu ...jauh amat nyontohnya kenegara lain pak..🙂‍↔",2,2025-10-10 11:36:50+00:00,"ngapain niru negara lain   hadeh.. 
udah dikasih contoh spbu swasta tu ..jauh amat nyontohnya kenegara lain pak.. ‍",ngapain niru negara lain hadeh.. sudah dikasih contoh spbu swasta tu ..jauh amat nyontohnya kenegara lain pak.. ‍,0.0,0.9990468621253967,0
582,jangan di bodoh bodohi rakyat Bahlil kalau masih punya hati,3,2025-10-10 09:43:34+00:00,jangan di bodoh bodohi rakyat bahlil kalau masih punya hati,jangan di bodoh bodohi rakyat bahlil kalau masih punya hati,0.0,0.9991693496704102,0
583,Mngkin yang TDK bagus itu ANDA😁,2,2025-10-10 13:31:12+00:00,mngkin yang tdk bagus itu anda😁,mngkin yang tidak bagus itu anda😁,0.0,0.9993054866790771,0
584,buktikan dulu bung baru bicara,2,2025-10-10 06:11:27+00:00,buktikan dulu bung baru bicara,buktikan dulu bung baru bicara,0.0,0.8808848261833191,0
585,penghuni pohon beringin lg ngomong apa ya????,2,2025-10-10 10:20:28+00:00,penghuni pohon beringin lg ngomong apa ya??,penghuni pohon beringin lagi ngomong apa ya??,0.0,0.9988573789596558,0
586,itu yang pidato orang apa patung yang bisa mengambang itu ya🗿,3,2025-10-12 12:21:08+00:00,itu yang pidato orang apa patung yang bisa mengambang itu ya🗿,itu yang pidato orang apa patung yang bisa mengambang itu ya🗿,0.0,0.9923048615455627,0
587,"Yang gak bagus itu,bapak jadi mentri esdm.",3,2025-10-10 10:19:45+00:00,yang gak bagus itu bapak jadi mentri esdm.,yang tidak bagus itu bapak jadi mentri esdm.,0.0,0.9958183169364929,0
588,Bahlil tercipta dari cairan Etanol dan Pertalite🥰,3,2025-10-10 15:43:50+00:00,bahlil tercipta dari cairan etanol dan pertalite🥰,bahlil tercipta dari cairan etanol dan pertalite🥰,,0.9980018734931946,0
589,negara mana yg pake disebut harusnya,3,2025-10-10 10:10:06+00:00,negara mana yg pake disebut harusnya,negara mana yang pake disebut harusnya,0.0,0.8869883418083191,0
590,Kalian lebih percaya bahlil atau fitra eri dan ridwan hanif coba..,3,2025-10-11 09:20:38+00:00,kalian lebih percaya bahlil atau fitra eri dan ridwan hanif coba..,kalian lebih percaya bahlil atau fitra eri dan ridwan hanif coba..,,0.919592559337616,0
591,bahlil mending pecat aja,4,2025-10-10 13:42:35+00:00,bahlil mending pecat aja,bahlil mending pecat aja,0.0,0.9993699193000793,0
592,ini jangan jangan dia mau membuat Pertamina jelek di mata masyarakat dan setelah itu dia membuat bahan bakar ya sendiri lali di jual dengan harga mahal 🗿,4,2025-10-12 03:33:40+00:00,ini jangan jangan dia mau membuat pertamina jelek di mata masyarakat dan setelah itu dia membuat bahan bakar ya sendiri lali di jual dengan harga mahal 🗿,ini jangan jangan dia mau membuat pertamina jelek di mata masyarakat dan setelah itu dia membuat bahan bakar ya sendiri lali di jual dengan harga mahal 🗿,0.0,0.9992974996566772,0
594,Bahlil emang bahlol...!!,2,2025-10-12 04:05:10+00:00,bahlil emang bahlol..!!,bahlil emang bahlol..!!,0.0,0.9993211030960083,0
595,Inilah pentingnya syarat standar pendidikan utk menjadi pejabat negara supaya tdk blhoon,3,2025-10-12 08:56:59+00:00,inilah pentingnya syarat standar pendidikan utk menjadi pejabat negara supaya tdk blhoon,inilah pentingnya syarat standar pendidikan utk menjadi pejabat negara supaya tidak blhoon,,0.8717043399810791,0
597,"makin cepat rusak motor w, malah buat ngojol...",3,2025-10-10 11:11:33+00:00,makin cepat rusak motor w  malah buat ngojol..,makin cepat rusak motor w malah buat ngojol..,0.0,0.9992178678512573,0
598,"dia mencontohkan negara lain atas pencampuran etanol, tapi tidak membuat contoh banyak negara juga yg BBM nya jauh lebih rendah dibandingkan Indonesia",3,2025-10-10 11:41:18+00:00,dia mencontohkan negara lain atas pencampuran etanol  tapi tidak membuat contoh banyak negara juga yg bbm nya jauh lebih rendah dibandingkan indonesia,dia mencontohkan negara lain atas pencampuran etanol tapi tidak membuat contoh banyak negara juga yang bbm nya jauh lebih rendah dibandingkan indonesia,0.0,0.9762395620346069,0
599,"ya sudah pertalite Pertamax dihapus sja,ganti etanol 100% biar bagus.cukup menterinya saja yg nggak bagus",3,2025-10-10 23:24:03+00:00,ya sudah pertalite pertamax dihapus sja ganti etanol 100  biar bagus.cukup menterinya saja yg nggak bagus,ya sudah pertalite pertamax dihapus sja ganti etanol 100 biar bagus.cukup menterinya saja yang tidak bagus,0.0,0.9082290530204773,0
600,"liat dulu spek mesininya bugoul, bagus? MOTOR GUA JD NYENDAT² TIAP ISI DI PERTAMINA",2,2025-10-13 12:48:06+00:00,liat dulu spek mesininya bugoul  bagus? motor gua jd nyendat  tiap isi di pertamina,liat dulu spek mesininya bugoul bagus? motor gua jd nyendat tiap isi di pertamina,0.0,0.9928221106529236,0
601,masih percaya bengkel mangandi daripada bahlil 😹,2,2025-10-11 01:47:03+00:00,masih percaya bengkel mangandi daripada bahlil 😹,masih percaya bengkel mangandi daripada bahlil 😹,0.0,0.9579768776893616,0
602,mobil pejabat kasih contoh dlu😂,2,2025-10-17 08:22:52+00:00,mobil pejabat kasih contoh dlu😂,mobil pejabat kasih contoh dlu😂,,0.9956711530685425,0
603,"pertamina aja tau sendiri kualitas bensin nya,kecuali bensinnya bagus kaya shell gapapa tuh pake etanol. ini salahnya itu kenapa ga pertimbangin dulu keputusan nya, disetujuin tidak sama rakyat nya. nyatanya lebih pinter rakyatnya🗿",2,2025-10-11 08:23:54+00:00,pertamina aja tau sendiri kualitas bensin nya kecuali bensinnya bagus kaya shell gapapa tuh pake etanol. ini salahnya itu kenapa ga pertimbangin dulu keputusan nya  disetujuin tidak sama rakyat nya. nyatanya lebih pinter rakyatnya🗿,pertamina aja tau sendiri kualitas bensin nya kecuali bensinnya bagus kaya shell gapapa tuh pake etanol. ini salahnya itu kenapa tidak pertimbangin dulu keputusan nya disetujuin tidak sama rakyat nya. nyatanya lebih pinter rakyatnya🗿,1.0,0.9814904928207397,1
604,dia pikir rakyat bisa di bodohkan semudah itu. ini orang apa B,2,2025-10-10 11:41:43+00:00,dia pikir rakyat bisa di bodohkan semudah itu. ini orang apa b,dia pikir rakyat bisa di bodohkan semudah itu. ini orang apa b,0.0,0.9994946718215942,0
605,mohon untuk BPK Presiden mengevaluasi mentri2 yg lebih ahli,2,2025-10-19 09:20:20+00:00,mohon untuk bpk presiden mengevaluasi mentri2 yg lebih ahli,mohon untuk bpk presiden mengevaluasi mentri2 yang lebih ahli,,0.998305082321167,0
606,"knp kok ga samain sekalian ekonomi korsel sama indo?, dikit"" ngebandingin😂🤣🤣",2,2025-10-14 04:20:19+00:00,knp kok ga samain sekalian ekonomi korsel sama indo?  dikit  ngebandingin😂🤣🤣,kenapa kok tidak samain sekalian ekonomi korsel sama indo? dikit ngebandingin😂🤣🤣,0.0,0.9946870803833008,0
608,ganti aja Bahlil ini,2,2025-10-11 07:10:56+00:00,ganti aja bahlil ini,ganti aja bahlil ini,0.0,0.9900957345962524,0
610,yallah... dia taunya baca aja atau gimana si.. bapak saya saranin baca dan pahami,2,2025-10-10 12:41:52+00:00,yallah.. dia taunya baca aja atau gimana si.. bapak saya saranin baca dan pahami,yallah.. dia taunya baca aja atau gimana si.. bapak saya saranin baca dan pahami,0.0,0.9985001087188721,0
611,pecat saja Mentri yg tidak pro rakyat,2,2025-10-10 12:18:59+00:00,pecat saja mentri yg tidak pro rakyat,pecat saja mentri yang tidak pro rakyat,0.0,0.9994812607765198,0
612,bahlil b nya apa,2,2025-10-10 08:25:29+00:00,bahlil b nya apa,bahlil b nya apa,,0.844081461429596,0
613,Negara mana yg pakai Etanol sebutkan. pak Bahlil,2,2025-10-11 08:55:38+00:00,negara mana yg pakai etanol sebutkan. pak bahlil,negara mana yang pakai etanol sebutkan. pak bahlil,,0.9892588257789612,0
614,mobile Bahlil Kon ngisi etanol,2,2025-10-10 10:34:58+00:00,mobile bahlil kon ngisi etanol,mobile bahlil kon ngisi etanol,,0.9987868666648865,0
616,Bahlil anjjjj,2,2025-10-10 11:21:58+00:00,bahlil anjj,bahlil anjj,,0.9983144998550415,0
617,"ingat kata"" bahlil kalo saya salah siap mengundurkan diri pas kebetulan salah langsung omongan tadi saya cabut 😅",2,2025-10-10 13:43:34+00:00,ingat kata  bahlil kalo saya salah siap mengundurkan diri pas kebetulan salah langsung omongan tadi saya cabut 😅,ingat kata bahlil kalau saya salah siap mengundurkan diri pas kebetulan salah langsung omongan tadi saya cabut 😅,,0.978997528553009,0
618,penasaran bedanya antara bahlul dan bahlil,2,2025-10-10 07:05:44+00:00,penasaran bedanya antara bahlul dan bahlil,penasaran bedanya antara bahlul dan bahlil,0.0,0.9713696241378784,0
619,"Kenapa ikutin negara lain,emang aneh ini bahlil",2,2025-10-10 10:29:52+00:00,kenapa ikutin negara lain emang aneh ini bahlil,kenapa ikutin negara lain emang aneh ini bahlil,0.0,0.9992412328720093,0
620,biarin aja negara lain pakai etanol. negara kita mah jangan. sama aja beli 1/air isinya,2,2025-10-10 12:20:05+00:00,biarin aja negara lain pakai etanol. negara kita mah jangan. sama aja beli 1 air isinya,biarin aja negara lain pakai etanol. negara kita mah jangan. sama aja beli 1 air isinya,0.0,0.9990662932395935,0
621,"bukan nya shell juga pake 10% etanol ya,",2,2025-10-10 09:34:26+00:00,bukan nya shell juga pake 10  etanol ya,bukan nya shell juga pake 10 etanol ya,,0.9023517370223999,0
622,pecat Bahlil,2,2025-10-10 14:35:53+00:00,pecat bahlil,pecat bahlil,0.0,0.9985353946685791,0
623,"awalnya kalo ngomong bagus skali,.. ujung2nya karena kepentingan pribadi..",2,2025-10-10 09:05:27+00:00,awalnya kalo ngomong bagus skali .. ujung2nya karena kepentingan pribadi..,awalnya kalau ngomong bagus skali .. ujung2nya karena kepentingan pribadi..,0.0,0.942707896232605,0
624,kenapa gak tetapkan aja yang sudah terbukti bagus biar gak di coba coba Bahlil,2,2025-10-10 10:03:15+00:00,kenapa gak tetapkan aja yang sudah terbukti bagus biar gak di coba coba bahlil,kenapa tidak tetapkan aja yang sudah terbukti bagus biar tidak di coba coba bahlil,0.0,0.9646064043045044,0
625,spek kendaraan eropa tdk sama dengan diindonesia.,2,2025-10-17 02:41:11+00:00,spek kendaraan eropa tdk sama dengan diindonesia.,spek kendaraan eropa tidak sama dengan diindonesia.,0.0,0.9991093277931213,0
626,"Bahlil menyusahkan rakyat,ngikutin gengsi",2,2025-10-14 09:57:15+00:00,bahlil menyusahkan rakyat ngikutin gengsi,bahlil menyusahkan rakyat ngikutin gengsi,0.0,0.9993564486503601,0
627,pecat bahlil.....,2,2025-10-10 11:20:17+00:00,pecat bahlil..,pecat bahlil..,0.0,0.9992650151252747,0
628,"negara mana pak yang bilang coba buktikan,,orang investor aja bisa pergi gara"" mengandung etanol",2,2025-10-10 08:33:55+00:00,negara mana pak yang bilang coba buktikan  orang investor aja bisa pergi gara  mengandung etanol,negara mana pak yang bilang coba buktikan orang investor aja bisa pergi gara mengandung etanol,0.0,0.9957362413406372,0
631,turunkan Balil,2,2025-10-10 10:45:34+00:00,turunkan balil,turunkan balil,0.0,0.9827422499656677,0
632,orang ini beneran gak bisa dipercaya🤔,2,2025-10-10 14:59:40+00:00,orang ini beneran gak bisa dipercaya,orang ini beneran tidak bisa dipercaya,0.0,0.99861741065979,0
633,"kita belum siap pak
otomotif juga harus menyesuaikan spek mesinnya",1,2025-10-10 13:51:26+00:00,"kita belum siap pak
otomotif juga harus menyesuaikan spek mesinnya",kita belum siap pak otomotif juga harus menyesuaikan spek mesinnya,,0.8771588802337646,0
634,gacor wak😹,1,2025-11-10 05:08:38+00:00,gacor wak😹,gacor wak😹,1.0,0.7809926271438599,1
635,"dipuji ngga pernah
dihina dari kecil bang 🗿",1,2025-10-30 10:49:24+00:00,"dipuji ngga pernah
dihina dari kecil bang 🗿",dipuji ngga pernah dihina dari kecil bang 🗿,1.0,0.9979444146156311,1
636,Dia bilang “buktinya negara lain pakai” manaa pak perlihatnkan “buktinya” jgn kebanyakan yapping doang.,2,2025-10-10 21:58:42+00:00,dia bilang  buktinya negara lain pakai  manaa pak perlihatnkan  buktinya  jgn kebanyakan yapping doang.,dia bilang buktinya negara lain pakai manaa pak perlihatnkan buktinya jangan kebanyakan yapping doang.,0.0,0.9976971745491028,0
637,iyeu kah,2,2025-10-21 05:56:09+00:00,iyeu kah,iyeu kah,1.0,0.8087994456291199,1
638,tolong pak Prabowo ganti aja ini orng..,4,2025-10-12 12:51:33+00:00,tolong pak prabowo ganti aja ini orng..,tolong pak prabowo ganti aja ini orng..,,0.9715296626091003,0
639,"buktinya SPBU swasta tidak mau beli 😂😂😂
kocak",4,2025-10-10 14:55:04+00:00,"buktinya spbu swasta tidak mau beli 😂😂
kocak",buktinya spbu swasta tidak mau beli 😂😂 kocak,0.0,0.9971029162406921,0
640,muatamuuuu tiap hari gw ke bengkel gnti busi,4,2025-10-30 06:16:53+00:00,muatamuu tiap hari gw ke bengkel gnti busi,muatamuu tiap hari saya ke bengkel gnti busi,,0.9940512776374817,0
641,pecat aja bahlil🔥,4,2025-10-10 11:29:04+00:00,pecat aja bahlil🔥,pecat aja bahlil🔥,0.0,0.9993122816085815,0
643,jgn samakan negara lain dengan ri,1,2025-10-10 13:13:39+00:00,jgn samakan negara lain dengan ri,jangan samakan negara lain dengan ri,0.0,0.9980167150497437,0
644,Nyatanya korbanya banyak 🥺,1,2025-11-10 07:38:14+00:00,nyatanya korbanya banyak 🥺,nyatanya korbanya banyak 🥺,0.0,0.8545771837234497,0
645,pantesan dari pas harga naik antrian panjang BBM jadi serasa mudah habis,1,2025-10-10 13:09:18+00:00,pantesan dari pas harga naik antrian panjang bbm jadi serasa mudah habis,pantesan dari pas harga naik antrian panjang bbm jadi serasa mudah habis,1.0,0.7286186218261719,1
647,menteri apaan dia ini kocak sekali,3,2025-10-10 14:01:39+00:00,menteri apaan dia ini kocak sekali,menteri apaan dia ini kocak sekali,0.0,0.9649252891540527,0
648,sebut saja dia mentri etanol,4,2025-10-10 15:20:28+00:00,sebut saja dia mentri etanol,sebut saja dia mentri etanol,,0.9897130727767944,0
649,bikin gaduh,4,2025-10-10 07:47:38+00:00,bikin gaduh,bikin gaduh,0.0,0.7992668151855469,0
650,sudah kadung tanda tangan proyek ya pak,4,2025-10-10 09:02:19+00:00,sudah kadung tanda tangan proyek ya pak,sudah kadung tanda tangan proyek ya pak,0.0,0.9775421619415283,0
651,"wahai Bpk menteri......kmrin gas 3kg d obok"" & skrg SPBU swasta yg d obok"" ntr abs ini aplg yg akn d obok""?",2,2025-10-10 15:14:56+00:00,wahai bpk menteri..kmrin gas 3kg d obok    skrg spbu swasta yg d obok  ntr abs ini aplg yg akn d obok ?,wahai bpk menteri..kmrin gas 3kg d obok sekarang spbu swasta yang d obok nanti abs ini aplg yang akn d obok ?,0.0,0.9977800250053406,0
652,BAHIL I OMONG OPO TO,1,2025-10-30 08:20:15+00:00,bahil i omong opo to,bahil i omong opo to,0.0,0.9558848142623901,0
653,tensi naik kalau lihat ni orang,4,2025-10-11 02:59:09+00:00,tensi naik kalau lihat ni orang,tensi naik kalau lihat ni orang,0.0,0.9853531718254089,0
654,itu kann bikin mabok pk...kok dibilang nagus...😇😇,2,2025-10-10 08:57:36+00:00,itu kann bikin mabok pk..kok dibilang nagus..,itu kann bikin mabok pk..kok dibilang nagus..,0.0,0.9987548589706421,0
655,ini orang perlu dipertanyakan kualitasnya kok bisa jadi menteri_,2,2025-10-10 10:15:43+00:00,ini orang perlu dipertanyakan kualitasnya kok bisa jadi menteri_,ini orang perlu dipertanyakan kualitasnya kok bisa jadi menteri_,0.0,0.9988957643508911,0
656,"kan ngelamar kerja persyaratannya berpenampilan menarik, ini bahlil kok bisa jadi menteri",3,2025-10-10 12:56:49+00:00,kan ngelamar kerja persyaratannya berpenampilan menarik  ini bahlil kok bisa jadi menteri,kan ngelamar kerja persyaratannya berpenampilan menarik ini bahlil kok bisa jadi menteri,,0.9919073581695557,0
657,eee p bahlil spedaku rusah pakkkkkk,3,2025-10-10 13:37:46+00:00,ee p bahlil spedaku rusah pakk,ee p bahlil spedaku rusah pakk,0.0,0.9983487129211426,0
658,"Bahlil ini pernah sekolah otomotif gak sih, paling tidak basic machine course dulu",3,2025-10-11 04:30:50+00:00,bahlil ini pernah sekolah otomotif gak sih  paling tidak basic machine course dulu,bahlil ini pernah sekolah otomotif tidak ya paling tidak basic machine course dulu,,0.9779611825942993,0
659,kyk mau benerin aja klo kendaraan rusak,2,2025-10-12 12:09:17+00:00,kyk mau benerin aja klo kendaraan rusak,kyk mau benerin aja kalau kendaraan rusak,0.0,0.9992050528526306,0
660,"jangan jangan ethanol dikasi warna hijau dan jd pertamax, trs dikasih warna biru jd pertalite, bs untung 1000%, pertamina",3,2025-10-10 06:40:54+00:00,jangan jangan ethanol dikasi warna hijau dan jd pertamax  trs dikasih warna biru jd pertalite  bs untung 100   pertamina,jangan jangan ethanol dikasi warna hijau dan jd pertamax terus dikasih warna biru jd pertalite bs untung 100 pertamina,1.0,0.7128806710243225,1
661,"Nasibnya ini org memang, sangat sulit ditebak",2,2025-10-10 06:36:13+00:00,nasibnya ini org memang  sangat sulit ditebak,nasibnya ini org memang sangat sulit ditebak,0.0,0.9962313771247864,0
662,Bahlil b nya apa? 😹,4,2025-10-14 10:59:08+00:00,bahlil b nya apa? 😹,bahlil b nya apa? 😹,0.0,0.9881609678268433,0
664,"gini lil, negara negara lain menggunakan etanol mereka perlu waktu yang tidak singkat untuk menyesuaikan dengan kondisi kendaraan yang sudah siap untuk menggunakan etanol, kalau tiba tiba langsung di canpur, kendaraan kendaraan yang blum bisa nerima etanol bakal karatan dan merusak mesin",3,2025-10-10 17:15:25+00:00,gini lil  negara negara lain menggunakan etanol mereka perlu waktu yang tidak singkat untuk menyesuaikan dengan kondisi kendaraan yang sudah siap untuk menggunakan etanol  kalau tiba tiba langsung di canpur  kendaraan kendaraan yang blum bisa nerima etanol bakal karatan dan merusak mesin,gini lil negara negara lain menggunakan etanol mereka perlu waktu yang tidak singkat untuk menyesuaikan dengan kondisi kendaraan yang sudah siap untuk menggunakan etanol kalau tiba tiba langsung di canpur kendaraan kendaraan yang blum bisa nerima etanol bakal karatan dan merusak mesin,0.0,0.9960706233978271,0
665,matanya bahlil sama kayak riza khalid..,3,2025-10-10 13:33:45+00:00,matanya bahlil sama kayak riza khalid..,matanya bahlil sama kayak riza khalid..,0.0,0.984592616558075,0
666,"Negara lain mana saja Bahlil, Yang menggunakan Ethanol yang dimaksud.",3,2025-10-10 11:50:28+00:00,negara lain mana saja bahlil  yang menggunakan ethanol yang dimaksud.,negara lain mana saja bahlil yang menggunakan ethanol yang dimaksud.,,0.9930446743965149,0
667,"syarat masuk kerja kan harus berpenampilan menarik ya, ko bisa pak bahlil jadi menteri 🙂",2,2025-10-10 15:26:39+00:00,syarat masuk kerja kan harus berpenampilan menarik ya  ko bisa pak bahlil jadi menteri,syarat masuk kerja kan harus berpenampilan menarik ya ko bisa pak bahlil jadi menteri,,0.7018294930458069,0
668,pecat Bahlil,2,2025-10-10 08:07:49+00:00,pecat bahlil,pecat bahlil,0.0,0.9985353946685791,0
669,pantes motor Skrng mulai mesin tarikkan ny mulai gk jelas,2,2025-10-11 12:28:12+00:00,pantes motor skrng mulai mesin tarikkan ny mulai gk jelas,pantes motor skrng mulai mesin tarikkan ny mulai tidak jelas,0.0,0.9990541338920593,0
670,negara mana lil sebutkan dan coba berikan kajian entanol kata ente lil kualitas yg bagaimana yg ente tawarkan ke pada masyarakat Bahlil,2,2025-10-10 07:08:02+00:00,negara mana lil sebutkan dan coba berikan kajian entanol kata ente lil kualitas yg bagaimana yg ente tawarkan ke pada masyarakat bahlil,negara mana lil sebutkan dan coba berikan kajian entanol kata ente lil kualitas yang bagaimana yang ente tawarkan ke pada masyarakat bahlil,,0.9004988670349121,0
671,kok ngotot. curiga ada niat terselubung dibalik etanol🗿,2,2025-10-10 14:52:27+00:00,kok ngotot. curiga ada niat terselubung dibalik etanol🗿,kok ngotot. curiga ada niat terselubung dibalik etanol🗿,0.0,0.9990978240966797,0
672,nanti klo kendaraan jd cpet rusak kita tau harus nuntut siapa guys,2,2025-10-10 14:21:24+00:00,nanti klo kendaraan jd cpet rusak kita tau harus nuntut siapa guys,nanti kalau kendaraan jd cpet rusak kita tau harus nuntut siapa guys,0.0,0.9895238280296326,0
673,tren..tiap Bahlil ngomong kiamat maju 1 jam😂,2,2025-10-10 11:46:35+00:00,tren..tiap bahlil ngomong kiamat maju 1 jam😂,tren..tiap bahlil ngomong kiamat maju 1 jam😂,0.0,0.8040648102760315,0
674,ngalop Bae koe,2,2025-10-14 14:35:02+00:00,ngalop bae koe,ngalop kesayangan koe,,0.7305338978767395,0
675,"menteri yg buat kebijakan. selalu bermasalah masih blm dipecat,",2,2025-10-10 07:48:35+00:00,menteri yg buat kebijakan. selalu bermasalah masih blm dipecat,menteri yang buat kebijakan. selalu bermasalah masih belum dipecat,0.0,0.9965171813964844,0
676,JENGGLOT dari mana ini sakti bener..?,2,2025-10-10 15:31:31+00:00,jengglot dari mana ini sakti bener..?,jengglot dari mana ini sakti bener..?,0.0,0.8810930252075195,0
677,"heran sama presiden sekarang kagak ada harga diri nya, menteri seperti ini masih di pertahankan...pinter nya dari mana",2,2025-10-10 15:03:42+00:00,heran sama presiden sekarang kagak ada harga diri nya  menteri seperti ini masih di pertahankan..pinter nya dari mana,heran sama presiden sekarang kagak ada harga diri nya menteri seperti ini masih di pertahankan..pinter nya dari mana,0.0,0.9984777569770813,0
679,baca dikit la pemerintah,2,2025-10-13 08:41:14+00:00,baca dikit la pemerintah,baca dikit la pemerintah,0.0,0.9943374991416931,0
680,"ketinggalan satu ni. yang lain udah diganti, tinggal yang satu ni yang baru menampakan diri.",2,2025-10-12 13:05:31+00:00,ketinggalan satu ni. yang lain udah diganti  tinggal yang satu ni yang baru menampakan diri.,ketinggalan satu ni. yang lain sudah diganti tinggal yang satu ni yang baru menampakan diri.,0.0,0.9932592511177063,0
681,si Bahlil sekolah dimana 🤣,2,2025-10-12 10:10:32+00:00,si bahlil sekolah dimana 🤣,si bahlil sekolah dimana 🤣,,0.962800920009613,0
682,belerrr,2,2025-10-11 10:23:16+00:00,belerr,belerr,1.0,0.9875398874282837,1
683,"setiap ada bahlul, hp gw lemot",4,2025-10-13 01:00:42+00:00,setiap ada bahlul  hp gw lemot,setiap ada bahlul hp saya lemot,0.0,0.9987228512763977,0
684,"bapak kasi data yg jelas, negara mana yg pakai etanol? campuran etanol ny brp persen? apakah mesin kendaraan yg d produksi d negara itu memang sdh mendukung campuran etanol atau tidak? anda pak menteri klo mau membandingkan apel sama apel, jgn apel sama jeruk, dasar bahlul",3,2025-10-13 05:50:32+00:00,bapak kasi data yg jelas  negara mana yg pakai etanol? campuran etanol ny brp persen? apakah mesin kendaraan yg d produksi d negara itu memang sdh mendukung campuran etanol atau tidak? anda pak menteri klo mau membandingkan apel sama apel  jgn apel sama jeruk  dasar bahlul,bapak kasi data yang jelas negara mana yang pakai etanol? campuran etanol ny brp persen? apakah mesin kendaraan yang d produksi d negara itu memang sudah mendukung campuran etanol atau tidak? anda pak menteri kalau mau membandingkan apel sama apel jangan apel sama jeruk dasar bahlul,0.0,0.9814105033874512,0
685,asal nampak bahlul bawakan nya muak.. itu normal kan??? ✌️🔥,2,2025-10-12 03:28:59+00:00,asal nampak bahlul bawakan nya muak.. itu normal kan??  ️🔥,asal nampak bahlul bawakan nya muak.. itu normal kan?? ️🔥,0.0,0.9788884520530701,0
686,motor pada rusak bahlul bahlul,2,2025-10-28 15:30:34+00:00,motor pada rusak bahlul bahlul,motor pada rusak bahlul bahlul,0.0,0.9994187355041504,0
687,bahLiL adalah waLi...,2,2025-10-10 09:42:29+00:00,bahlil adalah wali..,bahlil adalah wali..,,0.8526017665863037,0
688,"10 persen etanol
yang di korupsi ....BRP persen 😂😂😂",2,2025-10-09 11:56:38+00:00,"10 persen etanol
yang di korupsi ..brp persen 😂😂",10 persen etanol yang di korupsi ..brp persen 😂😂,0.0,0.6884456872940063,0
689,biar pindah alih pake kendaraan listrik,2,2025-10-09 05:55:58+00:00,biar pindah alih pake kendaraan listrik,biar pindah alih pake kendaraan listrik,,0.9603572487831116,0
690,ramah lingkungan ndasmu,1,2025-11-01 07:06:21+00:00,ramah lingkungan ndasmu,ramah lingkungan ndasmu,1.0,0.9887660145759583,1
691,sudah pecat aja,1,2025-11-03 08:36:22+00:00,sudah pecat aja,sudah pecat aja,0.0,0.9991862177848816,0
692,pemerintahan negara paling menganjing. hanya di konoha...,1,2025-10-29 03:03:02+00:00,pemerintahan negara paling menganjing. hanya di konoha..,pemerintahan negara paling menganjing. hanya di konoha..,0.0,0.9994633793830872,0
693,membuat motor jadi rongsok😹,1,2025-11-01 15:47:25+00:00,membuat motor jadi rongsok😹,membuat motor jadi rongsok😹,0.0,0.7958936095237732,0
694,tujuannya merusak motor gitu..aku juga korban mu 😡😡😡,1,2025-11-02 03:17:45+00:00,tujuannya merusak motor gitu..aku juga korban mu 😡😡,tujuannya merusak motor gitu..aku juga korban mu 😡😡,0.0,0.9991652965545654,0
696,klo orang ini ngomong ndak menarik,2,2025-10-11 00:48:03+00:00,klo orang ini ngomong ndak menarik,kalau orang ini ngomong ndak menarik,0.0,0.999294638633728,0
697,"maaf min, kenapa sekarang media@"" yg ngepost foto al*t k*l4m1n itu bisa lolos yaa?",2,2025-10-12 12:15:58+00:00,maaf min  kenapa sekarang media   yg ngepost foto al t k l4m1n itu bisa lolos yaa?,maaf min kenapa sekarang media yang ngepost foto al t k l4m1n itu bisa lolos yaa?,0.0,0.6571623682975769,0
698,sebutin negaranya pak ngasih penjelasan jangan setengah2,2,2025-10-10 06:05:50+00:00,sebutin negaranya pak ngasih penjelasan jangan setengah2,sebutin negaranya pak ngasih penjelasan jangan setengah2,0.0,0.9920827150344849,0
699,Pak purnomo mboten golek pasien too pak?,4,2025-10-14 10:25:22+00:00,pak purnomo mboten golek pasien too pak?,pak purnomo mboten golek pasien too pak?,0.0,0.9966975450515747,0
700,pertama,2,2025-10-10 03:25:30+00:00,pertama,pertama,1.0,0.9940028786659241,1
701,"yang tidak bagus omongan,mu pak mentri,",2,2025-10-10 11:18:46+00:00,yang tidak bagus omongan mu pak mentri,yang tidak bagus omongan mu pak mentri,0.0,0.9994600415229797,0
702,kalau Bahlil jadi Mentri gak kliru yg kliru yg mengangkat Bahlil jadi mentri,2,2025-10-10 13:46:27+00:00,kalau bahlil jadi mentri gak kliru yg kliru yg mengangkat bahlil jadi mentri,kalau bahlil jadi mentri tidak kliru yang kliru yang mengangkat bahlil jadi mentri,0.0,0.9644405841827393,0
703,"kl pakai etanol par5amina merugi lg dan bahlil untung bnyak,nanti kl kendaraan kami rusak gara2 pakai saran bahlil dan campuran etanol,apa bahlil mau ganti rugi ???",2,2025-10-10 12:25:52+00:00,kl pakai etanol par5amina merugi lg dan bahlil untung bnyak nanti kl kendaraan kami rusak gara2 pakai saran bahlil dan campuran etanol apa bahlil mau ganti rugi ??,kl pakai etanol par5amina merugi lagi dan bahlil untung bnyak nanti kl kendaraan kami rusak gara2 pakai saran bahlil dan campuran etanol apa bahlil mau ganti rugi ??,0.0,0.9942178726196289,0
704,Yang gak bagus bahlil nya...,2,2025-10-10 08:00:00+00:00,yang gak bagus bahlil nya..,yang tidak bagus bahlil nya..,0.0,0.9994244575500488,0
705,Di negara luar itu spesifikasi mesin mobil/motor nya sdah di desain khusus jadi aman kalau pke etanol Blok,2,2025-10-10 23:58:59+00:00,di negara luar itu spesifikasi mesin mobil motor nya sdah di desain khusus jadi aman kalau pke etanol blok,di negara luar itu spesifikasi mesin mobil motor nya sdah di desain khusus jadi aman kalau pke etanol blok,,0.9555396437644958,0
706,coba sebutkan negara2 mana saja.,2,2025-10-11 02:43:49+00:00,coba sebutkan negara2 mana saja.,coba sebutkan negara2 mana saja.,0.0,0.9861108064651489,0
707,pecat ae mentri ini,2,2025-10-10 10:51:57+00:00,pecat ae mentri ini,pecat ae mentri ini,0.0,0.9897262454032898,0
708,"knp selalu di negara negara lain dibawa bawa,,",2,2025-10-10 08:15:52+00:00,knp selalu di negara negara lain dibawa bawa,kenapa selalu di negara negara lain dibawa bawa,0.0,0.9961064457893372,0
709,Bahlil koclok...🤣🤣,2,2025-10-10 07:48:01+00:00,bahlil koclok..🤣🤣,bahlil koclok..🤣🤣,0.0,0.9918165802955627,0
710,Bahlil anj,3,2025-10-11 02:01:06+00:00,bahlil anj,bahlil anjing,0.0,0.9984697699546814,0
711,yg tdk bgus itu nmanya bahlil,2,2025-10-10 07:30:10+00:00,yg tdk bgus itu nmanya bahlil,yang tidak bagus itu nmanya bahlil,0.0,0.9987459182739258,0
712,Bahlil kesurupan disidang isbat,2,2025-10-12 11:08:30+00:00,bahlil kesurupan disidang isbat,bahlil kesurupan disidang isbat,,0.9934600591659546,0
713,"pecat c Bahlil, bikin resah rakyat",2,2025-10-10 21:53:38+00:00,pecat c bahlil  bikin resah rakyat,pecat c bahlil bikin resah rakyat,0.0,0.9984351992607117,0
714,orang kaya gini kok dpt jabatan mentri,2,2025-10-13 05:52:24+00:00,orang kaya gini kok dpt jabatan mentri,orang kaya gini kok dpt jabatan mentri,0.0,0.9990808963775635,0
715,setiap orang ini ngomong kiamat maju satu jam,2,2025-10-10 10:37:48+00:00,setiap orang ini ngomong kiamat maju satu jam,setiap orang ini ngomong kiamat maju satu jam,0.0,0.9939170479774475,0
716,"pemimpin adlh cerminan anggotanya.
apa kabar warna kuning???",2,2025-10-10 22:37:29+00:00,"pemimpin adlh cerminan anggotanya.
apa kabar warna kuning??",pemimpin adlh cerminan anggotanya. apa kabar warna kuning??,0.0,0.7895287275314331,0
717,demo aja gak sih,1,2025-10-14 08:15:16+00:00,demo aja gak sih,demo aja tidak ya,0.0,0.9966899156570435,0
718,bahlil kocakk,1,2025-10-14 14:54:01+00:00,bahlil kocakk,bahlil kocakk,1.0,0.9813543558120728,1
719,"Maksud bpk ,bpk ngmgin siapa nih.",2,2025-10-11 02:40:15+00:00,maksud bpk  bpk ngmgin siapa nih.,maksud bpk bpk ngmgin siapa nih.,0.0,0.9454350471496582,0
720,"negara yg lain di maksud bahlul itu ""radiator spring""",3,2025-10-10 21:53:09+00:00,negara yg lain di maksud bahlul itu  radiator spring,negara yang lain di maksud bahlul itu radiator spring,0.0,0.9830393195152283,0
722,"di Konoha syarat mencari kerja
penampilan harus menarik
tapi nyatanya Bahlil jadi menteri",4,2025-10-12 07:19:33+00:00,"di konoha syarat mencari kerja
penampilan harus menarik
tapi nyatanya bahlil jadi menteri",di konoha syarat mencari kerja penampilan harus menarik tapi nyatanya bahlil jadi menteri,,0.818792462348938,0
725,BAHLUL,1,2025-11-04 00:17:15+00:00,bahlul,bahlul,0.0,0.9898656010627747,0
726,"bikin tambah susah aja
spd mtr lgs brebet , dimana2 bengkel penuh kudu antri 1-2 hr",1,2025-11-04 02:19:48+00:00,"bikin tambah susah aja
spd mtr lgs brebet   dimana2 bengkel penuh kudu antri 1 2 hr",bikin tambah susah aja spd mtr lgs brebet dimana2 bengkel penuh kudu antri 1 2 hr,0.0,0.9962312579154968,0
727,"Tolong teman2 panggilin pak Purnomo,,secepatnya,tolong yaa,,,",2,2025-10-10 13:50:05+00:00,tolong teman2 panggilin pak purnomo  secepatnya tolong yaa,tolong teman2 panggilin pak purnomo secepatnya tolong yaa,,0.9987531900405884,0
728,bahlil skali ngomong dlm hitungan jam naik darahnya seluruh rakyat 🇮🇩,2,2025-10-09 14:00:17+00:00,bahlil skali ngomong dlm hitungan jam naik darahnya seluruh rakyat,bahlil skali ngomong dlm hitungan jam naik darahnya seluruh rakyat,,0.9244890213012695,0
729,dia mah enak klu rusak mah tinggal ganti,2,2025-10-09 13:22:26+00:00,dia mah enak klu rusak mah tinggal ganti,dia mah enak klu rusak mah tinggal ganti,0.0,0.7561195492744446,0
730,denger² bahlil ngadain open house,2,2025-10-09 12:28:16+00:00,denger  bahlil ngadain open house,denger bahlil ngadain open house,,0.9982187151908875,0
731,kok bisa jadi mentri yg bgini,2,2025-10-09 11:58:42+00:00,kok bisa jadi mentri yg bgini,kok bisa jadi mentri yang bgini,0.0,0.9986592531204224,0
732,"pantes motor ku kok bekerak di knalpot nya,pdhl ngisinya petamax trs",2,2025-10-09 10:52:11+00:00,pantes motor ku kok bekerak di knalpot nya pdhl ngisinya petamax trs,pantes motor ku kok bekerak di knalpot nya padahal ngisinya petamax terus,0.0,0.9990621209144592,0
733,Bahlil lama² mirip Kluivert anjir,2,2025-10-09 10:04:36+00:00,bahlil lama  mirip kluivert anjir,bahlil lama mirip kluivert anjing,0.0,0.9990552067756653,0
734,bayar pajak campur 10% daun pisang,2,2025-10-09 09:42:18+00:00,bayar pajak campur 10  daun pisang,bayar pajak campur 10 daun pisang,,0.9980954527854919,0
736,Bahluuull😭,1,2025-11-02 11:54:18+00:00,bahluull😭,bahluull😭,1.0,0.9940229058265686,1
737,"gelar aja tinggi otak nya 0% ,gelar d hasilkan oleh uang🤣",1,2025-11-01 12:22:28+00:00,gelar aja tinggi otak nya 0   gelar d hasilkan oleh uang🤣,gelar aja tinggi otak nya 0 gelar d hasilkan oleh uang🤣,0.0,0.9487321376800537,0
738,Apa enggak mudah berkarat di dalam Tanki bbm,3,2025-10-09 06:18:51+00:00,apa enggak mudah berkarat di dalam tanki bbm,apa enggak mudah berkarat di dalam tanki bbm,,0.8131400942802429,0
739,aku bingung kelebihan bahlil itu apa sih ko bisa di jadikan mntri????,3,2025-10-09 09:58:35+00:00,aku bingung kelebihan bahlil itu apa sih ko bisa di jadikan mntri??,saya bingung kelebihan bahlil itu apa ya ko bisa di jadikan mntri??,0.0,0.9912017583847046,0
740,basic pendidikan Bahlil apa sih? kepo deh...,3,2025-10-09 05:45:37+00:00,basic pendidikan bahlil apa sih? kepo deh..,basic pendidikan bahlil apa sih? ingin tahu deh..,0.0,0.9925198554992676,0
741,yakin cuma 10% ??😂,3,2025-10-09 05:36:38+00:00,yakin cuma 10  ??😂,yakin cuma 10 ??😂,0.0,0.9988176226615906,0
742,persis banget,1,2025-11-02 05:00:25+00:00,persis banget,persis banget,1.0,0.9970021843910217,1
743,Agak lain memang menteri yang satu ini... 🤣🤦‍♀️🤦‍♀,3,2025-10-09 06:28:59+00:00,agak lain memang menteri yang satu ini.. 🤣 ‍ ️ ‍,agak lain memang menteri yang satu ini.. 🤣 ‍ ️ ‍,0.0,0.8826950788497925,0
744,pecat bahlil...ngk guna kasihan pak prabowo yg punya mentri ngk becus...,1,2025-11-01 12:06:58+00:00,pecat bahlil..ngk guna kasihan pak prabowo yg punya mentri ngk becus..,pecat bahlil..ngk guna kasihan pak prabowo yang punya mentri ngk becus..,0.0,0.9991600513458252,0
745,ini kebanyakan ethanol ya begini jadinya ...,4,2025-10-12 09:07:24+00:00,ini kebanyakan ethanol ya begini jadinya ..,ini kebanyakan ethanol ya begini jadinya ..,0.0,0.9941011071205139,0
746,"minyak yg bersih dompet pun bersih
buat betulin motor🤣",4,2025-10-09 04:28:29+00:00,"minyak yg bersih dompet pun bersih
buat betulin motor🤣",minyak yang bersih dompet pun bersih buat betulin motor🤣,,0.9829692244529724,0
747,nih orang yg nyetak rekor bahan bakar terburuk sedunia 😹,3,2025-10-10 12:35:31+00:00,nih orang yg nyetak rekor bahan bakar terburuk sedunia 😹,nih orang yang nyetak rekor bahan bakar terburuk sedunia 😹,0.0,0.9991388320922852,0
748,geramnyee,3,2025-10-09 09:50:30+00:00,geramnyee,geramnyee,0.0,0.9985560774803162,0
749,turunin bahlil,2,2025-10-09 05:09:45+00:00,turunin bahlil,turunin bahlil,1.0,0.9825160503387451,1
750,Jadi makin takut sama Pertamono 🗿,2,2025-10-09 10:27:47+00:00,jadi makin takut sama pertamono 🗿,jadi makin takut sama pertamono 🗿,0.0,0.9967915415763855,0
751,Bahlil..apa Bahlul.😅,2,2025-10-10 13:20:10+00:00,bahlil..apa bahlul.😅,bahlil..apa bahlul.😅,0.0,0.9978432655334473,0
752,Pajak ga turun tapi kualitas subsidi turun,2,2025-10-09 05:40:46+00:00,pajak ga turun tapi kualitas subsidi turun,pajak tidak turun tapi kualitas subsidi turun,0.0,0.9988759160041809,0
753,alasan copot bahlil,3,2025-10-09 09:52:53+00:00,alasan copot bahlil,alasan copot bahlil,0.0,0.985760509967804,0
756,TURUNKAN,2,2025-10-09 03:27:20+00:00,turunkan,turunkan,0.0,0.9802353382110596,0
757,cara mengubah bahlil menjadi saldo dana,3,2025-10-09 05:59:17+00:00,cara mengubah bahlil menjadi saldo dana,cara mengubah bahlil menjadi saldo dana,,0.9990127086639404,0
758,"SEMOGA BAHLIL SEGERA JADI,,,",2,2025-10-27 05:26:25+00:00,semoga bahlil segera jadi,semoga bahlil segera jadi,1.0,0.8706364035606384,1
759,kapan orang ini di ganti ya allah,2,2025-10-09 06:50:32+00:00,kapan orang ini di ganti ya allah,kapan orang ini di ganti ya allah,0.0,0.9917460680007935,0
760,Bahlil Apa Bahlul ?? 😂,2,2025-10-10 13:20:19+00:00,bahlil apa bahlul ?? 😂,bahlil apa bahlul ?? 😂,0.0,0.996070146560669,0
761,gw punya ide gmn kalo bayar pajak pakek uang singkong gmn,2,2025-10-09 06:10:04+00:00,gw punya ide gmn kalo bayar pajak pakek uang singkong gmn,saya punya ide gimana kalau bayar pajak pakek uang singkong gimana,,0.9762296080589294,0
762,Shell kapan masuk di Kalimantan😌,2,2025-10-09 03:26:45+00:00,shell kapan masuk di kalimantan😌,shell kapan masuk di kalimantan😌,0.0,0.9740470051765442,0
763,"pak Prabowo bagaimana sih Mentri kaya gini masih aja dipakai ,apa kaga berani presiden ganti bahlil",2,2025-10-09 09:07:44+00:00,pak prabowo bagaimana sih mentri kaya gini masih aja dipakai  apa kaga berani presiden ganti bahlil,pak prabowo bagaimana ya mentri kaya gini masih aja dipakai apa kaga berani presiden ganti bahlil,0.0,0.998820960521698,0
764,motorku hari ini saya bawa ke Kediri brebet setelah isi bensin,2,2025-10-28 13:11:15+00:00,motorku hari ini saya bawa ke kediri brebet setelah isi bensin,motorku hari ini saya bawa ke kediri brebet setelah isi bensin,,0.9985910058021545,0
765,sulit banget nyingkirin ini,2,2025-10-09 08:02:57+00:00,sulit banget nyingkirin ini,sulit banget nyingkirin ini,0.0,0.9989161491394043,0
767,pantes mio w mati mulu ternyata bensin nya udh tercemar,2,2025-10-09 08:38:09+00:00,pantes mio w mati mulu ternyata bensin nya udh tercemar,pantes mio w mati mulu ternyata bensin nya sudah tercemar,0.0,0.9993859529495239,0
768,info sniper,3,2025-10-10 13:34:33+00:00,info sniper,info sniper,1.0,0.8090556859970093,1
769,prabowo salah pilih mentri kek nya,3,2025-10-09 03:52:50+00:00,prabowo salah pilih mentri kek nya,prabowo salah pilih mentri kek nya,,0.6966354250907898,0
771,tujuannya untuk menguntungkan pemerintah🥰,2,2025-10-09 06:50:54+00:00,tujuannya untuk menguntungkan pemerintah🥰,tujuannya untuk menguntungkan pemerintah🥰,,0.882447361946106,0
772,"campuran etanol sah2 aja kalo kendaraan yg ada di lapangan emng kompatibel, masalahnya kendaraan di indo yg di lapangan terutama motor belum cocok buat campuran etanol. faktanya etanol nilai kalornya lebih rendah daripada bensin murni sekitar 30-35% per liter. yg artinya bbm etanol 10% buat hasilkan tenaga setara bbm murni butuh 1 × 3,5% = 0,035 liter lebih secara teoretis, tapi aktualnya bisa lebih dari 3,5% karena mesin dan sistem pembakaran gk optimal. minimal kalo mau kebijakan campur etanol kasih intensif remap ECU gratis buat sesuaikan AFR sama ubah timing ignition yg cocok buat campuran etanol. belum soal sifat korosif etanol🤣",4,2025-10-09 05:43:04+00:00,campuran etanol sah2 aja kalo kendaraan yg ada di lapangan emng kompatibel  masalahnya kendaraan di indo yg di lapangan terutama motor belum cocok buat campuran etanol. faktanya etanol nilai kalornya lebih rendah daripada bensin murni sekitar 30 35  per liter. yg artinya bbm etanol 10  buat hasilkan tenaga setara bbm murni butuh 1   3 5    0 035 liter lebih secara teoretis  tapi aktualnya bisa lebih dari 3 5  karena mesin dan sistem pembakaran gk optimal. minimal kalo mau kebijakan campur etanol kasih intensif remap ecu gratis buat sesuaikan afr sama ubah timing ignition yg cocok buat campuran etanol. belum soal sifat korosif etanol🤣,campuran etanol sah2 aja kalau kendaraan yang ada di lapangan emng kompatibel masalahnya kendaraan di indo yang di lapangan terutama motor belum cocok buat campuran etanol. faktanya etanol nilai kalornya lebih rendah daripada bensin murni sekitar 30 35 per liter. yang artinya bbm etanol 10 buat hasilkan tenaga setara bbm murni butuh 1 3 5 0 035 liter lebih secara teoretis tapi aktualnya bisa lebih dari 3 5 karena mesin dan sistem pembakaran tidak optimal. minimal kalau mau kebijakan campur etanol kasih intensif remap ecu gratis buat sesuaikan afr sama ubah timing ignition yang cocok buat campuran etanol. belum soal sifat korosif etanol🤣,0.0,0.9786329865455627,0
773,pake ini,2,2025-10-09 04:31:23+00:00,pake ini,pake ini,0.0,0.9396865367889404,0
774,kok dia ngomong kek bocah sd ya?,2,2025-10-11 02:32:53+00:00,kok dia ngomong kek bocah sd ya?,kok dia ngomong kek bocah sd ya?,0.0,0.9989497065544128,0
775,ko bisa org ini jadi mentri,2,2025-10-10 12:08:09+00:00,ko bisa org ini jadi mentri,ko bisa org ini jadi mentri,,0.9132072925567627,0
776,masrakat td setuju bahlil,1,2025-10-10 14:52:51+00:00,masrakat td setuju bahlil,masrakat tadi setuju bahlil,,0.9868711233139038,0
777,"woi karena negara"" tersebut dapat mengekstrak etanol dengan benar lah ini nambahin etanol main tuang aja gak di ekstrak",0,2025-11-17 02:46:56+00:00,woi karena negara  tersebut dapat mengekstrak etanol dengan benar lah ini nambahin etanol main tuang aja gak di ekstrak,woi karena negara tersebut dapat mengekstrak etanol dengan benar lah ini nambahin etanol main tuang aja tidak di ekstrak,0.0,0.9663959741592407,0
778,ember,0,2025-11-16 14:12:42+00:00,ember,ember,1.0,0.8945301175117493,1
779,rakyat yg pakek memang gak gak bagus mobil saya aja brebet tri mentri...,0,2025-11-16 06:39:33+00:00,rakyat yg pakek memang gak gak bagus mobil saya aja brebet tri mentri..,rakyat yang pakek memang tidak tidak bagus mobil saya aja brebet tri mentri..,0.0,0.9992560744285583,0
780,mesinnya di indo gak sama kayak Amerika,0,2025-11-15 14:25:45+00:00,mesinnya di indo gak sama kayak amerika,mesinnya di indo tidak sama kayak amerika,0.0,0.999152660369873,0
781,mataemm,0,2025-11-15 11:23:05+00:00,mataemm,mataemm,0.0,0.9946979284286499,0
782,BAHLIL ANJ MOTOR GUE JADI RUSAK,0,2025-11-15 10:57:37+00:00,bahlil anj motor gue jadi rusak,bahlil anjing motor saya jadi rusak,0.0,0.9992795586585999,0
783,di negara lain kan CC-nya besar,0,2025-11-15 08:17:48+00:00,di negara lain kan cc nya besar,di negara lain kan cc nya besar,0.0,0.7587723135948181,0
784,bagusan bobibos..motor ngacir,0,2025-11-14 20:09:25+00:00,bagusan bobibos..motor ngacir,bagusan bobibos..motor ngacir,,0.8403196930885315,0
785,ni pikiran nya kemana sih kasian rakyat kecil pada jebol mesin nya mending dah di gantiin motor nya kan repot jadi nya isi 12k keluar nya 2jt,0,2025-11-14 12:25:01+00:00,ni pikiran nya kemana sih kasian rakyat kecil pada jebol mesin nya mending dah di gantiin motor nya kan repot jadi nya isi 12k keluar nya 2jt,ni pikiran nya kemana ya kasian rakyat kecil pada jebol mesin nya mending dah di gantiin motor nya kan repot jadi nya isi 12k keluar nya 2jt,0.0,0.9994519352912903,0
787,"siga si pohang di sidik"" mh 😅",0,2025-11-14 01:27:48+00:00,siga si pohang di sidik  mh 😅,siga si pohang di sidik mh 😅,0.0,0.9964377880096436,0
789,emang tidak bagus karena menyebabkan mesin rusak terutama motor 2tak,0,2025-11-13 14:08:13+00:00,emang tidak bagus karena menyebabkan mesin rusak terutama motor 2tak,emang tidak bagus karena menyebabkan mesin rusak terutama motor 2tak,0.0,0.9972272515296936,0
790,motor ku nyendat,0,2025-11-13 06:47:20+00:00,motor ku nyendat,motor ku nyendat,0.0,0.8818546533584595,0
791,kenapa yh harus di samakan😌,0,2025-11-13 05:40:45+00:00,kenapa yh harus di samakan😌,kenapa yh harus di samakan😌,0.0,0.9888407588005066,0
792,sebut nama negara nya,0,2025-11-13 05:36:23+00:00,sebut nama negara nya,sebut nama negara nya,,0.980983316898346,0
794,woi janga lah merusak mesin.berebet mesin ku besok mana baru ganti mesin,0,2025-11-12 12:51:53+00:00,woi janga lah merusak mesin.berebet mesin ku besok mana baru ganti mesin,woi janga lah merusak mesin.berebet mesin ku besok mana baru ganti mesin,0.0,0.9990045428276062,0
795,jangan bilang luar negeri lihat produk mu piye,0,2025-11-12 12:33:42+00:00,jangan bilang luar negeri lihat produk mu piye,jangan bilang luar negeri lihat produk mu piye,1.0,0.9368468523025513,1
796,tetep sj rugi Krn kantong nya terlalu falam,0,2025-11-12 10:48:24+00:00,tetep sj rugi krn kantong nya terlalu falam,tetep sj rugi karena kantong nya terlalu falam,0.0,0.9984716773033142,0
797,"Negara mana bos sampaikan data n fakta bro, semau dewe ngomong e broo",0,2025-11-12 08:01:46+00:00,negara mana bos sampaikan data n fakta bro  semau dewe ngomong e broo,negara mana bos sampaikan data n fakta teman semau dewe ngomong e broo,,0.8999789357185364,0
798,nggedabrus,0,2025-11-12 05:10:05+00:00,nggedabrus,nggedabrus,0.0,0.9931934475898743,0
800,EMG GK bagus km aja yg bilang bagus,0,2025-11-12 02:59:59+00:00,emg gk bagus km aja yg bilang bagus,emg tidak bagus km aja yang bilang bagus,0.0,0.9992955923080444,0
801,Buktinya motor banyak yg rusak🤣🤣🤣,0,2025-11-12 02:45:17+00:00,buktinya motor banyak yg rusak🤣🤣,buktinya motor banyak yang rusak🤣🤣,0.0,0.9982613921165466,0
802,harga bahlil per liter,2,2025-10-10 00:23:38+00:00,harga bahlil per liter,harga bahlil per liter,,0.9978263974189758,0
803,eh Bahlil gw belinya PERTALITE murni 🫩 bukanya yg Campur Etanol.. tulisannya kan PERTALITE,2,2025-10-09 05:19:09+00:00,eh bahlil gw belinya pertalite murni   bukanya yg campur etanol.. tulisannya kan pertalite,eh bahlil saya belinya pertalite murni bukanya yang campur etanol.. tulisannya kan pertalite,,0.9132224917411804,0
804,Bahlil = etanol,2,2025-10-09 22:55:30+00:00,bahlil   etanol,bahlil etanol,,0.7862399816513062,0
806,Bagian plastic sistem gak dipikirin lagi pak!!! etanol 10% loh!!!,2,2025-10-09 07:28:53+00:00,bagian plastic sistem gak dipikirin lagi pak!! etanol 10  loh!!,bagian plastic sistem tidak dipikirin lagi pak!! etanol 10 loh!!,0.0,0.9990346431732178,0
807,di CARS OLINOL DI INDO ETANOL🗿,2,2025-10-09 07:01:48+00:00,di cars olinol di indo etanol🗿,di cars olinol di indo etanol🗿,,0.997218132019043,0
809,trimakasih motor ku sudah masuk bengkel,2,2025-10-09 05:36:26+00:00,trimakasih motor ku sudah masuk bengkel,trimakasih motor ku sudah masuk bengkel,,0.9986552000045776,0
810,"pejabat bilng bensin campur etanol buat masyarakat, sementara mereka make mobil listrik kan lucu😏😏",2,2025-10-09 05:15:28+00:00,pejabat bilng bensin campur etanol buat masyarakat  sementara mereka make mobil listrik kan lucu😏😏,pejabat bilng bensin campur etanol buat masyarakat sementara mereka make mobil listrik kan lucu😏😏,,0.9759810566902161,0
811,Sebenarnya nya bagus produk etanol ....tetapi yang ngomong pak bahlil orang pada curiga aja 😅,3,2025-10-10 23:27:22+00:00,sebenarnya nya bagus produk etanol ..tetapi yang ngomong pak bahlil orang pada curiga aja 😅,sebenarnya nya bagus produk etanol ..tetapi yang ngomong pak bahlil orang pada curiga aja 😅,0.0,0.9942547678947449,0
812,rumah Bahlil dimana,2,2025-10-14 13:35:54+00:00,rumah bahlil dimana,rumah bahlil dimana,0.0,0.7808248400688171,0
813,negara yang pake etanol?,1,2025-10-30 13:01:48+00:00,negara yang pake etanol?,negara yang pake etanol?,0.0,0.989385187625885,0
814,"bukan hanya tidak bagus ke kendaraan
waktu bahlil ngomong juga mukanya sudah tidak bagus",0,2025-11-04 04:20:08+00:00,"bukan hanya tidak bagus ke kendaraan
waktu bahlil ngomong juga mukanya sudah tidak bagus",bukan hanya tidak bagus ke kendaraan waktu bahlil ngomong juga mukanya sudah tidak bagus,0.0,0.9992743134498596,0
816,Ireng Ireng,0,2025-10-30 07:24:36+00:00,ireng ireng,ireng ireng,1.0,0.7220615744590759,1
817,di luar negeri Mentri nya kan bukan Bahlil makanya etanolnya bagus,0,2025-10-30 07:15:53+00:00,di luar negeri mentri nya kan bukan bahlil makanya etanolnya bagus,di luar negeri mentri nya kan bukan bahlil makanya etanolnya bagus,1.0,0.9975976347923279,1
818,😂betul,0,2025-10-30 12:16:33+00:00,😂betul,😂betul,0.0,0.7329888939857483,0
819,punya mentri goblok banget,0,2025-11-08 09:44:40+00:00,punya mentri goblok banget,punya mentri goblok banget,0.0,0.999580442905426,0
820,ngomong sama bukti tidak sesuai,0,2025-11-03 02:48:58+00:00,ngomong sama bukti tidak sesuai,ngomong sama bukti tidak sesuai,0.0,0.9988740086555481,0
821,Di negara mana pak? Kok ga disebut negaranya?,0,2025-11-08 08:51:29+00:00,di negara mana pak? kok ga disebut negaranya?,di negara mana pak? kok tidak disebut negaranya?,0.0,0.9985330104827881,0
822,setidaknya kurangi harga bensin nya...karena saya pakai dengan harga yang sama tapi lebih boros,0,2025-11-02 23:40:38+00:00,setidaknya kurangi harga bensin nya..karena saya pakai dengan harga yang sama tapi lebih boros,setidaknya kurangi harga bensin nya..karena saya pakai dengan harga yang sama tapi lebih boros,0.0,0.9902710914611816,0
823,itu di negara lain booos,0,2025-10-30 12:17:43+00:00,itu di negara lain boos,itu di negara lain boos,0.0,0.9935304522514343,0
824,bukti nya banyak sepeda mogok di indonesia,0,2025-11-08 06:39:17+00:00,bukti nya banyak sepeda mogok di indonesia,bukti nya banyak sepeda mogok di indonesia,0.0,0.9303634166717529,0
825,negara BAHLUL mana aja yg pake barang ini ???,0,2025-11-02 22:57:43+00:00,negara bahlul mana aja yg pake barang ini ??,negara bahlul mana aja yang pake barang ini ??,0.0,0.9977808594703674,0
826,ini tujuan nya apa sih bahlil,0,2025-10-30 12:25:15+00:00,ini tujuan nya apa sih bahlil,ini tujuan nya apa ya bahlil,,0.7812409400939941,0
827,mana lil,0,2025-11-08 05:53:54+00:00,mana lil,mana lil,0.0,0.9950666427612305,0
828,kendaranya Bahlil buat uji coba,0,2025-10-30 12:51:16+00:00,kendaranya bahlil buat uji coba,kendaranya bahlil buat uji coba,,0.9985277652740479,0
830,"mau etanol ,mau apapun..yg jelas motorku mbrebet..opo d campuri taek...",0,2025-10-30 12:25:51+00:00,mau etanol  mau apapun..yg jelas motorku mbrebet..opo d campuri taek..,mau etanol mau apapun..yg jelas motorku mbrebet..opo d campuri taek..,0.0,0.9818628430366516,0
831,"perasaan pejabat ini koh sering bikin gaduh rakyat,",0,2025-11-02 15:36:19+00:00,perasaan pejabat ini koh sering bikin gaduh rakyat,perasaan pejabat ini koh sering bikin gaduh rakyat,0.0,0.9984086155891418,0
832,kaya tuyul,0,2025-11-02 14:25:20+00:00,kaya tuyul,kaya tuyul,1.0,0.9979162812232971,1
834,"gara,,Kon pedaku mogok brebet. padahal gae per max. but",0,2025-11-04 04:44:46+00:00,gara  kon pedaku mogok brebet. padahal gae per max. but,gara kon pedaku mogok brebet. padahal gae per max. but,0.0,0.9709872007369995,0
835,"ojo dituku cah bensine,nko lek entek bakule dodol opo",0,2025-11-02 12:00:05+00:00,ojo dituku cah bensine nko lek entek bakule dodol opo,ojo dituku cah bensine nko lek entek bakule dodol opo,1.0,0.950928807258606,1
837,kapan ada rencana ke rumahnya masyarakat indonesia??,2,2025-10-11 03:32:10+00:00,kapan ada rencana ke rumahnya masyarakat indonesia??,kapan ada rencana ke rumahnya masyarakat indonesia??,,0.6905813813209534,0
838,suruh dia yang makek selama 1 thn,2,2025-10-12 05:20:37+00:00,suruh dia yang makek selama 1 thn,suruh dia yang makek selama 1 thn,0.0,0.9979153275489807,0
839,"Bahlil B nya apa ??
Biar rakyat cepat Beli motor baaru✓",2,2025-10-09 09:07:06+00:00,"bahlil b nya apa ??
biar rakyat cepat beli motor baaru",bahlil b nya apa ?? biar rakyat cepat beli motor baaru,,0.8934866189956665,0
840,dan masih nyalahin honda😭,2,2025-10-09 03:50:30+00:00,dan masih nyalahin honda😭,dan masih nyalahin honda😭,0.0,0.9993746876716614,0
841,bensin itu terlihat mencurigakan jendral,2,2025-10-10 10:29:04+00:00,bensin itu terlihat mencurigakan jendral,bensin itu terlihat mencurigakan jendral,0.0,0.9987700581550598,0
842,ingat filem ini???tentang bahan bakar etanol tenyata itu kejadian di hidup kita,2,2025-10-10 01:35:24+00:00,ingat filem ini??tentang bahan bakar etanol tenyata itu kejadian di hidup kita,ingat filem ini??tentang bahan bakar etanol tenyata itu kejadian di hidup kita,,0.8187697529792786,0
843,ini mah dia keknya mau uyakuya jilid 2 kali ya😁,2,2025-10-09 10:56:25+00:00,ini mah dia keknya mau uyakuya jilid 2 kali ya😁,ini mah dia keknya mau uyakuya jilid 2 kali ya😁,,0.9063053131103516,0
844,babahlil kuase ethanol,2,2025-10-23 02:18:43+00:00,babahlil kuase ethanol,babahlil kuase ethanol,,0.9944217801094055,0
845,sekolahnya pak Bahlil lulusan apa ya,2,2025-10-31 01:23:12+00:00,sekolahnya pak bahlil lulusan apa ya,sekolahnya pak bahlil lulusan apa ya,,0.9832903146743774,0
847,Rumah Bahlil di jl duren tiga selatan kalibata Jaksel samping PLN depan pertigaan kalibata Utara 6,2,2025-10-13 12:20:27+00:00,rumah bahlil di jl duren tiga selatan kalibata jaksel samping pln depan pertigaan kalibata utara 6,rumah bahlil di jl duren tiga selatan kalibata jaksel samping pln depan pertigaan kalibata utara 6,,0.9344179034233093,0
848,kami masyarakat Indonesia sangat mendukung bapak bahlil 🥰🥰,2,2025-10-09 06:39:19+00:00,kami masyarakat indonesia sangat mendukung bapak bahlil 🥰🥰,kami masyarakat indonesia sangat mendukung bapak bahlil 🥰🥰,1.0,0.9983788728713989,1
850,kondisi mesin motor,2,2025-10-10 13:52:32+00:00,kondisi mesin motor,kondisi mesin motor,,0.9973594546318054,0
851,kenapa orang ini gak di ganti pak prabowo,2,2025-10-09 03:13:10+00:00,kenapa orang ini gak di ganti pak prabowo,kenapa orang ini tidak di ganti pak prabowo,0.0,0.9843870997428894,0
852,pantesan motor saya susah hidup kalau pagi😌,2,2025-10-11 01:39:48+00:00,pantesan motor saya susah hidup kalau pagi😌,pantesan motor saya susah hidup kalau pagi😌,0.0,0.9991143345832825,0
853,Ramah lingkungan blum tentu ramah pada kendaraan,4,2025-10-09 03:30:00+00:00,ramah lingkungan blum tentu ramah pada kendaraan,ramah lingkungan blum tentu ramah pada kendaraan,1.0,0.8040088415145874,1
854,mulutku diam😭🙏,4,2025-10-09 03:47:56+00:00,mulutku diam😭🙏,mulutku diam😭🙏,0.0,0.9916199445724487,0
855,"menteri bahlil, pelatih kluivert suram bener nih negara",3,2025-10-09 02:22:41+00:00,menteri bahlil  pelatih kluivert suram bener nih negara,menteri bahlil pelatih kluivert suram benar nih negara,0.0,0.9972743391990662,0
856,knp swasta menolak? brrti gak baik gitu aja deh,4,2025-10-09 02:36:14+00:00,knp swasta menolak? brrti gak baik gitu aja deh,kenapa swasta menolak? brrti tidak baik gitu aja deh,0.0,0.9993098974227905,0
857,mau pakai pun tak sudi😹🗿🗿,3,2025-10-10 13:48:23+00:00,mau pakai pun tak sudi😹🗿🗿,mau pakai pun tak sudi😹🗿🗿,0.0,0.99832683801651,0
860,"negara lain diolahnya profesional, jd tidak menimbulkan kerusakan mesin, nha klo indonesia ? aplg dibawah bahlil, cuman dioplos doank ga diolah lg🗿",1,2025-10-12 03:10:30+00:00,negara lain diolahnya profesional  jd tidak menimbulkan kerusakan mesin  nha klo indonesia ? aplg dibawah bahlil  cuman dioplos doank ga diolah lg🗿,negara lain diolahnya profesional jd tidak menimbulkan kerusakan mesin nha kalau indonesia ? aplg dibawah bahlil cuma dioplos doank tidak diolah lg🗿,0.0,0.9976065158843994,0
861,Betul sekali Pak Bahlil👍👍👍,1,2025-10-10 14:27:57+00:00,betul sekali pak bahlil👍👍,betul sekali pak bahlil👍👍,1.0,0.9990419745445251,1
862,tag radit depaul,2,2025-10-15 07:36:21+00:00,tag radit depaul,tag radit depaul,,0.9982914328575134,0
864,apa nggak ada orang lain di negri ini,4,2025-10-10 12:18:11+00:00,apa nggak ada orang lain di negri ini,apa tidak ada orang lain di negri ini,0.0,0.998764157295227,0
865,Bahlil B nya apaa?,4,2025-10-11 01:04:04+00:00,bahlil b nya apaa?,bahlil b nya apaa?,0.0,0.9893051385879517,0
866,orang ini lagi,1,2025-10-10 23:51:17+00:00,orang ini lagi,orang ini lagi,0.0,0.9988566637039185,0
867,sdh waktunya ahli otomotif turun tangan bersuara,3,2025-10-10 10:06:25+00:00,sdh waktunya ahli otomotif turun tangan bersuara,sudah waktunya ahli otomotif turun tangan bersuara,,0.922858476638794,0
868,"Di negara lain kendaraan nya sudah di rancang untuk bisa menerima BBM seperti itu,sedangkan di Indonesia belum,itu yg jadi masalahnya,bukan soal bagus atau gak bagus",2,2025-10-17 10:54:23+00:00,di negara lain kendaraan nya sudah di rancang untuk bisa menerima bbm seperti itu sedangkan di indonesia belum itu yg jadi masalahnya bukan soal bagus atau gak bagus,di negara lain kendaraan nya sudah di rancang untuk bisa menerima bbm seperti itu sedangkan di indonesia belum itu yang jadi masalahnya bukan soal bagus atau tidak bagus,0.0,0.9555209279060364,0
870,bahlil p nya apa,1,2025-10-17 11:08:29+00:00,bahlil p nya apa,bahlil p nya apa,,0.9731019735336304,0
871,bapak bukan mekanik pakk,4,2025-10-11 01:40:54+00:00,bapak bukan mekanik pakk,bapak bukan mekanik pakk,0.0,0.8144361972808838,0
872,Bahlil b nya apa?,2,2025-10-17 06:00:00+00:00,bahlil b nya apa?,bahlil b nya apa?,0.0,0.9922879934310913,0
873,he sepeda ku brebet anj,0,2025-11-08 11:43:06+00:00,he sepeda ku brebet anj,he sepeda ku brebet anjing,,0.9698718786239624,0
874,2 tak gimana lil,0,2025-10-30 07:15:50+00:00,2 tak gimana lil,2 tak gimana lil,0.0,0.998491644859314,0
875,Kocaaaakkkk......,0,2025-11-03 06:20:46+00:00,kocaakk..,kocaakk..,0.0,0.999140739440918,0
876,kakean yaping🗿,0,2025-10-30 12:06:02+00:00,kakean yaping🗿,kakean yaping🗿,1.0,0.9903044104576111,1
877,apa ini cokk..,0,2025-10-30 06:43:14+00:00,apa ini cokk..,apa ini cokk..,0.0,0.99320387840271,0
878,sakit.,0,2025-10-30 08:28:09+00:00,sakit.,sakit.,0.0,0.9977973699569702,0
879,"Baguslah, banyak kereta yg mogok masuk bengkel.",0,2025-11-03 17:50:31+00:00,baguslah  banyak kereta yg mogok masuk bengkel.,baguslah banyak kereta yang mogok masuk bengkel.,1.0,0.6516038179397583,1
880,"brarti tiru""negara lain..",0,2025-10-30 12:07:54+00:00,brarti tiru negara lain..,brarti tiru negara lain..,0.0,0.9980284571647644,0
881,"orang kok lucu banget cara bicaranya
klau Bagus incipi dulu pak buat bersihin lambung 😀",0,2025-10-31 13:15:30+00:00,"orang kok lucu banget cara bicaranya
klau bagus incipi dulu pak buat bersihin lambung",orang kok lucu banget cara bicaranya klau bagus incipi dulu pak buat bersihin lambung,0.0,0.9711711406707764,0
882,tolong gerinda di evaluasi,0,2025-10-30 11:11:19+00:00,tolong gerinda di evaluasi,tolong gerinda di evaluasi,,0.9989356398582458,0
883,ya kalo pake etanol full pamp motor metic gmn🤭,0,2025-11-03 22:54:18+00:00,ya kalo pake etanol full pamp motor metic gmn🤭,ya kalau pake etanol full pamp motor metic gmn🤭,,0.9954108595848083,0
884,dehh,0,2025-10-30 12:12:24+00:00,dehh,dehh,0.0,0.9984657764434814,0
885,saya takut motor cepat rusak pakai etanol,0,2025-10-30 06:39:32+00:00,saya takut motor cepat rusak pakai etanol,saya takut motor cepat rusak pakai etanol,0.0,0.9974753260612488,0
886,ya karena kendaraan di sana uda baru dan bagus Indonesia sendiri apa?,0,2025-11-09 04:11:01+00:00,ya karena kendaraan di sana uda baru dan bagus indonesia sendiri apa?,ya karena kendaraan di sana uda baru dan bagus indonesia sendiri apa?,1.0,0.9410831332206726,1
887,Karepmu,0,2025-11-09 03:35:33+00:00,karepmu,karepmu,1.0,0.9978316426277161,1
888,emang kamu ahli KIMIA,0,2025-11-07 12:53:36+00:00,emang kamu ahli kimia,emang kamu ahli kimia,0.0,0.8541842103004456,0
889,matamu buta bro,0,2025-11-09 14:12:36+00:00,matamu buta bro,matamu buta teman,0.0,0.9994359612464905,0
890,negara lain mesin nya udah siap memakai etanol omm sedang kan kendaraan endonesa belum bisa,0,2025-11-10 05:00:01+00:00,negara lain mesin nya udah siap memakai etanol omm sedang kan kendaraan endonesa belum bisa,negara lain mesin nya sudah siap memakai etanol omm sedang kan kendaraan endonesa belum bisa,,0.9926043748855591,0
891,sudah campur ethanol nnti harganya malah tetap mahal awas aja kau lill...,0,2025-11-09 09:15:04+00:00,sudah campur ethanol nnti harganya malah tetap mahal awas aja kau lill..,sudah campur ethanol nnti harganya malah tetap mahal awas aja kau lill..,0.0,0.9990460276603699,0
892,perusak kendaraan aja lu bahlul,0,2025-11-06 14:18:13+00:00,perusak kendaraan aja lu bahlul,perusak kendaraan aja kamu bahlul,0.0,0.9994348883628845,0
893,perasaan sebelum dia ngejabat negara adem aja...😭😭,0,2025-11-06 12:16:11+00:00,perasaan sebelum dia ngejabat negara adem aja..😭😭,perasaan sebelum dia ngejabat negara adem aja..😭😭,1.0,0.9298927187919617,1
894,ngakak,0,2025-11-09 14:35:32+00:00,ngakak,ngakak,0.0,0.9988923668861389,0
895,demo lah kawan masak rakyat harus di giniin terus banyak pengguna motor jadul jadi kita harus berdemo lagi karna keinginan pemerintah sendiri kita demo,4,2025-10-10 09:54:15+00:00,demo lah kawan masak rakyat harus di giniin terus banyak pengguna motor jadul jadi kita harus berdemo lagi karna keinginan pemerintah sendiri kita demo,demo lah kawan masak rakyat harus di giniin terus banyak pengguna motor jadul jadi kita harus berdemo lagi karna keinginan pemerintah sendiri kita demo,0.0,0.9994474053382874,0
896,jadi keinget film Cars tentang balapan yang memakai etanol,1,2025-10-09 04:31:43+00:00,jadi keinget film cars tentang balapan yang memakai etanol,jadi keinget film cars tentang balapan yang memakai etanol,,0.7650835514068604,0
897,pak prabowo ketiduran apa sengaja tidur ya punya mentri gini amat,2,2025-10-11 02:21:59+00:00,pak prabowo ketiduran apa sengaja tidur ya punya mentri gini amat,pak prabowo ketiduran apa sengaja tidur ya punya mentri gini amat,0.0,0.9891613125801086,0
898,inget film Cars di pakai untuk balap meleduk mobil nya,2,2025-10-09 05:26:03+00:00,inget film cars di pakai untuk balap meleduk mobil nya,inget film cars di pakai untuk balap meleduk mobil nya,,0.9910824298858643,0
899,"yg bisa jadi seniper sp sih ,kalo aku bisa udah dari kemaren maren",2,2025-10-09 02:59:51+00:00,yg bisa jadi seniper sp sih  kalo aku bisa udah dari kemaren maren,yang bisa jadi seniper sp ya kalau saya bisa sudah dari kemaren maren,,0.865516722202301,0
901,etanol biki tengki kendaraan berkarat,4,2025-10-09 04:27:30+00:00,etanol biki tengki kendaraan berkarat,etanol biki tengki kendaraan berkarat,,0.9981694221496582,0
902,bersama Bahlil kita menuju bengkel🗿,3,2025-10-09 04:15:20+00:00,bersama bahlil kita menuju bengkel🗿,bersama bahlil kita menuju bengkel🗿,,0.9825701117515564,0
903,Bahlil B nya apa?,2,2025-10-09 05:56:04+00:00,bahlil b nya apa?,bahlil b nya apa?,0.0,0.9922879934310913,0
904,"mau isi shell,bp atau vivo tp pd nutup terpaksa beli ke pertamina dan akhirnya tanki motor karatan 😔rotak full pump jga jd penuh karat smpe ke injektor isi nya karat motor jd brebet😩",2,2025-10-09 02:58:17+00:00,mau isi shell bp atau vivo tp pd nutup terpaksa beli ke pertamina dan akhirnya tanki motor karatan  rotak full pump jga jd penuh karat smpe ke injektor isi nya karat motor jd brebet,mau isi shell bp atau vivo tapi pada nutup terpaksa beli ke pertamina dan akhirnya tanki motor karatan rotak full pump jga jd penuh karat smpe ke injektor isi nya karat motor jd brebet,,0.9167320728302002,0
905,"kenapa SPBU swasta ga pake campur etanol karena ga ada kebijakannya, kalau diluar negeriSPBU swasta kayak Shell pake campuran juga. masalahnya ini BBM kita aja kualitasnya masih jelek tapi ngomong minyak bersih, kalau mau mengurangi impor bikin kilang baru",2,2025-10-09 02:41:31+00:00,kenapa spbu swasta ga pake campur etanol karena ga ada kebijakannya  kalau diluar negerispbu swasta kayak shell pake campuran juga. masalahnya ini bbm kita aja kualitasnya masih jelek tapi ngomong minyak bersih  kalau mau mengurangi impor bikin kilang baru,kenapa spbu swasta tidak pake campur etanol karena tidak ada kebijakannya kalau diluar negerispbu swasta kayak shell pake campuran juga. masalahnya ini bbm kita aja kualitasnya masih jelek tapi ngomong minyak bersih kalau mau mengurangi impor bikin kilang baru,0.0,0.9989743232727051,0
906,pancing pancing demo lagi 🤣,4,2025-10-09 03:24:04+00:00,pancing pancing demo lagi 🤣,pancing pancing demo lagi 🤣,0.0,0.8515924215316772,0
907,Cara bicarannya tersusun rapih😁,3,2025-10-09 04:44:11+00:00,cara bicarannya tersusun rapih😁,cara bicarannya tersusun rapih😁,1.0,0.996217668056488,1
909,guwendenggg ancenn😭😭,2,2025-10-09 03:28:26+00:00,guwendengg ancenn😭😭,guwendengg ancenn😭😭,1.0,0.9985958933830261,1
911,apa masarakat akan diam aja lihat aturan kaya gini ????,2,2025-10-09 03:22:21+00:00,apa masarakat akan diam aja lihat aturan kaya gini ??,apa masarakat akan diam aja lihat aturan kaya gini ??,0.0,0.9992483258247375,0
912,Hancur motor kena etanol. Tangki bensin berkarat,4,2025-10-09 03:27:54+00:00,hancur motor kena etanol. tangki bensin berkarat,hancur motor kena etanol. tangki bensin berkarat,0.0,0.9992254972457886,0
913,"bersih gimana , orang etanol kalau sering di pakai malah jd berlumpur di tangkinya. udah banyak kok penelitian nya .",3,2025-10-09 03:24:52+00:00,bersih gimana   orang etanol kalau sering di pakai malah jd berlumpur di tangkinya. udah banyak kok penelitian nya .,bersih gimana orang etanol kalau sering di pakai malah jd berlumpur di tangkinya. sudah banyak kok penelitian nya .,0.0,0.9955553412437439,0
914,syarat kerja di Indonesia 1. Berpenampilan Menarik,2,2025-10-09 11:37:44+00:00,syarat kerja di indonesia 1. berpenampilan menarik,syarat kerja di indonesia 1. berpenampilan menarik,,0.9880568981170654,0
915,"BENSIN ? bapak lupa ya sekrng ini rakyat sudah pakai pertalit,pertamax/turbo ?",2,2025-10-09 08:19:12+00:00,bensin ? bapak lupa ya sekrng ini rakyat sudah pakai pertalit pertamax turbo ?,bensin ? bapak lupa ya sekrng ini rakyat sudah pakai pertalit pertamax turbo ?,0.0,0.9785898327827454,0
916,supaya gak impor makanya bikin kilang,2,2025-10-09 03:00:06+00:00,supaya gak impor makanya bikin kilang,supaya tidak impor makanya bikin kilang,,0.9848279356956482,0
917,Bahlil lulusan mana ya kok pinter?,2,2025-10-09 03:02:52+00:00,bahlil lulusan mana ya kok pinter?,bahlil lulusan mana ya kok pinter?,0.0,0.9970225691795349,0
918,"Negara-negara maju pun banyak yang pake etanol, yang jadi masalah itu bukan etanolnya, tapi dilapangan etanol yang beredar lebih dari 10% yang bisa merusak mesin.",4,2025-10-09 04:49:24+00:00,negara negara maju pun banyak yang pake etanol  yang jadi masalah itu bukan etanolnya  tapi dilapangan etanol yang beredar lebih dari 10  yang bisa merusak mesin.,negara negara maju pun banyak yang pake etanol yang jadi masalah itu bukan etanolnya tapi dilapangan etanol yang beredar lebih dari 10 yang bisa merusak mesin.,0.0,0.9876711368560791,0
919,indonesia. pemerintah harus di ganti,0,2025-11-11 11:50:18+00:00,indonesia. pemerintah harus di ganti,indonesia. pemerintah harus di ganti,0.0,0.9594646692276001,0
920,lulusan sd kah?,0,2025-11-05 02:13:06+00:00,lulusan sd kah?,lulusan sd kah?,0.0,0.9975165128707886,0
921,rusakk bangsat motor gua,0,2025-11-03 15:13:21+00:00,rusakk bangsat motor gua,rusakk bangsat motor gua,0.0,0.9994300007820129,0
922,betul mas 👍👍👍,0,2025-11-05 01:27:55+00:00,betul mas 👍👍,betul kakak 👍👍,1.0,0.9993323683738708,1
923,10% etanol.. 40% air.. 😂😂😂,0,2025-11-12 23:20:23+00:00,10  etanol.. 40  air.. 😂😂,10 etanol.. 40 air.. 😂😂,0.0,0.9400378465652466,0
924,betul sekali,0,2025-11-06 15:11:49+00:00,betul sekali,betul sekali,1.0,0.9970682263374329,1
925,"agar bisa korupsi besar2 an🤣🤣🤣
PENJAHAT berkedok PEJABAT dan aparat. taukan siapa penjahat nya",0,2025-11-10 22:36:02+00:00,"agar bisa korupsi besar2 an🤣🤣
penjahat berkedok pejabat dan aparat. taukan siapa penjahat nya",agar bisa korupsi besar2 an🤣🤣 penjahat berkedok pejabat dan aparat. taukan siapa penjahat nya,0.0,0.9994530081748962,0
926,Bayar buat beli bensinnya juga saya campur pake daon pisang bole pak? 🤣🤣,0,2025-11-06 14:18:49+00:00,bayar buat beli bensinnya juga saya campur pake daon pisang bole pak? 🤣🤣,bayar buat beli bensinnya juga saya campur pake daon pisang bole pak? 🤣🤣,,0.9649192094802856,0
927,"mereka kepingin untung sekaligus cepat merusak mesin, jika mesin sudah rusak pasti' lingkungan bersih karena pada rusak semua mesin...",0,2025-11-13 12:56:59+00:00,mereka kepingin untung sekaligus cepat merusak mesin  jika mesin sudah rusak pasti  lingkungan bersih karena pada rusak semua mesin..,mereka kepingin untung sekaligus cepat merusak mesin jika mesin sudah rusak pasti lingkungan bersih karena pada rusak semua mesin..,0.0,0.9972768425941467,0
928,Bahlil B nya apa ba,2,2025-10-15 12:40:20+00:00,bahlil b nya apa ba,bahlil b nya apa ba,,0.9795569181442261,0
929,bahlil waktu kecil,2,2025-10-17 13:09:47+00:00,bahlil waktu kecil,bahlil waktu kecil,,0.954986572265625,0
931,he pak Bahlil ....negara lain bagian mna ..iklimnya kayak gimna ...indonesia ini panas pak bahlil,0,2025-11-02 02:17:29+00:00,he pak bahlil ..negara lain bagian mna ..iklimnya kayak gimna ..indonesia ini panas pak bahlil,he pak bahlil ..negara lain bagian mna ..iklimnya kayak gimna ..indonesia ini panas pak bahlil,0.0,0.9860846996307373,0
932,jualen nang negara lain ndeng ojo jual nang kene,0,2025-11-10 22:40:01+00:00,jualen nang negara lain ndeng ojo jual nang kene,jualen nang negara lain ndeng ojo jual nang kene,,0.9962388277053833,0
933,stress,0,2025-11-07 09:26:46+00:00,stress,stress,0.0,0.9975073933601379,0
934,beda mesinnya indonesi dengan mesinnya negara lain😂😂,0,2025-11-15 06:08:42+00:00,beda mesinnya indonesi dengan mesinnya negara lain😂😂,beda mesinnya indonesi dengan mesinnya negara lain😂😂,0.0,0.9885215759277344,0
935,Sebutin negara” yang pake ethanol,0,2025-11-02 13:05:28+00:00,sebutin negara  yang pake ethanol,sebutin negara yang pake ethanol,,0.935683012008667,0
936,"bukti OPO caaak cak
buktine kendaraan mogok t",0,2025-11-02 02:32:33+00:00,"bukti opo caak cak
buktine kendaraan mogok t",bukti opo caak cak buktine kendaraan mogok t,,0.9983651041984558,0
938,Bahlil b nya apa?,0,2025-11-02 05:16:30+00:00,bahlil b nya apa?,bahlil b nya apa?,0.0,0.9922879934310913,0
939,cuaca beda pak 😏,0,2025-11-02 05:06:16+00:00,cuaca beda pak 😏,cuaca beda pak 😏,0.0,0.9208797812461853,0
940,bilang aja mau cari untung,0,2025-11-07 00:23:26+00:00,bilang aja mau cari untung,bilang aja mau cari untung,0.0,0.9984278678894043,0
941,negara mana yg pane etanol,0,2025-11-02 00:54:49+00:00,negara mana yg pane etanol,negara mana yang pane etanol,,0.991048276424408,0
942,auranya kayak anies,0,2025-11-06 16:28:18+00:00,auranya kayak anies,auranya kayak anies,0.0,0.9880829453468323,0
943,teori dengan praktek beda lul BAHLUL,0,2025-11-06 13:12:39+00:00,teori dengan praktek beda lul bahlul,teori dengan praktek beda lul bahlul,0.0,0.9680686593055725,0
944,"Pak2 cobalah berfikir logika nalarnya ituloh ya Allah, fasilitas di negara kita ini beda jauh sama negara lain yg udah super canggih",0,2025-11-04 17:22:08+00:00,pak2 cobalah berfikir logika nalarnya ituloh ya allah  fasilitas di negara kita ini beda jauh sama negara lain yg udah super canggih,pak2 cobalah berfikir logika nalarnya ituloh ya allah fasilitas di negara kita ini beda jauh sama negara lain yang sudah super canggih,0.0,0.9992063641548157,0
946,Bahlil apa Bahlul?,2,2025-10-17 04:22:15+00:00,bahlil apa bahlul?,bahlil apa bahlul?,0.0,0.9977837204933167,0
947,model Bahlil di pake ga ya buat negara lain,4,2025-10-13 10:14:17+00:00,model bahlil di pake ga ya buat negara lain,model bahlil di pake tidak ya buat negara lain,0.0,0.982404887676239,0
948,negara sebesar ini bebannya cuma bahlil,2,2025-10-14 09:55:12+00:00,negara sebesar ini bebannya cuma bahlil,negara sebesar ini bebannya cuma bahlil,0.0,0.9901806116104126,0
949,hmm,2,2025-10-14 09:43:48+00:00,hmm,hmm,0.0,0.8738905191421509,0
951,bahlil: yang tidak bagus itu adalah muka saya,2,2025-10-13 05:25:05+00:00,bahlil  yang tidak bagus itu adalah muka saya,bahlil yang tidak bagus itu adalah muka saya,0.0,0.9992145299911499,0
952,masih kici kici nona🥰,2,2025-10-13 02:51:00+00:00,masih kici kici nona🥰,masih kici kici nona🥰,,0.9813439846038818,0
953,emang g bagus pak,2,2025-10-12 08:59:50+00:00,emang g bagus pak,emang g bagus pak,0.0,0.9962318539619446,0
954,sepertinya bahlil meminta kita untuk mendemo rumah nya🤣,2,2025-10-10 15:31:25+00:00,sepertinya bahlil meminta kita untuk mendemo rumah nya🤣,sepertinya bahlil meminta kita untuk mendemo rumah nya🤣,,0.9982909560203552,0
955,hihihi,2,2025-10-09 23:52:08+00:00,hihihi,hihihi,1.0,0.9984873533248901,1
956,bukti banyak motor mogok,0,2025-11-04 03:41:01+00:00,bukti banyak motor mogok,bukti banyak motor mogok,0.0,0.9832593202590942,0
957,kenyihhhj,0,2025-11-04 06:08:20+00:00,kenyihhj,kenyihhj,1.0,0.9984354376792908,1
959,pemerintah sekarg seperti nya mauembuat masarakat miskin,0,2025-11-12 05:03:14+00:00,pemerintah sekarg seperti nya mauembuat masarakat miskin,pemerintah sekarg seperti nya mauembuat masarakat miskin,0.0,0.9993119239807129,0
960,BPK ini mewakili rakyat Indonesia .,0,2025-11-07 23:54:10+00:00,bpk ini mewakili rakyat indonesia .,bpk ini mewakili rakyat indonesia .,,0.9986929297447205,0
961,Sepertinya Pak Prabowo salah pilih menteri ini...,0,2025-11-14 05:48:43+00:00,sepertinya pak prabowo salah pilih menteri ini..,sepertinya pak prabowo salah pilih menteri ini..,0.0,0.9930983185768127,0
962,kelewat pinter pak bahlil,0,2025-11-12 00:05:57+00:00,kelewat pinter pak bahlil,kelewat pinter pak bahlil,0.0,0.9988265633583069,0
964,"skrg bnyk yg beralih ke pom kuning sama ijo,😁😁merah putih udah mulai sepi,",0,2025-11-07 14:31:08+00:00,skrg bnyk yg beralih ke pom kuning sama ijo 😁😁merah putih udah mulai sepi,sekarang bnyk yang beralih ke pom kuning sama ijo 😁😁merah putih sudah mulai sepi,0.0,0.966869592666626,0
966,bosok pak,0,2025-11-07 13:08:45+00:00,bosok pak,bosok pak,1.0,0.9059368371963501,1
967,Duuh ganti aj bahlil kebijakan ap lgi ini lama rakyat bs kuk nepal sdh semakin hari rakyat dipermainkan🙏🙏,0,2025-11-14 01:49:28+00:00,duuh ganti aj bahlil kebijakan ap lgi ini lama rakyat bs kuk nepal sdh semakin hari rakyat dipermainkan🙏🙏,duuh ganti aj bahlil kebijakan ap lagi ini lama rakyat bs kuk nepal sudah semakin hari rakyat dipermainkan🙏🙏,0.0,0.9994762539863586,0
968,ramah apanee pakkk pakkk...mbrebettt kabeh motore 😂,0,2025-11-07 10:07:15+00:00,ramah apanee pakk pakk..mbrebett kabeh motore 😂,ramah apanee pakk pakk..mbrebett kabeh motore 😂,1.0,0.9638472199440002,1
969,total hari ini sopo sing ganti pak Bahlil atau bahlul,0,2025-11-07 08:49:31+00:00,total hari ini sopo sing ganti pak bahlil atau bahlul,total hari ini sopo sing ganti pak bahlil atau bahlul,,0.9969158172607422,0
970,tapi ni mobil kalo di kasih campuran etanol makin kenceng bangg,0,2025-11-11 12:27:38+00:00,tapi ni mobil kalo di kasih campuran etanol makin kenceng bangg,tapi ni mobil kalau di kasih campuran etanol makin kenceng bangg,,0.9177467226982117,0
971,saking ramah lingkungan sampe pada mati smua motor,0,2025-11-07 07:46:30+00:00,saking ramah lingkungan sampe pada mati smua motor,saking ramah lingkungan sampe pada mati smua motor,0.0,0.8311852216720581,0
972,balek pecat aza ok,0,2025-11-07 06:53:42+00:00,balek pecat aza ok,balek pecat aza baik,0.0,0.9911003708839417,0
973,demo demo demo pecat Bahlil pecat bahlil,0,2025-11-07 06:05:15+00:00,demo demo demo pecat bahlil pecat bahlil,demo demo demo pecat bahlil pecat bahlil,,0.6548551321029663,0
974,LANGSUNG CARI,0,2025-11-07 05:45:07+00:00,langsung cari,langsung cari,,0.7226551175117493,0
975,kalo ada demo kabarin 🔥,0,2025-11-11 16:55:45+00:00,kalo ada demo kabarin 🔥,kalau ada demo kabarin 🔥,,0.9857882857322693,0
976,itu diluar banyak motor yang rusak setelah isi BBM di SPBU.... gimana menteri ESDMnya tu..... mohon perhatian untuk bapak Presiden Prabowo🙏,0,2025-11-07 03:40:02+00:00,itu diluar banyak motor yang rusak setelah isi bbm di spbu.. gimana menteri esdmnya tu.. mohon perhatian untuk bapak presiden prabowo🙏,itu diluar banyak motor yang rusak setelah isi bbm di spbu.. gimana menteri esdmnya tu.. mohon perhatian untuk bapak presiden prabowo🙏,0.0,0.8957534432411194,0
977,Betul Bang cari untung sendiri bahlul itu orang botol bodoh dan tolol,0,2025-11-07 03:14:21+00:00,betul bang cari untung sendiri bahlul itu orang botol bodoh dan tolol,betul bang cari untung sendiri bahlul itu orang botol bodoh dan tolol,0.0,0.9994864463806152,0
978,yg tau rumah Bahlil??,0,2025-11-07 02:01:57+00:00,yg tau rumah bahlil??,yang tau rumah bahlil??,0.0,0.7970348000526428,0
979,Warga konoha lo berapa pun di beli kok malah lagi lagi di campur campur. Ujung ujungnya nanti merugikan konoha juga,0,2025-11-12 00:27:06+00:00,warga konoha lo berapa pun di beli kok malah lagi lagi di campur campur. ujung ujungnya nanti merugikan konoha juga,warga konoha kamu berapa pun di beli kok malah lagi lagi di campur campur. ujung ujungnya nanti merugikan konoha juga,0.0,0.9994470477104187,0
980,Si.......,0,2025-11-11 02:30:37+00:00,si..,si..,0.0,0.9983162879943848,0
981,wajahnya sekilas mirip Abah anies😭,0,2025-11-06 16:29:07+00:00,wajahnya sekilas mirip abah anies😭,wajahnya sekilas mirip abah anies😭,1.0,0.9489565491676331,1
982,menengo lil,0,2025-11-06 16:16:23+00:00,menengo lil,menengo lil,,0.7108874320983887,0
984,kita liat kalo banyak motor yang rusak gegara isi bensin di pertamina apakah si b2i itu akan bertanggung jawab,3,2025-10-10 13:39:04+00:00,kita liat kalo banyak motor yang rusak gegara isi bensin di pertamina apakah si b2i itu akan bertanggung jawab,kita liat kalau banyak motor yang rusak gegara isi bensin di pertamina apakah si b2i itu akan bertanggung jawab,0.0,0.9984820485115051,0
986,woi anjjjjjj bahlil,2,2025-10-10 10:22:26+00:00,woi anjj bahlil,woi anjj bahlil,,0.9980261921882629,0
987,bahlil menurut bmkg.,1,2025-10-17 05:39:16+00:00,bahlil menurut bmkg.,bahlil menurut bmkg.,,0.9879661202430725,0
988,Ini mentri jenius 😂,0,2025-10-30 10:42:15+00:00,ini mentri jenius 😂,ini mentri jenius 😂,0.0,0.6764113903045654,0
989,"itu kan negara lain. bukan negara Indonesia
udah banyak contohnya sepeda motor mogok pak 🙏",0,2025-10-30 09:56:59+00:00,"itu kan negara lain. bukan negara indonesia
udah banyak contohnya sepeda motor mogok pak 🙏",itu kan negara lain. bukan negara indonesia sudah banyak contohnya sepeda motor mogok pak 🙏,0.0,0.9982819557189941,0
990,mgkin di negara saranjana yg pkai etanol bagus,0,2025-10-30 23:58:25+00:00,mgkin di negara saranjana yg pkai etanol bagus,mgkin di negara saranjana yang pkai etanol bagus,0.0,0.8033312559127808,0
991,pantes pada banyak yg rusak motor,0,2025-11-08 06:38:24+00:00,pantes pada banyak yg rusak motor,pantes pada banyak yang rusak motor,0.0,0.9989442229270935,0
992,eeedaaaaan tenan,0,2025-11-14 09:46:49+00:00,eedaan tenan,eedaan tenan,1.0,0.9935134053230286,1
995,itu negara lain boss....ini negara Indonesia duh piye kang Bahlil iki,0,2025-11-06 12:16:40+00:00,itu negara lain boss..ini negara indonesia duh piye kang bahlil iki,itu negara lain boss..ini negara indonesia duh piye kang bahlil iki,0.0,0.9959726929664612,0
996,bacotnya bahlul bikin eneg,0,2025-11-06 06:00:22+00:00,bacotnya bahlul bikin eneg,bacotnya bahlul bikin eneg,0.0,0.9798934459686279,0
997,produksi dulu motor yang make etanol😭,0,2025-11-06 04:52:46+00:00,produksi dulu motor yang make etanol😭,produksi dulu motor yang make etanol😭,,0.9981555342674255,0
998,lagi dabrus,0,2025-11-05 13:38:19+00:00,lagi dabrus,lagi dabrus,0.0,0.8165593147277832,0
999,kuakitas kendaraan di negara lain saja sudah beda jgn di samain di indonesia,0,2025-11-05 13:09:09+00:00,kuakitas kendaraan di negara lain saja sudah beda jgn di samain di indonesia,kuakitas kendaraan di negara lain saja sudah beda jangan di samain di indonesia,0.0,0.9993126392364502,0
1000,Bahlil b nya apa,0,2025-11-05 10:39:31+00:00,bahlil b nya apa,bahlil b nya apa,,0.844081461429596,0
1001,?,0,2025-11-05 06:20:02+00:00,?,?,0.0,0.986828088760376,0
1002,beda suu,0,2025-11-05 05:21:02+00:00,beda suu,beda suu,1.0,0.9852259755134583,1
1003,Bahlil fomo 😹,0,2025-11-05 03:08:20+00:00,bahlil fomo 😹,bahlil takut ketinggalan 😹,0.0,0.9959412813186646,0
1004,aku mau tanya negara mana yang pakai etanol Bahlil itu udah jelas gak bagus anak TK aja tau,0,2025-11-04 15:12:16+00:00,aku mau tanya negara mana yang pakai etanol bahlil itu udah jelas gak bagus anak tk aja tau,saya mau tanya negara mana yang pakai etanol bahlil itu sudah jelas tidak bagus anak tk aja tau,0.0,0.9908925294876099,0
1005,pak bukti realitanyanya jelas jenuh,0,2025-11-04 14:00:09+00:00,pak bukti realitanyanya jelas jenuh,pak bukti realitanyanya jelas jenuh,0.0,0.9983575940132141,0
1006,jangan dicari Bahlil waktu kecil😭,0,2025-11-04 13:00:23+00:00,jangan dicari bahlil waktu kecil😭,jangan dicari bahlil waktu kecil😭,0.0,0.9971526861190796,0
1007,ngak ngoros pokok e pedaku mogok gara gara awkmu,0,2025-11-04 12:15:14+00:00,ngak ngoros pokok e pedaku mogok gara gara awkmu,tidak ngoros pokok e pedaku mogok gara gara awkmu,0.0,0.9919074773788452,0
1009,ah SDH jelas2 terbukti dan teruji ini malah ngeles terus dasar bahlul,0,2025-11-04 10:53:11+00:00,ah sdh jelas2 terbukti dan teruji ini malah ngeles terus dasar bahlul,ah sudah jelas2 terbukti dan teruji ini malah ngeles terus dasar bahlul,0.0,0.9984397292137146,0
1010,Sumpah nyusahno rakyatttt,0,2025-11-04 09:41:36+00:00,sumpah nyusahno rakyatt,sumpah nyusahno rakyatt,0.0,0.9989339709281921,0
1011,"Menurut anda bagus pak, kenyataan nya motor banyak mogok tu pak,",0,2025-11-04 09:13:41+00:00,menurut anda bagus pak  kenyataan nya motor banyak mogok tu pak,menurut anda bagus pak kenyataan nya motor banyak mogok tu pak,0.0,0.8531637787818909,0
1012,"pecat ni orang pak presiden ,,sepeda saya bongkar semua mesin ,,gara gara Bahlil Iki",0,2025-11-04 07:29:35+00:00,pecat ni orang pak presiden   sepeda saya bongkar semua mesin   gara gara bahlil iki,pecat ni orang pak presiden sepeda saya bongkar semua mesin gara gara bahlil iki,0.0,0.9981815814971924,0
1013,dari mukanya kelihatan terlalu pintar,0,2025-11-04 06:20:37+00:00,dari mukanya kelihatan terlalu pintar,dari mukanya kelihatan terlalu pintar,0.0,0.9341028332710266,0
1014,"buktikan nang kluarga mu disek ae,,, ojo mbok buktikan nang rakyat",0,2025-11-04 02:53:19+00:00,buktikan nang kluarga mu disek ae   ojo mbok buktikan nang rakyat,buktikan nang kluarga mu disek ae ojo mbok buktikan nang rakyat,0.0,0.9170556664466858,0
1015,engappppp,2,2025-10-10 12:24:28+00:00,engapp,engapp,1.0,0.9770004749298096,1
1016,pembelaan .tp rakyat gak bodoh lil,2,2025-10-10 10:33:02+00:00,pembelaan .tp rakyat gak bodoh lil,pembelaan .tp rakyat tidak bodoh lil,1.0,0.9902701377868652,1
1017,Ws pecat ae Pak Bahlillllll iki... paraaaaaah... aseeeem,0,2025-11-04 02:48:35+00:00,ws pecat ae pak bahlill iki.. paraah.. aseem,ws pecat ae pak bahlill iki.. paraah.. aseem,0.0,0.9986640214920044,0
1018,raine bahlil,0,2025-11-08 12:07:26+00:00,raine bahlil,raine bahlil,1.0,0.9172828197479248,1
1019,wong gemblong!,0,2025-11-05 08:20:17+00:00,wong gemblong!,wong gemblong!,0.0,0.9990851879119873,0
1020,gak usah rebutan,0,2025-11-05 07:51:01+00:00,gak usah rebutan,tidak usah rebutan,1.0,0.9562339186668396,1
1021,Astaqfirullahalazim etanol etanol bikin rusuh satu Indonesia bikin rakyat sengsara,0,2025-11-08 09:24:40+00:00,astaqfirullahalazim etanol etanol bikin rusuh satu indonesia bikin rakyat sengsara,astaqfirullahalazim etanol etanol bikin rusuh satu indonesia bikin rakyat sengsara,0.0,0.9968081116676331,0
1022,motor gw mogok weh 😌,0,2025-11-13 10:13:26+00:00,motor gw mogok weh 😌,motor saya mogok weh 😌,0.0,0.9979832172393799,0
1023,"pemerintah ga bisa kerja, tlg di pecat aja pak",0,2025-11-08 09:17:56+00:00,pemerintah ga bisa kerja  tlg di pecat aja pak,pemerintah tidak bisa kerja tlg di pecat aja pak,0.0,0.9993126392364502,0
1024,ini cerdas pak mentri hebat,0,2025-11-05 05:37:38+00:00,ini cerdas pak mentri hebat,ini cerdas pak mentri hebat,1.0,0.9989182949066162,1
1025,solar di pikirno ajo omong tok. gak Ono buktine,0,2025-11-13 01:01:06+00:00,solar di pikirno ajo omong tok. gak ono buktine,solar di pikirno ajo omong tok. tidak ono buktine,0.0,0.9989104270935059,0
1026,Pecat BAHLIL...,0,2025-11-05 05:34:43+00:00,pecat bahlil..,pecat bahlil..,0.0,0.9992650151252747,0
1027,percaya keneh kana olinol di radiator springs,0,2025-11-03 14:27:16+00:00,percaya keneh kana olinol di radiator springs,percaya keneh kana olinol di radiator springs,1.0,0.967195987701416,1
1028,baru di bakar Pertamina ada etanol,0,2025-11-03 13:48:45+00:00,baru di bakar pertamina ada etanol,baru di bakar pertamina ada etanol,,0.9982964396476746,0
1029,balik iku Ra ISO di omongi Bahlil iku di ceptakan Soko watu.patung kok di omongi.,0,2025-11-08 05:47:46+00:00,balik iku ra iso di omongi bahlil iku di ceptakan soko watu.patung kok di omongi.,balik iku ra iso di omongi bahlil iku di ceptakan soko watu.patung kok di omongi.,0.0,0.9727908372879028,0
1030,ahh.... Bahlul jadi TK parkur aja ' kagak ada pantes2nya jadi mentri,0,2025-11-05 03:40:41+00:00,ahh.. bahlul jadi tk parkur aja   kagak ada pantes2nya jadi mentri,ahh.. bahlul jadi tk parkur aja kagak ada pantes2nya jadi mentri,0.0,0.9993563294410706,0
1031,bahlil jadi pejabat karena hubungan politik.. kalau uji ke cerdasan jauh di bawah standar,0,2025-11-05 03:36:16+00:00,bahlil jadi pejabat karena hubungan politik.. kalau uji ke cerdasan jauh di bawah standar,bahlil jadi pejabat karena hubungan politik.. kalau uji ke cerdasan jauh di bawah standar,0.0,0.9535829424858093,0
1032,motor anak gw kmrin baru kena ke bengkel habis 350k,0,2025-11-15 02:30:35+00:00,motor anak gw kmrin baru kena ke bengkel habis 350k,motor anak saya kmrin baru kena ke bengkel habis 350k,,0.9985527396202087,0
1033,paman pikolo,0,2025-11-08 05:45:37+00:00,paman pikolo,paman pikolo,1.0,0.9974229335784912,1
1034,Lill Bahlill ngomong opo to kowe,0,2025-11-13 00:42:36+00:00,lill bahlill ngomong opo to kowe,lill bahlill ngomong opo to kowe,0.0,0.6716885566711426,0
1035,kok dipertahankan sih menteri ini,0,2025-11-05 11:18:54+00:00,kok dipertahankan sih menteri ini,kok dipertahankan ya menteri ini,0.0,0.9989234805107117,0
1036,😭,0,2025-11-05 12:15:11+00:00,😭,😭,1.0,0.9985289573669434,1
1037,"terserah bahlil suka2 dia, kata iqdam bahlil sperti nabi 👍",0,2025-11-04 14:01:32+00:00,terserah bahlil suka2 dia  kata iqdam bahlil sperti nabi 👍,terserah bahlil suka2 dia kata iqdam bahlil sperti nabi 👍,1.0,0.8115913271903992,1
1038,luluh lantakkan🔥🔥,0,2025-11-02 12:20:30+00:00,luluh lantakkan🔥🔥,luluh lantakkan🔥🔥,1.0,0.9539632201194763,1
1039,Malaysia gak pakai etanol lul,0,2025-11-04 23:08:45+00:00,malaysia gak pakai etanol lul,malaysia tidak pakai etanol lul,0.0,0.9513140320777893,0
1040,"iya pk yg ngk bagus itu bukan etanol tapi mesin kedraan ngkda mesin yg pakai etanol,blm ada di indonisia pk",0,2025-11-01 13:30:47+00:00,iya pk yg ngk bagus itu bukan etanol tapi mesin kedraan ngkda mesin yg pakai etanol blm ada di indonisia pk,ya pk yang ngk bagus itu bukan etanol tapi mesin kedraan ngkda mesin yang pakai etanol belum ada di indonisia pk,0.0,0.9016550183296204,0
1041,buktinya mrebet cook,0,2025-11-01 13:27:07+00:00,buktinya mrebet cook,buktinya mrebet cook,,0.9143112301826477,0
1042,kayak gini kok jadi mentri,1,2025-10-30 03:38:01+00:00,kayak gini kok jadi mentri,kayak gini kok jadi mentri,0.0,0.9992074370384216,0
1043,"bensin campur etanol itu gpp sebenarnya..tp masalahnya semua belum siap..mobil belum siap, bahlan infrastruktur di pom bensin belim siap..itu tanki di pom bensin blm support etanol jadinya bensin yang disimpan malah mengembun dan berair..sama halnya di distribusi..tanky mobil distribusi malah bikin berair krn tankynya belum siap",1,2025-10-30 02:24:12+00:00,bensin campur etanol itu gpp sebenarnya..tp masalahnya semua belum siap..mobil belum siap  bahlan infrastruktur di pom bensin belim siap..itu tanki di pom bensin blm support etanol jadinya bensin yang disimpan malah mengembun dan berair..sama halnya di distribusi..tanky mobil distribusi malah bikin berair krn tankynya belum siap,bensin campur etanol itu gpp sebenarnya..tp masalahnya semua belum siap..mobil belum siap bahlan infrastruktur di pom bensin belim siap..itu tanki di pom bensin belum support etanol jadinya bensin yang disimpan malah mengembun dan berair..sama halnya di distribusi..tanky mobil distribusi malah bikin berair karena tankynya belum siap,0.0,0.9962402582168579,0
1044,"@bahlil.lahadalia
👇🏻👇🏻👇🏻👇🏻👇🏻👇🏻",1,2025-10-30 01:44:05+00:00,bahlil.lahadalia,bahlil.lahadalia,,0.9025976657867432,0
1045,"biar nggak impor banyak?,..tapi lu nggak mikir dampak ke sepda motor/mobil?,",1,2025-10-30 00:07:12+00:00,biar nggak impor banyak? ..tapi lu nggak mikir dampak ke sepda motor mobil?,biar tidak impor banyak? ..tapi kamu tidak mikir dampak ke sepda motor mobil?,0.0,0.9921859502792358,0
1046,Bahlil anj 👊🏻👊🏻👊🏻👊🏻👊🏻,1,2025-10-29 23:56:44+00:00,bahlil anj,bahlil anjing,0.0,0.9984697699546814,0
1047,ANJG BAHLIL,1,2025-10-29 23:46:46+00:00,anjg bahlil,anjg bahlil,1.0,0.9933423399925232,1
1048,apakah negara kita gak bisa memproduk org pinter dan berpengalaman makin hari mentrinya makin bikin rakyat susah aja,1,2025-10-29 23:10:14+00:00,apakah negara kita gak bisa memproduk org pinter dan berpengalaman makin hari mentrinya makin bikin rakyat susah aja,apakah negara kita tidak bisa memproduk org pinter dan berpengalaman makin hari mentrinya makin bikin rakyat susah aja,0.0,0.9992565512657166,0
1049,kebijakan t...lol,1,2025-10-29 17:51:13+00:00,kebijakan t..lol,kebijakan t..lol,0.0,0.9989542961120605,0
1050,"ini orang tolol gimna...etanol it bhan keras..bisa mrusak msin kropos,",1,2025-10-29 16:55:57+00:00,ini orang tolol gimna..etanol it bhan keras..bisa mrusak msin kropos,ini orang tolol gimna..etanol it bhan keras..bisa mrusak msin kropos,0.0,0.9994719624519348,0
1051,"Orang kek gini kenapa bisa jadi ketum golkar & menteri esdm, tolong Jawa pertanyaan saya😭",1,2025-10-29 16:49:07+00:00,orang kek gini kenapa bisa jadi ketum golkar   menteri esdm  tolong jawa pertanyaan saya😭,orang kek gini kenapa bisa jadi ketum golkar menteri esdm tolong jawa pertanyaan saya😭,0.0,0.8760632872581482,0
1052,garai budal kerjo telat gara gara sepeda brebet 😡,1,2025-10-29 15:35:48+00:00,garai budal kerjo telat gara gara sepeda brebet 😡,garai budal kerjo telat gara gara sepeda brebet 😡,0.0,0.9956325888633728,0
1053,orang bodoh yg menjadi menteri,1,2025-10-29 15:30:55+00:00,orang bodoh yg menjadi menteri,orang bodoh yang menjadi menteri,0.0,0.9994688630104065,0
1055,gimana kalau diganti es coklat aja biar enak,1,2025-10-29 15:21:55+00:00,gimana kalau diganti es coklat aja biar enak,gimana kalau diganti es coklat aja biar enak,0.0,0.897379457950592,0
1056,liat ny.aj mual,1,2025-10-29 15:07:17+00:00,liat ny.aj mual,liat ny.aj mual,0.0,0.9989946484565735,0
1057,motor aing jadi korban lil lil😭,1,2025-10-29 14:03:56+00:00,motor aing jadi korban lil lil😭,motor aing jadi korban lil lil😭,,0.7622798681259155,0
1058,tolong pak presiden copot yg satu ini. hancur semua mesin kendaraan kami,1,2025-10-29 13:39:20+00:00,tolong pak presiden copot yg satu ini. hancur semua mesin kendaraan kami,tolong pak presiden copot yang satu ini. hancur semua mesin kendaraan kami,0.0,0.9991893172264099,0
1059,bahlul apa Bahlil gaes...,1,2025-10-29 13:18:33+00:00,bahlul apa bahlil gaes..,bahlul apa bahlil gaes..,0.0,0.9969797730445862,0
1060,mantap bang👍😁,1,2025-10-29 13:11:26+00:00,mantap bang👍😁,bagus bang👍😁,1.0,0.9994444251060486,1
1061,dia bukan bahlil.... tapi bahlul😂😂😂,1,2025-10-29 13:06:50+00:00,dia bukan bahlil.. tapi bahlul😂😂,dia bukan bahlil.. tapi bahlul😂😂,0.0,0.9951030015945435,0
1062,harusnya manggilnya eh bahlul 🤣🤣,1,2025-10-29 12:59:42+00:00,harusnya manggilnya eh bahlul 🤣🤣,harusnya manggilnya eh bahlul 🤣🤣,1.0,0.8658667802810669,1
1063,motor gw jadi brebet,1,2025-10-29 12:27:24+00:00,motor gw jadi brebet,motor saya jadi brebet,,0.9970479607582092,0
1064,WELEK BOSHOKKK,1,2025-10-29 11:53:16+00:00,welek boshokk,welek boshokk,0.0,0.9991356730461121,0
1065,"keluarga besarnya bahlil apa gak lihat komen"" masy indo ya? apa gak lihat ngerugiin masy indo",1,2025-10-29 11:40:49+00:00,keluarga besarnya bahlil apa gak lihat komen  masy indo ya? apa gak lihat ngerugiin masy indo,keluarga besarnya bahlil apa tidak lihat komen masy indo ya? apa tidak lihat ngerugiin masy indo,0.0,0.9982534050941467,0
1066,Ya begini jadi nya kalo mafia solar dijadikan mentri wkwkwk🤣🤣🤣,1,2025-10-29 11:36:11+00:00,ya begini jadi nya kalo mafia solar dijadikan mentri wkwkwk🤣🤣,ya begini jadi nya kalau mafia solar dijadikan mentri wkwkwk🤣🤣,0.0,0.9927884936332703,0
1067,"bahlil dzolim, motor gue jadi rusak🙄",1,2025-10-29 11:29:27+00:00,bahlil dzolim  motor gue jadi rusak,bahlil dzolim motor saya jadi rusak,0.0,0.999147891998291,0
1068,bahlil njaluk diombeni etanol,1,2025-10-29 11:31:33+00:00,bahlil njaluk diombeni etanol,bahlil njaluk diombeni etanol,,0.998445451259613,0
1069,pecat bahlul,1,2025-10-29 11:25:11+00:00,pecat bahlul,pecat bahlul,0.0,0.9992916584014893,0
1070,bahlil ini harus nya cepet di pecat,1,2025-10-29 10:35:49+00:00,bahlil ini harus nya cepet di pecat,bahlil ini harus nya cepet di pecat,0.0,0.9960291385650635,0
1071,tujuan nya biar bahlul bisa dapat bnyk...,1,2025-10-29 09:59:53+00:00,tujuan nya biar bahlul bisa dapat bnyk..,tujuan nya biar bahlul bisa dapat bnyk..,,0.8727124333381653,0
1073,muka rakus ini,0,2025-10-31 13:29:11+00:00,muka rakus ini,muka rakus ini,0.0,0.9989125728607178,0
1074,ini orang kaya gak mikir orang kecil....,0,2025-10-31 13:00:27+00:00,ini orang kaya gak mikir orang kecil..,ini orang kaya tidak mikir orang kecil..,0.0,0.998267412185669,0
1075,nyatanya bgt cuk,0,2025-11-10 10:16:07+00:00,nyatanya bgt cuk,nyatanya banget cuk,1.0,0.9882990121841431,1
1076,Bahlil b nya aap,0,2025-11-05 08:00:46+00:00,bahlil b nya aap,bahlil b nya aap,,0.9971678853034973,0
1077,ga percaya omongan bapak ini,0,2025-11-10 09:06:40+00:00,ga percaya omongan bapak ini,tidak percaya omongan bapak ini,0.0,0.9982604384422302,0
1078,tamatan mana yg ngomong ini,0,2025-10-31 12:37:52+00:00,tamatan mana yg ngomong ini,tamatan mana yang ngomong ini,0.0,0.998794674873352,0
1079,"prabowo aja gk berani sm bahlil, karna itu titipan jokowi",0,2025-11-01 04:16:11+00:00,prabowo aja gk berani sm bahlil  karna itu titipan jokowi,prabowo aja tidak berani sama bahlil karna itu titipan jokowi,0.0,0.9972359538078308,0
1080,kita aja bahli ke bengkel mata nya biar tau,0,2025-11-10 09:02:32+00:00,kita aja bahli ke bengkel mata nya biar tau,kita aja bahli ke bengkel mata nya biar tau,,0.9972780346870422,0
1081,Banyak motor karatan gara gara digempur etanol bensinnya,0,2025-10-31 11:41:08+00:00,banyak motor karatan gara gara digempur etanol bensinnya,banyak motor karatan gara gara digempur etanol bensinnya,0.0,0.9872862696647644,0
1082,bahlil b nya apaa,0,2025-10-31 11:25:53+00:00,bahlil b nya apaa,bahlil b nya apaa,0.0,0.9018248319625854,0
1083,woi bang dulu kita di ikutin negara lain . bukan kita yang ikuti negara lain . Indonesia sekarang kayak kehilangan jati diri sebagai macan asia .,0,2025-11-10 06:30:38+00:00,woi bang dulu kita di ikutin negara lain . bukan kita yang ikuti negara lain . indonesia sekarang kayak kehilangan jati diri sebagai macan asia .,woi bang dulu kita di ikutin negara lain . bukan kita yang ikuti negara lain . indonesia sekarang kayak kehilangan jati diri sebagai macan asia .,0.0,0.9992979764938354,0
1085,"di amerika udah gak make karbu pak, smntara di indo banyak",0,2025-10-31 11:10:22+00:00,di amerika udah gak make karbu pak  smntara di indo banyak,di amerika sudah tidak make karbu pak smntara di indo banyak,0.0,0.7300997972488403,0
1086,tidak semua mesin di Indonesia bisa tahan dengan etanol tinggi,0,2025-10-31 10:02:12+00:00,tidak semua mesin di indonesia bisa tahan dengan etanol tinggi,tidak semua mesin di indonesia bisa tahan dengan etanol tinggi,0.0,0.7197729349136353,0
1087,bagus untuk Bahlil aja. sm kami gak bagus.,0,2025-10-31 09:33:17+00:00,bagus untuk bahlil aja. sm kami gak bagus.,bagus untuk bahlil aja. sama kami tidak bagus.,0.0,0.9984720349311829,0
1088,ya Alloh kok koyo ngene mukanya pantas aturannya bikin pusing,0,2025-10-31 07:27:01+00:00,ya alloh kok koyo ngene mukanya pantas aturannya bikin pusing,ya alloh kok koyo ngene mukanya pantas aturannya bikin pusing,0.0,0.9974767565727234,0
1089,muka nya ngajak ribut 😂🤣,1,2025-10-22 16:26:56+00:00,muka nya ngajak ribut 😂🤣,muka nya ngajak ribut 😂🤣,0.0,0.9987780451774597,0
1090,emg gabagus. membuat mesin korosi etanol itu kalau kondisi kelembapan negara Indonesia,1,2025-10-22 15:15:29+00:00,emg gabagus. membuat mesin korosi etanol itu kalau kondisi kelembapan negara indonesia,emg gabagus. membuat mesin korosi etanol itu kalau kondisi kelembapan negara indonesia,0.0,0.9891377091407776,0
1091,"negara mana LUL,.. sebutkan LOL🤣🤣",1,2025-10-22 14:35:47+00:00,negara mana lul .. sebutkan lol🤣🤣,negara mana lul .. sebutkan lol🤣🤣,,0.9820851683616638,0
1092,"barang pemakek e gak gelem...
lakok mokso nemen seh...
pakek en Dewe wes Lil Bahlil...",1,2025-10-22 13:55:07+00:00,"barang pemakek e gak gelem..
lakok mokso nemen seh..
pakek en dewe wes lil bahlil..",barang pemakek e tidak gelem.. lakok mokso nemen seh.. pakek en dewe wes lil bahlil..,0.0,0.9873173832893372,0
1093,hitam hitam,1,2025-10-22 13:07:30+00:00,hitam hitam,hitam hitam,0.0,0.9735252261161804,0
1094,Yapping mulu lutung satu nih🗿,1,2025-10-22 07:53:27+00:00,yapping mulu lutung satu nih🗿,yapping mulu lutung satu nih🗿,1.0,0.9568932056427002,1
1095,ni orang banyak banget hattersnya,1,2025-10-22 06:49:57+00:00,ni orang banyak banget hattersnya,ni orang banyak banget hattersnya,1.0,0.9972524046897888,1
1096,kebijakan yg slalu bikin gaduh seluruh rakyat indonesia..,1,2025-10-22 05:10:55+00:00,kebijakan yg slalu bikin gaduh seluruh rakyat indonesia..,kebijakan yang slalu bikin gaduh seluruh rakyat indonesia..,0.0,0.9970057606697083,0
1097,hidup sudah susah eh malah bahlil buat hidup makin susah,1,2025-10-22 03:24:05+00:00,hidup sudah susah eh malah bahlil buat hidup makin susah,hidup sudah susah eh malah bahlil buat hidup makin susah,0.0,0.9992600083351135,0
1098,pitku marai mbrebet cok bahlil ndlogok,1,2025-10-21 23:36:54+00:00,pitku marai mbrebet cok bahlil ndlogok,pitku marai mbrebet cok bahlil ndlogok,,0.998807430267334,0
1099,ngapain di campur coba,1,2025-10-21 23:01:10+00:00,ngapain di campur coba,ngapain di campur coba,0.0,0.9975071549415588,0
1100,raimu bagus a?,1,2025-10-21 18:30:17+00:00,raimu bagus a?,raimu bagus a?,1.0,0.9937235713005066,1
1101,orang ini bikin kendaraan se-Indonesia rusak masal,1,2025-10-21 15:59:32+00:00,orang ini bikin kendaraan se indonesia rusak masal,orang ini bikin kendaraan se indonesia rusak masal,0.0,0.9990711212158203,0
1104,emang kalo negara lain pake etanol bagus gitu otak kids🗿,1,2025-10-21 12:49:53+00:00,emang kalo negara lain pake etanol bagus gitu otak kids🗿,emang kalau negara lain pake etanol bagus gitu otak kids🗿,1.0,0.9776255488395691,1
1105,sepertix apapun yang kau ucapkan kami SDH ga percaya,1,2025-10-21 12:16:22+00:00,sepertix apapun yang kau ucapkan kami sdh ga percaya,sepertix apapun yang kau ucapkan kami sudah tidak percaya,0.0,0.9991338849067688,0
1106,mentri paling bego ini mah,1,2025-10-21 11:29:26+00:00,mentri paling bego ini mah,mentri paling bego ini mah,0.0,0.998608410358429,0
1107,ganti ngapa si bahlil iniii,1,2025-10-21 10:57:15+00:00,ganti ngapa si bahlil inii,ganti ngapa si bahlil inii,0.0,0.9912849068641663,0
1108,😹,1,2025-10-21 09:49:58+00:00,😹,😹,1.0,0.8649779558181763,1
1109,bahlil paham apa enggak efek etanol di mesin,1,2025-10-21 09:00:20+00:00,bahlil paham apa enggak efek etanol di mesin,bahlil paham apa enggak efek etanol di mesin,,0.9973234534263611,0
1110,maaf lepas pak. saya mau disisir soalnya😭,1,2025-10-21 07:20:57+00:00,maaf lepas pak. saya mau disisir soalnya😭,maaf lepas pak. saya mau disisir soalnya😭,0.0,0.9682972431182861,0
1111,Bahlil cuba jelasin untuk motor 2 tak,1,2025-10-21 07:08:42+00:00,bahlil cuba jelasin untuk motor 2 tak,bahlil cuba jelasin untuk motor 2 tak,,0.9958584904670715,0
1114,Peeehhhh [speechless],1,2025-10-21 03:56:11+00:00,peehh  speechless,peehh speechless,0.0,0.9986448884010315,0
1117,bisa kah dipertanggung jwbkan ucpnmu pak bahlil..kl smpai rusak atau tdk bertenaga mobil2 n mtr bisa kah kau ganti rugi dgn uang kantongmu sendiri pak bahlil.,1,2025-10-21 01:07:44+00:00,bisa kah dipertanggung jwbkan ucpnmu pak bahlil..kl smpai rusak atau tdk bertenaga mobil2 n mtr bisa kah kau ganti rugi dgn uang kantongmu sendiri pak bahlil.,bisa kah dipertanggung jwbkan ucpnmu pak bahlil..kl smpai rusak atau tidak bertenaga mobil2 n mtr bisa kah kau ganti rugi dengan uang kantongmu sendiri pak bahlil.,0.0,0.9934369921684265,0
1118,tanggung jawab motorku mogok,0,2025-11-08 02:33:26+00:00,tanggung jawab motorku mogok,tanggung jawab motorku mogok,,0.9843122363090515,0
1119,cari keuntungan menyulit kan masarakat lama2 orang ini,0,2025-11-06 13:56:54+00:00,cari keuntungan menyulit kan masarakat lama2 orang ini,cari keuntungan menyulit kan masarakat lama2 orang ini,0.0,0.9986342787742615,0
1120,tolong motor saya korban bensin etanol,0,2025-11-06 08:37:11+00:00,tolong motor saya korban bensin etanol,tolong motor saya korban bensin etanol,,0.9984681010246277,0
1121,"metanol sangat membantu.... rakyat.
kerja sudah capek pulang
masih sibuk membengkel ....
etanol ramah abis.....",0,2025-11-06 07:01:57+00:00,"metanol sangat membantu.. rakyat.
kerja sudah capek pulang
masih sibuk membengkel ..
etanol ramah abis..",metanol sangat membantu.. rakyat. kerja sudah capek pulang masih sibuk membengkel .. etanol ramah abis..,1.0,0.9967619180679321,1
1122,motor gue brebet setelah isi pertalite,0,2025-11-06 06:51:51+00:00,motor gue brebet setelah isi pertalite,motor saya brebet setelah isi pertalite,,0.9946488738059998,0
1123,10 % besok2 jadi 50%,0,2025-11-06 06:11:27+00:00,10   besok2 jadi 50,10 besok2 jadi 50,,0.9908794164657593,0
1124,KNP YA G DI GANTI AJA YA KYK GINI?.. SIAPA SIH YG BERWENANG SEBETULNYA?,0,2025-11-06 05:51:08+00:00,knp ya g di ganti aja ya kyk gini?.. siapa sih yg berwenang sebetulnya?,kenapa ya g di ganti aja ya kyk gini?.. siapa ya yang berwenang sebetulnya?,0.0,0.9984502792358398,0
1125,bahlil bahlul emang,0,2025-11-06 05:43:33+00:00,bahlil bahlul emang,bahlil bahlul emang,0.0,0.9970321655273438,0
1126,pa kaseani lh rakyat jangan sampai marah rakyat pa,0,2025-11-06 05:31:59+00:00,pa kaseani lh rakyat jangan sampai marah rakyat pa,pa kaseani lh rakyat jangan sampai marah rakyat pa,0.0,0.9632021188735962,0
1127,bener bang motor temen gw jadi brebet sama tangki jadi karat,0,2025-11-06 02:15:50+00:00,bener bang motor temen gw jadi brebet sama tangki jadi karat,benar bang motor teman saya jadi brebet sama tangki jadi karat,0.0,0.9062647819519043,0
1128,Diem cok,0,2025-11-06 01:03:36+00:00,diem cok,diem cok,0.0,0.9981085062026978,0
1130,Dasar orang bikin SUSAH RAKYAT INDONESIA SAJA,0,2025-11-05 23:39:09+00:00,dasar orang bikin susah rakyat indonesia saja,dasar orang bikin susah rakyat indonesia saja,0.0,0.9994702935218811,0
1131,Yo jangan gitu bpk....SPD saya rusak gara2 campuran di bengkel iya kalau punya uang,0,2025-11-05 21:41:57+00:00,yo jangan gitu bpk..spd saya rusak gara2 campuran di bengkel iya kalau punya uang,yo jangan gitu bpk..spd saya rusak gara2 campuran di bengkel ya kalau punya uang,0.0,0.9988262057304382,0
1132,@Atallah Noval:Gimana kalo bayar pajaknya 10% di campur daun pisang😒,0,2025-11-10 03:45:47+00:00,atallah noval gimana kalo bayar pajaknya 10  di campur daun pisang,atallah noval gimana kalau bayar pajaknya 10 di campur daun pisang,,0.7919478416442871,0
1133,apalah Bahlil ini rx king ku kaya apaa,0,2025-11-12 13:50:45+00:00,apalah bahlil ini rx king ku kaya apaa,apalah bahlil ini rx king ku kaya apaa,0.0,0.6648650765419006,0
1134,demo LG baru berenti,0,2025-11-14 11:25:24+00:00,demo lg baru berenti,demo lagi baru berenti,0.0,0.9989857077598572,0
1135,mari suarakan isi hati rakyat,0,2025-11-10 05:12:43+00:00,mari suarakan isi hati rakyat,mari suarakan isi hati rakyat,1.0,0.6710895299911499,1
1136,pecat bahlil,0,2025-11-10 07:40:21+00:00,pecat bahlil,pecat bahlil,0.0,0.9985353946685791,0
1137,"banjarmasin aja bensin campur air aja sudah ribut satu kalsel, apalagi campur etanol😅",0,2025-11-04 11:32:58+00:00,banjarmasin aja bensin campur air aja sudah ribut satu kalsel  apalagi campur etanol😅,banjarmasin aja bensin campur air aja sudah ribut satu kalsel apalagi campur etanol😅,0.0,0.9982807636260986,0
1138,betul,0,2025-11-10 12:05:57+00:00,betul,betul,1.0,0.9981334805488586,1
1139,"tujuannya di campur etanol. ngurangin. impor, kenapa. selundupan. BBM. keluar berapa tengkija.",0,2025-11-16 03:56:58+00:00,tujuannya di campur etanol. ngurangin. impor  kenapa. selundupan. bbm. keluar berapa tengkija.,tujuannya di campur etanol. ngurangin. impor kenapa. selundupan. bbm. keluar berapa tengkija.,0.0,0.998748779296875,0
1140,gk setuju,0,2025-11-12 15:49:05+00:00,gk setuju,tidak setuju,0.0,0.9984208345413208,0
1141,"Mereka bisa ganti motor tiap bulan ,tiap tahun ...terus yg motor buat seumur hidup gmn ...",0,2025-11-04 10:50:22+00:00,mereka bisa ganti motor tiap bulan  tiap tahun ..terus yg motor buat seumur hidup gmn ..,mereka bisa ganti motor tiap bulan tiap tahun ..terus yang motor buat seumur hidup gimana ..,0.0,0.9811632037162781,0
1142,memang motor saya juga rusak parah,0,2025-11-10 13:13:10+00:00,memang motor saya juga rusak parah,memang motor saya juga rusak parah,0.0,0.9987632036209106,0
1144,bahlil = DAJJAL,0,2025-11-04 12:23:11+00:00,bahlil   dajjal,bahlil dajjal,0.0,0.9987154006958008,0
1145,etanol ajg🗿,0,2025-11-05 09:17:51+00:00,etanol ajg🗿,etanol ajg🗿,1.0,0.9568724632263184,1
1147,DEMO BESAR-BESARAN SEBELUM KENDARAAN PADA RUSAK,0,2025-11-02 00:48:15+00:00,demo besar besaran sebelum kendaraan pada rusak,demo besar besaran sebelum kendaraan pada rusak,0.0,0.9418796300888062,0
1148,ada event ngelawan bahlil di ring...gak,0,2025-10-31 10:19:16+00:00,ada event ngelawan bahlil di ring..gak,ada event ngelawan bahlil di ring..gak,0.0,0.9918656945228577,0
1149,Gawe motor listrik ae,0,2025-11-09 03:35:40+00:00,gawe motor listrik ae,gawe motor listrik ae,,0.9966719150543213,0
1150,Negri masih ada bahlil kapan majunyaa…..,0,2025-10-31 04:27:41+00:00,negri masih ada bahlil kapan majunyaa ..,negri masih ada bahlil kapan majunyaa ..,,0.9981808662414551,0
1151,yg ngak bagus itu kalau si bahlil masih jadi menteri,0,2025-11-03 04:40:12+00:00,yg ngak bagus itu kalau si bahlil masih jadi menteri,yang tidak bagus itu kalau si bahlil masih jadi menteri,0.0,0.9988118410110474,0
1152,Bangsat ni bahlil,0,2025-10-30 07:08:28+00:00,bangsat ni bahlil,bangsat ni bahlil,0.0,0.8768828511238098,0
1153,kapan nih demo,1,2025-10-29 09:27:15+00:00,kapan nih demo,kapan nih demo,,0.9385320544242859,0
1154,cuihhhh bahlil,1,2025-10-29 09:25:09+00:00,cuihh bahlil,cuihh bahlil,0.0,0.9980140924453735,0
1155,"Pertalite brebet, beli pertamax juga brebet itupun malah jadi tambah boros kalian ngerasa gak sih",1,2025-10-29 09:20:19+00:00,pertalite brebet  beli pertamax juga brebet itupun malah jadi tambah boros kalian ngerasa gak sih,pertalite brebet beli pertamax juga brebet itupun malah jadi tambah boros kalian ngerasa tidak ya,0.0,0.9984577894210815,0
1156,mentri asu,1,2025-10-29 08:33:03+00:00,mentri asu,mentri asu,,0.9926888346672058,0
1157,kenapa ga di ganti ajah mentrinya,1,2025-10-29 08:22:07+00:00,kenapa ga di ganti ajah mentrinya,kenapa tidak di ganti ajah mentrinya,0.0,0.7564072012901306,0
1158,ramah lingkungan ☺️☺,1,2025-10-29 08:16:12+00:00,ramah lingkungan  ️,ramah lingkungan ️,1.0,0.9993999004364014,1
1159,"Gini akibat supir angkot jadi mentri, udah bagus bagus jadi supir angkot",1,2025-10-29 07:43:15+00:00,gini akibat supir angkot jadi mentri  udah bagus bagus jadi supir angkot,gini akibat supir angkot jadi mentri sudah bagus bagus jadi supir angkot,0.0,0.960033118724823,0
1160,bukan bahlil tp bahlul🤭🤭🤭,1,2025-10-29 07:32:39+00:00,bukan bahlil tp bahlul🤭🤭,bukan bahlil tapi bahlul🤭🤭,0.0,0.9916959404945374,0
1161,SAK JATIM WIS MBREBET GOK NDLOGOKKK,1,2025-10-29 07:29:29+00:00,sak jatim wis mbrebet gok ndlogokk,sak jatim wis mbrebet gok ndlogokk,,0.7620636820793152,0
1162,bego emang bahlil,1,2025-10-29 07:16:40+00:00,bego emang bahlil,bego emang bahlil,0.0,0.9969180822372437,0
1163,lama lama dicampur air kencing,1,2025-10-29 07:03:38+00:00,lama lama dicampur air kencing,lama lama dicampur air kencing,0.0,0.9826011061668396,0
1164,bahlil atau bahlul...wo prabowo mentrimu kyaknya perlu di soter ulang,1,2025-10-29 06:55:17+00:00,bahlil atau bahlul..wo prabowo mentrimu kyaknya perlu di soter ulang,bahlil atau bahlul..wo prabowo mentrimu kyaknya perlu di soter ulang,0.0,0.8767853379249573,0
1165,@gerindra silahkan di simak,1,2025-10-29 06:48:22+00:00,gerindra silahkan di simak,gerindra silahkan di simak,,0.9986750483512878,0
1166,pokok e kita masuk surga jalur kedzoliman pemerintah 😭😭😭😭,1,2025-10-29 06:34:54+00:00,pokok e kita masuk surga jalur kedzoliman pemerintah 😭😭,pokok e kita masuk surga jalur kedzoliman pemerintah 😭😭,0.0,0.9992805123329163,0
1168,"gara gara orang ini sekrang motor kebanyakan berebet, semua di campurin",1,2025-10-29 05:42:04+00:00,gara gara orang ini sekrang motor kebanyakan berebet  semua di campurin,gara gara orang ini sekrang motor kebanyakan berebet semua di campurin,0.0,0.9987776875495911,0
1169,kok masih di pakai sm pak wowo sih,1,2025-10-29 05:31:46+00:00,kok masih di pakai sm pak wowo sih,kok masih di pakai sama pak wowo ya,0.0,0.676357090473175,0
1170,menteri tolol😏,1,2025-10-29 05:25:08+00:00,menteri tolol😏,menteri tolol😏,0.0,0.9735462665557861,0
1171,balill peninggalan rezim lama ...makanya ngomong tidak pakai otak.,1,2025-10-29 04:55:07+00:00,balill peninggalan rezim lama ..makanya ngomong tidak pakai otak.,balill peninggalan rezim lama ..makanya ngomong tidak pakai otak.,0.0,0.9988366961479187,0
1172,bahlul bang jangan Bahlil 😭😭,1,2025-10-29 04:29:50+00:00,bahlul bang jangan bahlil 😭😭,bahlul bang jangan bahlil 😭😭,0.0,0.995387613773346,0
1173,100% etolol,1,2025-10-29 03:53:42+00:00,100  etolol,100 etolol,,0.9604074954986572,0
1174,bahlul bang namanya,1,2025-10-29 03:03:28+00:00,bahlul bang namanya,bahlul bang namanya,0.0,0.9948733448982239,0
1175,emang goblok pemerintah sekarang,1,2025-10-29 02:30:51+00:00,emang goblok pemerintah sekarang,emang goblok pemerintah sekarang,0.0,0.9992769360542297,0
1176,"Bahlil❎
Bahlul✅",1,2025-10-29 02:23:17+00:00,"bahlil❎
bahlul✅",bahlil❎ bahlul✅,,0.9590333104133606,0
1177,minyak bersih matanee,1,2025-10-29 02:26:33+00:00,minyak bersih matanee,minyak bersih matanee,0.0,0.6633313298225403,0
1179,ekpresi bahlil ketika masyarakat menolak:,1,2025-10-29 02:01:21+00:00,ekpresi bahlil ketika masyarakat menolak,ekpresi bahlil ketika masyarakat menolak,,0.9575153589248657,0
1180,GANTI AJA ITU MENTRI GK JELAS,1,2025-10-29 01:32:04+00:00,ganti aja itu mentri gk jelas,ganti aja itu mentri tidak jelas,0.0,0.9992085099220276,0
1181,"Setiap Luhut, Jokowi, Bahlil, Sri Mulyani ngomong, Kiamat Maju 2 Jam",2,2025-10-10 09:01:02+00:00,setiap luhut  jokowi  bahlil  sri mulyani ngomong  kiamat maju 2 jam,setiap luhut jokowi bahlil sri mulyani ngomong kiamat maju 2 jam,,0.9987813830375671,0
1182,"pak Prabowo masih aja nyimpen anak asuh satu ini, biarkan dia ikut sama bapak kandungnya 🤣🤣🤣",2,2025-10-10 08:19:51+00:00,pak prabowo masih aja nyimpen anak asuh satu ini  biarkan dia ikut sama bapak kandungnya 🤣🤣,pak prabowo masih aja nyimpen anak asuh satu ini biarkan dia ikut sama bapak kandungnya 🤣🤣,,0.9930510520935059,0
1183,pak presiden RI yang terhormat. kapan ini mau dipecat rakyat sudah mual lihat nya 🙏,2,2025-10-10 12:24:35+00:00,pak presiden ri yang terhormat. kapan ini mau dipecat rakyat sudah mual lihat nya 🙏,pak presiden ri yang terhormat. kapan ini mau dipecat rakyat sudah mual lihat nya 🙏,0.0,0.9990725517272949,0
1184,Pecat Bahlil,2,2025-10-10 08:59:45+00:00,pecat bahlil,pecat bahlil,0.0,0.9985353946685791,0
1185,yg tidak bagus loh jadi mentri bahlul.,2,2025-10-10 12:12:29+00:00,yg tidak bagus loh jadi mentri bahlul.,yang tidak bagus loh jadi mentri bahlul.,0.0,0.999414324760437,0
1186,aura orang ini gelap bgt,2,2025-10-10 14:54:19+00:00,aura orang ini gelap bgt,aura orang ini gelap banget,0.0,0.9983503818511963,0
1187,mabok etanol bahlil,2,2025-10-10 15:31:35+00:00,mabok etanol bahlil,mabok etanol bahlil,,0.9966321587562561,0
1188,yg gk bagus itu ke np kok rugi mulu...sedang kn rakyat gak bon beli nyaaa,1,2025-10-10 15:32:25+00:00,yg gk bagus itu ke np kok rugi mulu..sedang kn rakyat gak bon beli nyaa,yang tidak bagus itu ke np kok rugi mulu..sedang kn rakyat tidak bon beli nyaa,0.0,0.9993786811828613,0
1189,matamu,1,2025-11-05 07:25:38+00:00,matamu,matamu,1.0,0.9911060929298401,1
1190,"beginilah kalo orang yg gak kompeten dipakai, dan gak nanggung di jadikan Mentri pula, kalo sama presiden yg dulu ya masuk akal, tp kenapa Prabowo gak buang orang2 seperti ini",1,2025-10-10 15:30:22+00:00,beginilah kalo orang yg gak kompeten dipakai  dan gak nanggung di jadikan mentri pula  kalo sama presiden yg dulu ya masuk akal  tp kenapa prabowo gak buang orang2 seperti ini,beginilah kalau orang yang tidak kompeten dipakai dan tidak nanggung di jadikan mentri pula kalau sama presiden yang dulu ya masuk akal tapi kenapa prabowo tidak buang orang2 seperti ini,0.0,0.9993295669555664,0
1192,yu gass jarah rumah bahlil,1,2025-10-11 11:43:07+00:00,yu gass jarah rumah bahlil,yu gass jarah rumah bahlil,,0.9984642267227173,0
1193,"ini jahanam sekali ya ,,",2,2025-10-10 05:46:55+00:00,ini jahanam sekali ya,ini jahanam sekali ya,0.0,0.9979039430618286,0
1194,bahlil = hama negara,1,2025-10-30 09:27:17+00:00,bahlil   hama negara,bahlil hama negara,0.0,0.8990998864173889,0
1195,otakmu gak bagus,0,2025-11-04 16:20:50+00:00,otakmu gak bagus,otakmu tidak bagus,0.0,0.9992654919624329,0
1196,Taek pak sebelum kebijaksaanamu bikin motor mogok pak sudron menteri kayak dagelan ludruk,0,2025-11-08 17:11:14+00:00,taek pak sebelum kebijaksaanamu bikin motor mogok pak sudron menteri kayak dagelan ludruk,taek pak sebelum kebijaksaanamu bikin motor mogok pak sudron menteri kayak dagelan ludruk,0.0,0.9988634586334229,0
1197,"Ayo maiin ke. rumahku pak ,",0,2025-11-08 17:52:45+00:00,ayo maiin ke. rumahku pak,ayo maiin ke. rumahku pak,,0.9296959042549133,0
1198,emang ngk bagus,0,2025-11-14 02:27:02+00:00,emang ngk bagus,emang ngk bagus,1.0,0.998426079750061,1
1199,motor 2 tak pyyy,0,2025-11-03 08:05:46+00:00,motor 2 tak pyy,motor 2 tak pyy,,0.9713129997253418,0
1200,ganti bahlil gx bermutu,0,2025-11-08 21:52:47+00:00,ganti bahlil gx bermutu,ganti bahlil gx bermutu,,0.8577062487602234,0
1201,"ini pak Presiden kmn sih koq mslh ini diam aja, mobil pak presiden pake apa sih bensinnya? mobil"" pejabat lain jg pada pake apa bensinnya? koq pada anteng"" aja mslh ini... tolong saya pak presiden saya udh 1 minggu gak isi"" bensin, saya gak mau isi pertamina JELEK!!!",0,2025-11-14 08:44:46+00:00,ini pak presiden kmn sih koq mslh ini diam aja  mobil pak presiden pake apa sih bensinnya? mobil  pejabat lain jg pada pake apa bensinnya? koq pada anteng  aja mslh ini.. tolong saya pak presiden saya udh 1 minggu gak isi  bensin  saya gak mau isi pertamina jelek!!,ini pak presiden kmn ya koq mslh ini diam aja mobil pak presiden pake apa ya bensinnya? mobil pejabat lain jg pada pake apa bensinnya? koq pada anteng aja mslh ini.. tolong saya pak presiden saya sudah 1 minggu tidak isi bensin saya tidak mau isi pertamina jelek!!,0.0,0.999427080154419,0
1202,tai loh,0,2025-11-05 05:38:30+00:00,tai loh,tai loh,1.0,0.7023819088935852,1
1203,taekkkkkk,0,2025-11-05 08:48:19+00:00,taekk,taekk,0.0,0.9851495027542114,0
1204,penat bahlil,0,2025-11-05 09:47:53+00:00,penat bahlil,penat bahlil,0.0,0.9982438087463379,0
1205,sing tidak bagus rupane Bahlil,0,2025-11-05 11:27:51+00:00,sing tidak bagus rupane bahlil,sing tidak bagus rupane bahlil,0.0,0.9993477463722229,0
1206,sedutan etanoll 😱😱,0,2025-11-09 09:01:43+00:00,sedutan etanoll,sedutan etanoll,0.0,0.9930251836776733,0
1207,"gak mikir tu orang etanol di mesin luar negeri di terima lah kalo di Indonesia beda lagi woy , beda negara beda mesin beda bahan bakar dasar lu ah",0,2025-11-06 07:39:13+00:00,gak mikir tu orang etanol di mesin luar negeri di terima lah kalo di indonesia beda lagi woy   beda negara beda mesin beda bahan bakar dasar lu ah,tidak mikir tu orang etanol di mesin luar negeri di terima lah kalau di indonesia beda lagi woy beda negara beda mesin beda bahan bakar dasar kamu ah,0.0,0.9987549781799316,0
1208,pakaen sendiri lil bahlil bikin unar aja,0,2025-11-06 07:43:47+00:00,pakaen sendiri lil bahlil bikin unar aja,pakaen sendiri lil bahlil bikin unar aja,,0.9933323264122009,0
1209,"ngomong ae bahlil cepat pak prabowo pecat si bahlil ini mau rusak rakyat indonesia ,sibahlil",0,2025-11-06 07:45:19+00:00,ngomong ae bahlil cepat pak prabowo pecat si bahlil ini mau rusak rakyat indonesia  sibahlil,ngomong ae bahlil cepat pak prabowo pecat si bahlil ini mau rusak rakyat indonesia sibahlil,0.0,0.9994040727615356,0
1211,PERTAMAX AJA DIOPLOS!!!,1,2025-10-19 10:50:37+00:00,pertamax aja dioplos!!,pertamax aja dioplos!!,0.0,0.9858086109161377,0
1212,dahlah 🗿 auto rusak ni motor,1,2025-10-19 09:32:35+00:00,dahlah 🗿 auto rusak ni motor,dahlah 🗿 auto rusak ni motor,0.0,0.9989678859710693,0
1213,Kon jajali Dewe,1,2025-10-19 09:19:53+00:00,kon jajali dewe,kon jajali dewe,1.0,0.8827634453773499,1
1214,dgn segala hormat pak presiden saya pribadi sangat ikhlas dan legowo klu orang ini jgn lagi di jajaran kabinet yg jenengan pimpin sekarang....,1,2025-10-19 09:16:30+00:00,dgn segala hormat pak presiden saya pribadi sangat ikhlas dan legowo klu orang ini jgn lagi di jajaran kabinet yg jenengan pimpin sekarang..,dengan segala hormat pak presiden saya pribadi sangat ikhlas dan legowo klu orang ini jangan lagi di jajaran kabinet yang jenengan pimpin sekarang..,1.0,0.970337986946106,1
1215,matane wi @,1,2025-10-19 09:07:43+00:00,matane wi,matane wi,1.0,0.998134970664978,1
1216,bahlil negara yang mana coba sebut namanya ..??😂,1,2025-10-19 08:54:03+00:00,bahlil negara yang mana coba sebut namanya ..??😂,bahlil negara yang mana coba sebut namanya ..??😂,0.0,0.9916785955429077,0
1217,"jadi gini, sebenarnya etanol bisa buat jadi bahan bakar, bahkan RON nya kalau ngga salah bisa sampe 102 yang pertalite aja 90 dan Pertamax 92, tapi yang bikin etanol ngga di pake karena Sanga mudah menyerap kandungan air dalam udara, yang membuat mesin bisa cepet rusak, gituu, jadi ngga 100% salah mulut Bahlil ini tapi ga bener juga mulutnya ni",1,2025-10-19 08:31:49+00:00,jadi gini  sebenarnya etanol bisa buat jadi bahan bakar  bahkan ron nya kalau ngga salah bisa sampe 102 yang pertalite aja 90 dan pertamax 92  tapi yang bikin etanol ngga di pake karena sanga mudah menyerap kandungan air dalam udara  yang membuat mesin bisa cepet rusak  gituu  jadi ngga 100  salah mulut bahlil ini tapi ga bener juga mulutnya ni,jadi gini sebenarnya etanol bisa buat jadi bahan bakar bahkan ron nya kalau ngga salah bisa sampe 102 yang pertalite aja 90 dan pertamax 92 tapi yang bikin etanol ngga di pake karena sanga mudah menyerap kandungan air dalam udara yang membuat mesin bisa cepet rusak gituu jadi ngga 100 salah mulut bahlil ini tapi tidak benar juga mulutnya ni,0.0,0.9880119562149048,0
1218,ehhh Bahlil bukan etanol yg gk bagus tpi kendaraan Indonesia harus adaptasi yg cukup lama agar etanol benar² berfungsi dengan bener,1,2025-10-19 08:30:53+00:00,ehh bahlil bukan etanol yg gk bagus tpi kendaraan indonesia harus adaptasi yg cukup lama agar etanol benar  berfungsi dengan bener,ehh bahlil bukan etanol yang tidak bagus tapi kendaraan indonesia harus adaptasi yang cukup lama agar etanol benar berfungsi dengan benar,0.0,0.8885844945907593,0
1219,ntek amak ang lul,1,2025-10-19 08:21:30+00:00,ntek amak ang lul,ntek amak ang lul,0.0,0.9948286414146423,0
1222,jek bayi kakean polahh,1,2025-10-19 07:56:51+00:00,jek bayi kakean polahh,jek bayi kakean polahh,,0.9567873477935791,0
1223,goblok dipelihara,1,2025-10-19 07:53:54+00:00,goblok dipelihara,goblok dipelihara,0.0,0.9990063309669495,0
1224,Mobilmu aja yg pke Etanol Pak Bahlil 🤣🤣🤣,1,2025-10-19 07:33:44+00:00,mobilmu aja yg pke etanol pak bahlil 🤣🤣,mobilmu aja yang pke etanol pak bahlil 🤣🤣,,0.9734292030334473,0
1225,siapa yang bilang etanol itu gk bagus🗿👇,1,2025-10-19 06:56:13+00:00,siapa yang bilang etanol itu gk bagus🗿,siapa yang bilang etanol itu tidak bagus🗿,0.0,0.9980422258377075,0
1226,"tetapi pak,negara lain udah sangat maju pak.Indonesia masih tertinggal pak....",1,2025-10-19 06:53:00+00:00,tetapi pak negara lain udah sangat maju pak.indonesia masih tertinggal pak..,tetapi pak negara lain sudah sangat maju pak.indonesia masih tertinggal pak..,0.0,0.9742466807365417,0
1227,negara mana yang udh pake etanol cuma indonesia kocakk ngomong negara lain padahal cuma di indonesia doang😂😂😂😂,1,2025-10-19 06:41:54+00:00,negara mana yang udh pake etanol cuma indonesia kocakk ngomong negara lain padahal cuma di indonesia doang😂😂,negara mana yang sudah pake etanol cuma indonesia kocakk ngomong negara lain padahal cuma di indonesia doang😂😂,0.0,0.9991481304168701,0
1228,Bahlull Enteee,1,2025-10-19 06:11:07+00:00,bahlull entee,bahlull entee,1.0,0.6952362060546875,1
1230,jangan kau samain sama luar negri kocak,1,2025-10-19 05:40:41+00:00,jangan kau samain sama luar negri kocak,jangan kau samain sama luar negri kocak,0.0,0.8877036571502686,0
1231,penghambat negara maju ini dia dalang nya,1,2025-10-19 04:41:44+00:00,penghambat negara maju ini dia dalang nya,penghambat negara maju ini dia dalang nya,0.0,0.9992458820343018,0
1232,bahlil bin bahlul,1,2025-10-19 04:10:04+00:00,bahlil bin bahlul,bahlil bin bahlul,0.0,0.7861617207527161,0
1233,mungkin disini yang tidak bagus adalah bahlil sendiri,1,2025-10-19 02:06:20+00:00,mungkin disini yang tidak bagus adalah bahlil sendiri,mungkin disini yang tidak bagus adalah bahlil sendiri,0.0,0.9970852732658386,0
1234,Demoin lagi ini mah,1,2025-10-19 01:51:58+00:00,demoin lagi ini mah,demoin lagi ini mah,0.0,0.9021424651145935,0
1235,"motor 2 tak langsung habis mesinnya dan selamanya motor 2 tak lama lama habis🥺
padahal pengen e malah BBM di campur etanol",1,2025-10-19 00:22:07+00:00,"motor 2 tak langsung habis mesinnya dan selamanya motor 2 tak lama lama habis🥺
padahal pengen e malah bbm di campur etanol",motor 2 tak langsung habis mesinnya dan selamanya motor 2 tak lama lama habis🥺 padahal pengen e malah bbm di campur etanol,0.0,0.8976240158081055,0
1236,Ya niatnya baik tapi macam tidak tau negara ini aja nanti pasti mafia migas dan tambah lagi mafia etanol😅😅😅😅,1,2025-10-19 00:02:06+00:00,ya niatnya baik tapi macam tidak tau negara ini aja nanti pasti mafia migas dan tambah lagi mafia etanol😅😅,ya niatnya baik tapi macam tidak tau negara ini aja nanti pasti mafia migas dan tambah lagi mafia etanol😅😅,0.0,0.9993182420730591,0
1237,"ganti lahh mentri ESDM nya, sotau bet anj",1,2025-10-18 16:14:59+00:00,ganti lahh mentri esdm nya  sotau bet anj,ganti lahh mentri esdm nya sotau bet anjing,,0.8645551800727844,0
1238,yg ngomong contoh penggunaan etanol tersebut,1,2025-10-18 16:09:25+00:00,yg ngomong contoh penggunaan etanol tersebut,yang ngomong contoh penggunaan etanol tersebut,,0.9977388381958008,0
1240,koe ora mlk ngerasakno lil Bahlil kok kakean cangkem,0,2025-10-30 08:37:47+00:00,koe ora mlk ngerasakno lil bahlil kok kakean cangkem,koe ora mlk ngerasakno lil bahlil kok kakean cangkem,0.0,0.9905410408973694,0
1242,Suwun sudah Mewakili 🙏🏻,1,2025-10-29 00:08:25+00:00,suwun sudah mewakili 🙏,suwun sudah mewakili 🙏,,0.9978801012039185,0
1243,"bahenol
bahlil etanol",1,2025-10-28 23:58:54+00:00,"bahenol
bahlil etanol",bahenol bahlil etanol,,0.9931801557540894,0
1244,"anaknya keracunan mbg, sedangkan motor bapaknya keracunan bensin oplosan, terimakasih pak Prabowo 😁",1,2025-10-28 23:47:36+00:00,anaknya keracunan mbg  sedangkan motor bapaknya keracunan bensin oplosan  terimakasih pak prabowo 😁,anaknya keracunan mbg sedangkan motor bapaknya keracunan bensin oplosan terimakasih pak prabowo 😁,,0.9936275482177734,0
1245,"ijazahnya b.hlil ini apa sih sebenernya?sesuai sama jabatannya juga ngga sih?kita aja kalau kerja ijazahnya kudu sesuai sm lowongan kerja yg dituju,jangan2 ......🥺",1,2025-10-28 23:43:26+00:00,ijazahnya b.hlil ini apa sih sebenernya?sesuai sama jabatannya juga ngga sih?kita aja kalau kerja ijazahnya kudu sesuai sm lowongan kerja yg dituju jangan2 ..🥺,ijazahnya b.hlil ini apa ya sebenernya?sesuai sama jabatannya juga ngga sih?kita aja kalau kerja ijazahnya kudu sesuai sama lowongan kerja yang dituju jangan2 ..🥺,0.0,0.9829771518707275,0
1246,"knpa ya kabinet warisan mulyono semua gini amat..si luhut,bahlil,erlangga,srimulyono...dan heran saya apa gk lapor presiden mau campur etanol",1,2025-10-28 23:33:14+00:00,knpa ya kabinet warisan mulyono semua gini amat..si luhut bahlil erlangga srimulyono..dan heran saya apa gk lapor presiden mau campur etanol,knpa ya kabinet warisan mulyono semua gini amat..si luhut bahlil erlangga srimulyono..dan heran saya apa tidak lapor presiden mau campur etanol,0.0,0.9949284791946411,0
1247,bukannya namanya itu lul ga bukan lil🗿,1,2025-10-28 23:10:13+00:00,bukannya namanya itu lul ga bukan lil🗿,bukannya namanya itu lul tidak bukan lil🗿,0.0,0.9946423768997192,0
1248,koplak,1,2025-10-28 21:49:45+00:00,koplak,koplak,1.0,0.9157246351242065,1
1249,pk presiden aja bingung knapa si bahlul bisa jdi mentri investasi,1,2025-10-28 18:47:22+00:00,pk presiden aja bingung knapa si bahlul bisa jdi mentri investasi,pk presiden aja bingung knapa si bahlul bisa jdi mentri investasi,0.0,0.9986974596977234,0
1250,"mentri bahlul ,pertamina busuk .mending Negara ini jatuh di tangan belanda/ingris",1,2025-10-28 18:28:01+00:00,mentri bahlul  pertamina busuk .mending negara ini jatuh di tangan belanda ingris,mentri bahlul pertamina busuk .mending negara ini jatuh di tangan belanda ingris,0.0,0.9995009899139404,0
1251,"@@gerindra @Gibran Rakabuming apakah ide kayak gtu d setujuin aja malu maluin negara Indonesia aja tolong jngn sengsarakan rakyat mu ,,harus d tindak lanjutin Pertamina",1,2025-10-28 17:43:25+00:00,gerindra  gibran rakabuming apakah ide kayak gtu d setujuin aja malu maluin negara indonesia aja tolong jngn sengsarakan rakyat mu   harus d tindak lanjutin pertamina,gerindra gibran rakabuming apakah ide kayak gtu d setujuin aja malu maluin negara indonesia aja tolong jngn sengsarakan rakyat mu harus d tindak lanjutin pertamina,0.0,0.9388843774795532,0
1252,bahlul B nya apa????,1,2025-10-28 17:18:10+00:00,bahlul b nya apa??,bahlul b nya apa??,0.0,0.9993336796760559,0
1253,aku kurban etanol,1,2025-10-28 15:44:10+00:00,aku kurban etanol,saya kurban etanol,,0.9779077172279358,0
1254,Harga 2 rb per liter lah kalo campur etanol,1,2025-10-28 15:39:43+00:00,harga 2 rb per liter lah kalo campur etanol,harga 2 rb per liter lah kalau campur etanol,,0.8384043574333191,0
1255,bahlil L nya LONGORR,1,2025-10-28 15:18:31+00:00,bahlil l nya longorr,bahlil l nya longorr,,0.9843626022338867,0
1257,TOLONGGG MOTOR GW NGEBET JIRR INI SIAPA YG NGIDE CAMPUR ETANOL,1,2025-10-28 14:57:39+00:00,tolongg motor gw ngebet jirr ini siapa yg ngide campur etanol,tolongg motor saya ngebet jirr ini siapa yang ngide campur etanol,0.0,0.9950555562973022,0
1258,Dajjal bener,1,2025-10-28 14:47:27+00:00,dajjal bener,dajjal benar,0.0,0.7971965670585632,0
1259,Dajjal...di Konoha nyata...,1,2025-10-28 14:46:09+00:00,dajjal..di konoha nyata..,dajjal..di konoha nyata..,0.0,0.6996462941169739,0
1260,"ganti Bahlil, menteri paling tololl",1,2025-10-28 14:44:39+00:00,ganti bahlil  menteri paling tololl,ganti bahlil menteri paling tololl,,0.9973543882369995,0
1261,di pikiranya cuma ada uang uang uang uang aku suka uang😂,1,2025-10-28 14:39:35+00:00,di pikiranya cuma ada uang uang uang uang aku suka uang😂,di pikiranya cuma ada uang uang uang uang saya suka uang😂,1.0,0.9945981502532959,1
1262,telek telekkkk,1,2025-10-28 13:59:54+00:00,telek telekk,telek telekk,0.0,0.999104917049408,0
1263,"ini orang dulu kok bisa jadi menteri critanya gimana ya,,,,😂😂😂",1,2025-10-28 13:54:29+00:00,ini orang dulu kok bisa jadi menteri critanya gimana ya  😂😂,ini orang dulu kok bisa jadi menteri critanya gimana ya 😂😂,0.0,0.9950030446052551,0
1264,padahal kalo mau mengurangi impor bisa dengan membangun kilang minyak tapi apa kata pak purbaya? Pertamina itu MALAS!,1,2025-10-28 13:44:00+00:00,padahal kalo mau mengurangi impor bisa dengan membangun kilang minyak tapi apa kata pak purbaya? pertamina itu malas!,padahal kalau mau mengurangi impor bisa dengan membangun kilang minyak tapi apa kata pak purbaya? pertamina itu malas!,0.0,0.9992801547050476,0
1266,bahlil alias bahlul,1,2025-10-28 12:54:26+00:00,bahlil alias bahlul,bahlil alias bahlul,0.0,0.9917919635772705,0
1267,Mataneeeee”,1,2025-10-28 12:08:52+00:00,matanee,matanee,1.0,0.879385232925415,1
1268,lagian ini ilmu dari mana si. di campur etanol😁,1,2025-10-28 12:10:03+00:00,lagian ini ilmu dari mana si. di campur etanol😁,lagian ini ilmu dari mana si. di campur etanol😁,0.0,0.801720142364502,0
1269,kendaraan yang beredar di negara kita belom siap bahl l.,1,2025-10-18 14:41:46+00:00,kendaraan yang beredar di negara kita belom siap bahl l.,kendaraan yang beredar di negara kita belum siap bahl l.,0.0,0.9692915678024292,0
1270,Bahlil Ama Bahlul apanya si,1,2025-10-18 14:09:41+00:00,bahlil ama bahlul apanya si,bahlil ama bahlul apanya si,0.0,0.9991494417190552,0
1271,kok bisa org kaya dia jadi pemerintah ya,1,2025-10-18 13:43:53+00:00,kok bisa org kaya dia jadi pemerintah ya,kok bisa org kaya dia jadi pemerintah ya,0.0,0.9689159393310547,0
1272,pak bahlul,1,2025-10-18 13:07:40+00:00,pak bahlul,pak bahlul,0.0,0.8918163180351257,0
1273,di amerika jarang yg maen 2tak lillllbahlilll,1,2025-10-18 12:01:27+00:00,di amerika jarang yg maen 2tak lillbahlill,di amerika jarang yang maen 2tak lillbahlill,0.0,0.8799779415130615,0
1274,dimana ada Bahlil di situ ada keributan😭,1,2025-10-18 08:41:28+00:00,dimana ada bahlil di situ ada keributan😭,dimana ada bahlil di situ ada keributan😭,0.0,0.9392399191856384,0
1275,woi jangan di bandingkan negara kita sama negara lain 🫩,1,2025-10-18 07:18:35+00:00,woi jangan di bandingkan negara kita sama negara lain,woi jangan di bandingkan negara kita sama negara lain,0.0,0.9993914365768433,0
1276,udh Bahlil rakyt dh muak liat anda mundur aj jgn bikin rakyat marah,1,2025-10-18 07:05:36+00:00,udh bahlil rakyt dh muak liat anda mundur aj jgn bikin rakyat marah,sudah bahlil rakyt dh muak liat anda mundur aj jangan bikin rakyat marah,0.0,0.9992945194244385,0
1277,BAHLIL BAHLUL,1,2025-10-18 05:29:41+00:00,bahlil bahlul,bahlil bahlul,0.0,0.9772870540618896,0
1279,kewane sopo kiucol nda dicekelneh sondok meresahkan,1,2025-10-18 05:12:07+00:00,kewane sopo kiucol nda dicekelneh sondok meresahkan,kewane sopo kiucol nda dicekelneh sondok meresahkan,0.0,0.999212384223938,0
1282,negara lain pake etanol karna mesinnya sudah di sesuaikan untuk mengonsumsi etanol lil bahlil,1,2025-10-18 03:23:35+00:00,negara lain pake etanol karna mesinnya sudah di sesuaikan untuk mengonsumsi etanol lil bahlil,negara lain pake etanol karna mesinnya sudah di sesuaikan untuk mengonsumsi etanol lil bahlil,,0.9980043768882751,0
1283,bahlil b nya apa,1,2025-10-18 03:02:27+00:00,bahlil b nya apa,bahlil b nya apa,,0.844081461429596,0
1284,"laa pertamina yo pora imporr
apakah Indonesia memproduksi etanol",1,2025-10-18 02:13:23+00:00,"laa pertamina yo pora imporr
apakah indonesia memproduksi etanol",laa pertamina yo pora imporr apakah indonesia memproduksi etanol,,0.9988425970077515,0
1285,lah lihat tu kartun crush yg pake etanol bahaya mesinya rusak semua,1,2025-10-18 01:16:33+00:00,lah lihat tu kartun crush yg pake etanol bahaya mesinya rusak semua,lah lihat tu kartun crush yang pake etanol bahaya mesinya rusak semua,0.0,0.9991586208343506,0
1286,"Sbenrnya langkah karna , kita nangkap mafia minyak cokk nah anak buah nya salah satu yang ini",1,2025-10-18 01:14:04+00:00,sbenrnya langkah karna   kita nangkap mafia minyak cokk nah anak buah nya salah satu yang ini,sbenrnya langkah karna kita nangkap mafia minyak cokk nah anak buah nya salah satu yang ini,0.0,0.9785361886024475,0
1287,ini Bahlul Bukan Bahlil,1,2025-10-18 00:45:22+00:00,ini bahlul bukan bahlil,ini bahlul bukan bahlil,0.0,0.9974857568740845,0
1288,spil akun bahlol mau silahturahmi dengan baik dan sopan,1,2025-10-17 19:06:27+00:00,spil akun bahlol mau silahturahmi dengan baik dan sopan,spil akun bahlol mau silahturahmi dengan baik dan sopan,,0.980061948299408,0
1289,pengen jitak kepala nya bahlil,1,2025-10-17 15:39:13+00:00,pengen jitak kepala nya bahlil,pengen jitak kepala nya bahlil,,0.9277706146240234,0
1290,Eman tangki ku pak,1,2025-10-17 15:24:25+00:00,eman tangki ku pak,eman tangki ku pak,,0.8789152503013611,0
1291,daya rusak geng solo memang luar biasa 😭,1,2025-10-17 14:17:40+00:00,daya rusak geng solo memang luar biasa 😭,daya rusak geng solo memang luar biasa 😭,1.0,0.9205496311187744,1
1292,Gak kebayang kijang super dikasih campuran etanol 😂,1,2025-10-17 13:21:01+00:00,gak kebayang kijang super dikasih campuran etanol 😂,tidak kebayang kijang super dikasih campuran etanol 😂,,0.7285084128379822,0
1293,mang eak,1,2025-10-17 13:06:46+00:00,mang eak,mang eak,1.0,0.9938386082649231,1
1294,matane montorku mbrebet let,1,2025-10-17 12:51:49+00:00,matane montorku mbrebet let,matane montorku mbrebet let,,0.9978399276733398,0
1295,"bahlil lulusan apa, bicaranya kimia",3,2025-10-10 10:22:16+00:00,bahlil lulusan apa  bicaranya kimia,bahlil lulusan apa bicaranya kimia,,0.7006092667579651,0
1296,"kalo emang bagus, coba Bahlil minum itu etanol🤣🤣🤣",3,2025-10-10 10:21:35+00:00,kalo emang bagus  coba bahlil minum itu etanol🤣🤣,kalau emang bagus coba bahlil minum itu etanol🤣🤣,1.0,0.940554678440094,1
1297,"lihat kesiapan produsen mobilnya sudah mempersiapkan kendaraan yg akan gunakan bbm dengan campuran etanol atau belum boss,",2,2025-10-10 03:51:12+00:00,lihat kesiapan produsen mobilnya sudah mempersiapkan kendaraan yg akan gunakan bbm dengan campuran etanol atau belum boss,lihat kesiapan produsen mobilnya sudah mempersiapkan kendaraan yang akan gunakan bbm dengan campuran etanol atau belum boss,,0.9972732663154602,0
1298,BAHENOL bahlil etanol,0,2025-11-04 14:59:40+00:00,bahenol bahlil etanol,bahenol bahlil etanol,,0.9931801557540894,0
1299,ORANG KAYAK GINI KOK BISA JADI MENTRI APA SUDAH NGAK ADA ORANG LAGI,0,2025-11-04 14:24:13+00:00,orang kayak gini kok bisa jadi mentri apa sudah ngak ada orang lagi,orang kayak gini kok bisa jadi mentri apa sudah tidak ada orang lagi,0.0,0.9989388585090637,0
1302,kapan mentri ini d ganti..dari awal idenya menyengsarakan,0,2025-11-03 15:54:40+00:00,kapan mentri ini d ganti..dari awal idenya menyengsarakan,kapan mentri ini d ganti..dari awal idenya menyengsarakan,0.0,0.9325524568557739,0
1303,cilik mekitik...mentolo njotos ae..,0,2025-11-08 07:53:47+00:00,cilik mekitik..mentolo njotos ae..,cilik mekitik..mentolo njotos ae..,0.0,0.9993053674697876,0
1304,jadi tai bahlil,0,2025-11-03 12:27:56+00:00,jadi tai bahlil,jadi tai bahlil,,0.9599500298500061,0
1306,yuk demo aj lah jngan biarin kaya gini cuman diem aj Mlah mkin jdi nanti si bahlul itu😡,0,2025-11-03 04:08:22+00:00,yuk demo aj lah jngan biarin kaya gini cuman diem aj mlah mkin jdi nanti si bahlul itu😡,yuk demo aj lah jngan biarin kaya gini cuma diem aj mlah mkin jdi nanti si bahlul itu😡,0.0,0.9992044568061829,0
1307,pancal raine mono mobilku mogok pas tanjakan su asu,0,2025-11-11 01:32:02+00:00,pancal raine mono mobilku mogok pas tanjakan su asu,pancal raine mono mobilku mogok pas tanjakan su asu,0.0,0.6738560795783997,0
1308,PK bahan bakar yg di bicarakan anda suruh keluargamu Makai bahan bakar yg anda bicarakan,0,2025-11-16 03:59:33+00:00,pk bahan bakar yg di bicarakan anda suruh keluargamu makai bahan bakar yg anda bicarakan,pk bahan bakar yang di bicarakan anda suruh keluargamu makai bahan bakar yang anda bicarakan,,0.7793556451797485,0
1309,Bahlil dongo,0,2025-11-08 14:21:45+00:00,bahlil dongo,bahlil dongo,1.0,0.9318563342094421,1
1311,coba BP minum ehtanol kalo bagus,0,2025-11-07 10:38:00+00:00,coba bp minum ehtanol kalo bagus,coba bp minum ehtanol kalau bagus,1.0,0.9865981340408325,1
1312,ayo bikin demo kaya kemarin buat lengserkan bahlil,0,2025-11-07 08:50:20+00:00,ayo bikin demo kaya kemarin buat lengserkan bahlil,ayo bikin demo kaya kemarin buat lengserkan bahlil,0.0,0.8850838541984558,0
1313,otak bahlul=apa aja asal dipake di luar negeri itu bagus.,0,2025-11-02 09:56:13+00:00,otak bahlul apa aja asal dipake di luar negeri itu bagus.,otak bahlul apa aja asal dipake di luar negeri itu bagus.,0.0,0.9958951473236084,0
1314,coba sekalian campur air kencingmu sekalian,0,2025-11-07 01:36:29+00:00,coba sekalian campur air kencingmu sekalian,coba sekalian campur air kencingmu sekalian,,0.9024607539176941,0
1315,bct,0,2025-11-02 03:29:39+00:00,bct,bct,1.0,0.9869269728660583,1
1316,tolong pak persiden pecat bahlil ini tidak ada guna nya,0,2025-11-06 22:14:05+00:00,tolong pak persiden pecat bahlil ini tidak ada guna nya,tolong pak persiden pecat bahlil ini tidak ada guna nya,0.0,0.9946081638336182,0
1317,"mata mu cuk
mobil q mogok cuk",0,2025-11-04 16:20:29+00:00,"mata mu cuk
mobil q mogok cuk",mata mu cuk mobil q mogok cuk,0.0,0.9980890154838562,0
1319,"lebih dari 10 thn saya pakai bensin impor, sekarang ngk bisa karena pada kosong🤬",0,2025-10-30 11:34:59+00:00,lebih dari 10 thn saya pakai bensin impor  sekarang ngk bisa karena pada kosong,lebih dari 10 thn saya pakai bensin impor sekarang ngk bisa karena pada kosong,0.0,0.9368452429771423,0
1320,motor gw ngadat nyeeettttt,0,2025-10-30 08:07:02+00:00,motor gw ngadat nyeett,motor saya ngadat nyeett,0.0,0.9904997944831848,0
1322,Dlogok njaran,1,2025-10-28 11:28:12+00:00,dlogok njaran,dlogok njaran,0.0,0.9986391663551331,0
1323,ngawurr ikuu,1,2025-10-28 10:08:24+00:00,ngawurr ikuu,ngawurr ikuu,1.0,0.9955507516860962,1
1324,Deket rumah gua udah banyak t 41 dirumah bahlul.,1,2025-10-28 08:45:01+00:00,deket rumah gua udah banyak t 41 dirumah bahlul.,deket rumah gua sudah banyak t 41 dirumah bahlul.,0.0,0.9278096556663513,0
1325,ndak ada yg ngluruk bahlil ni?,1,2025-10-28 08:37:45+00:00,ndak ada yg ngluruk bahlil ni?,ndak ada yang ngluruk bahlil ni?,0.0,0.9990053772926331,0
1326,Terus klau mtorku rusak dpt bantuan dana gtu ? 😭,1,2025-10-28 07:38:13+00:00,terus klau mtorku rusak dpt bantuan dana gtu ? 😭,terus klau mtorku rusak dpt bantuan dana gtu ? 😭,0.0,0.958276629447937,0
1328,mentri pekok,1,2025-10-28 07:35:18+00:00,mentri pekok,mentri pekok,0.0,0.9994507431983948,0
1329,ya allah pak... aq beli motor baru 2 bulan udah kuras tangki dan ganti busi😭😭please guys... kendaraan 2025 jangan pakai pertamina dulu... gak cocok blass. klo kendaraan lama masih aman. yuk pindah ke swasta aja dulu,1,2025-10-28 07:03:34+00:00,ya allah pak.. aq beli motor baru 2 bulan udah kuras tangki dan ganti busi😭😭please guys.. kendaraan 2025 jangan pakai pertamina dulu.. gak cocok blass. klo kendaraan lama masih aman. yuk pindah ke swasta aja dulu,ya allah pak.. aq beli motor baru 2 bulan sudah kuras tangki dan ganti busi😭😭please guys.. kendaraan 2025 jangan pakai pertamina dulu.. tidak cocok blass. kalau kendaraan lama masih aman. yuk pindah ke swasta aja dulu,0.0,0.9973533153533936,0
1330,ini omongan yg langsung BIKIN SAKIT HATI MASYARAKAT 😭,1,2025-10-28 06:52:35+00:00,ini omongan yg langsung bikin sakit hati masyarakat 😭,ini omongan yang langsung bikin sakit hati masyarakat 😭,0.0,0.999177873134613,0
1331,ancene DANCOK,1,2025-10-28 06:37:40+00:00,ancene dancok,ancene dancok,,0.9667448997497559,0
1332,"kucirrrrrrrrr kuciiiiiiiir....
gini amat idup di negara penuh org pinter...",1,2025-10-28 04:09:06+00:00,"kucirr kuciir..
gini amat idup di negara penuh org pinter..",kucirr kuciir.. gini amat idup di negara penuh org pinter..,0.0,0.8335143327713013,0
1333,"gra""bahlul motor yg isi pertalite mogok semuanya",1,2025-10-28 03:21:45+00:00,gra bahlul motor yg isi pertalite mogok semuanya,gra bahlul motor yang isi pertalite mogok semuanya,0.0,0.997795820236206,0
1334,BahliL Ooonnnn,1,2025-10-28 02:24:06+00:00,bahlil oonn,bahlil oonn,,0.7735181450843811,0
1335,suruh swasta yg impor pemerintah gak perlu kerja tinggal terima sogokan aja,1,2025-10-28 01:50:13+00:00,suruh swasta yg impor pemerintah gak perlu kerja tinggal terima sogokan aja,suruh swasta yang impor pemerintah tidak perlu kerja tinggal terima sogokan aja,0.0,0.9986028075218201,0
1336,pantes aja pertamax rasa pertalit. jangan2 ikut tersangka kejar terus pak prabowo.,1,2025-10-28 01:37:26+00:00,pantes aja pertamax rasa pertalit. jangan2 ikut tersangka kejar terus pak prabowo.,pantes aja pertamax rasa pertalit. jangan2 ikut tersangka kejar terus pak prabowo.,0.0,0.9988411068916321,0
1337,"beginilah jika pendidikan tidak sesuai pekerjaannya ..
sarjana pertanian diberi jabatan perminyakan...",1,2025-10-28 00:54:14+00:00,"beginilah jika pendidikan tidak sesuai pekerjaannya ..
sarjana pertanian diberi jabatan perminyakan..",beginilah jika pendidikan tidak sesuai pekerjaannya .. sarjana pertanian diberi jabatan perminyakan..,0.0,0.9971627593040466,0
1338,demoooooo,1,2025-10-28 00:38:37+00:00,demoo,demoo,1.0,0.9878743290901184,1
1339,Nepal kan,1,2025-10-28 00:33:06+00:00,nepal kan,nepal kan,0.0,0.9971697926521301,0
1340,@kanam @CB TEYENG @A @Zky @rukmahatir💐 @🏴‍☠️ @Ikball✌️ nyekarati tenann,1,2025-10-27 22:53:22+00:00,kanam  cb teyeng  a  zky  rukmahatir    ‍ ️  ikball ️ nyekarati tenann,kanam cb teyeng a zky rukmahatir ‍ ️ ikball ️ nyekarati tenann,,0.9778939485549927,0
1341,GANTI BAHLIL,1,2025-10-27 21:40:45+00:00,ganti bahlil,ganti bahlil,,0.9841485619544983,0
1342,"masak sebagai masyarakat gak ada niat mogok pajak, ... ayo kita balas yuk🤣🤣",1,2025-10-27 17:39:33+00:00,masak sebagai masyarakat gak ada niat mogok pajak  .. ayo kita balas yuk🤣🤣,masak sebagai masyarakat tidak ada niat mogok pajak .. ayo kita balas yuk🤣🤣,,0.6601336002349854,0
1343,Bahlil hamA,1,2025-10-27 15:12:04+00:00,bahlil hama,bahlil hama,0.0,0.9210519790649414,0
1345,mampir vt ku orng baik,1,2025-10-27 13:21:01+00:00,mampir vt ku orng baik,mampir vt ku orng baik,1.0,0.9619007110595703,1
1346,demo en omae ayo,1,2025-10-27 11:38:27+00:00,demo en omae ayo,demo en omae ayo,,0.6894257068634033,0
1347,coba ombeen sek lil Bahlil piye reaksi ne,1,2025-10-27 04:32:41+00:00,coba ombeen sek lil bahlil piye reaksi ne,coba ombeen sek lil bahlil piye reaksi ne,,0.9963117241859436,0
1348,kami masyarakat indonesia sangat mendukung kebijakan bapak bahlil🥰🥰🥰,1,2025-10-12 10:06:27+00:00,kami masyarakat indonesia sangat mendukung kebijakan bapak bahlil🥰🥰,kami masyarakat indonesia sangat mendukung kebijakan bapak bahlil🥰🥰,1.0,0.9956373572349548,1
1349,kalau mau campur etanol tolong bayarkan servis mesin kami,0,2025-10-30 16:05:08+00:00,kalau mau campur etanol tolong bayarkan servis mesin kami,kalau mau campur etanol tolong bayarkan servis mesin kami,,0.9981458187103271,0
1350,kata elu bagus,0,2025-11-03 06:50:09+00:00,kata elu bagus,kata elu bagus,1.0,0.9950503706932068,1
1351,"coba di cek di lapangan pak ..sepeda jadi brebet
jangan ngomong doang",0,2025-10-31 04:01:14+00:00,"coba di cek di lapangan pak ..sepeda jadi brebet
jangan ngomong doang",coba di cek di lapangan pak ..sepeda jadi brebet jangan ngomong doang,0.0,0.9965774416923523,0
1352,setelah swasta gagal order gegara ethanol kok pertamina jadi berisik mau nambah kandungan ethanol sih.,2,2025-10-10 15:28:59+00:00,setelah swasta gagal order gegara ethanol kok pertamina jadi berisik mau nambah kandungan ethanol sih.,setelah swasta gagal order gegara ethanol kok pertamina jadi berisik mau nambah kandungan ethanol sih.,0.0,0.9980779886245728,0
1353,"klo beneran bagus knpa bbm swasta semuanya di larang impor lgi malahan stock nya abis, rakyat skrng udh cerdas😂",2,2025-10-10 11:11:45+00:00,klo beneran bagus knpa bbm swasta semuanya di larang impor lgi malahan stock nya abis  rakyat skrng udh cerdas😂,kalau beneran bagus knpa bbm swasta semuanya di larang impor lagi malahan stock nya abis rakyat skrng sudah cerdas😂,0.0,0.9280729293823242,0
1354,emang TDK bagus kok cari google bapak bahlil bagus kgk etanol buat bbm,1,2025-10-17 12:44:29+00:00,emang tdk bagus kok cari google bapak bahlil bagus kgk etanol buat bbm,emang tidak bagus kok cari google bapak bahlil bagus kgk etanol buat bbm,0.0,0.9961981177330017,0
1355,mulut mu,1,2025-10-17 12:10:22+00:00,mulut mu,mulut mu,1.0,0.9480593204498291,1
1356,suaranya mirip Lord rangga Sunda empire,1,2025-10-17 11:54:01+00:00,suaranya mirip lord rangga sunda empire,suaranya mirip lord rangga sunda empire,,0.6707300543785095,0
1357,tombol ganti menteri ESDM →,1,2025-10-17 11:49:36+00:00,tombol ganti menteri esdm,tombol ganti menteri esdm,,0.9989940524101257,0
1358,gw lagi bahagia setelah liat muka Bahlil lansung ilang semua kebahagiaan ku,1,2025-10-17 11:34:17+00:00,gw lagi bahagia setelah liat muka bahlil lansung ilang semua kebahagiaan ku,saya lagi bahagia setelah liat muka bahlil lansung ilang semua kebahagiaan ku,1.0,0.9730402231216431,1
1359,pak Bahlil sesekali baca lah komen masyarakat tentangnmu... biar pikiranmu tercerahkan sedikit... 🤔🤔,1,2025-10-17 11:26:39+00:00,pak bahlil sesekali baca lah komen masyarakat tentangnmu.. biar pikiranmu tercerahkan sedikit..,pak bahlil sesekali baca lah komen masyarakat tentangnmu.. biar pikiranmu tercerahkan sedikit..,,0.8270682692527771,0
1360,"setiap Bahlil ngomong, kiamat maju satu jam",1,2025-10-17 11:17:42+00:00,setiap bahlil ngomong  kiamat maju satu jam,setiap bahlil ngomong kiamat maju satu jam,,0.9364150166511536,0
1361,"kodok , luar negri beberapa tahun gnti kendaraan , beda dgn konoha , msih mobil tua ttep bersyukur , jgn membebani rakyat , org ujung"" nya rakyat kok yg byar anda , kenapa anda tidak bisa meng iya kan rakyat tanpa oplosan 😏",1,2025-10-17 11:17:30+00:00,kodok   luar negri beberapa tahun gnti kendaraan   beda dgn konoha   msih mobil tua ttep bersyukur   jgn membebani rakyat   org ujung  nya rakyat kok yg byar anda   kenapa anda tidak bisa meng iya kan rakyat tanpa oplosan 😏,kodok luar negri beberapa tahun gnti kendaraan beda dengan konoha msih mobil tua ttep bersyukur jangan membebani rakyat org ujung nya rakyat kok yang byar anda kenapa anda tidak bisa meng ya kan rakyat tanpa oplosan 😏,0.0,0.9937670230865479,0
1363,bahlil kakehan omong,1,2025-10-17 11:06:04+00:00,bahlil kakehan omong,bahlil kakehan omong,0.0,0.9969969987869263,0
1364,"referensi dari
🗣️: Allinol aman !!!",1,2025-10-17 10:57:18+00:00,"referensi dari
 ️  allinol aman !!",referensi dari ️ allinol aman !!,1.0,0.9966173768043518,1
1365,cok gerang guoblokk,1,2025-10-17 10:54:46+00:00,cok gerang guoblokk,cok gerang guoblokk,0.0,0.9990092515945435,0
1366,GK sekolah 🥰,1,2025-10-17 10:35:46+00:00,gk sekolah 🥰,tidak sekolah 🥰,0.0,0.9983023405075073,0
1367,kuat mental Mentri kita satu ini ngga stres karna hinaan netizen bagus di contoh mental nya👍,1,2025-10-17 10:30:02+00:00,kuat mental mentri kita satu ini ngga stres karna hinaan netizen bagus di contoh mental nya👍,kuat mental mentri kita satu ini ngga stres karna hinaan netizen bagus di contoh mental nya👍,1.0,0.9957982897758484,1
1368,Lu minum coba buat testimoni bahlil🗿,1,2025-10-17 10:27:54+00:00,lu minum coba buat testimoni bahlil🗿,kamu minum coba buat testimoni bahlil🗿,,0.99045729637146,0
1369,PAK RAKYAT GA BISA DI BEGO BEGOIN PAK. INFO RUMAH BAHLI,1,2025-10-17 10:21:20+00:00,pak rakyat ga bisa di bego begoin pak. info rumah bahli,pak rakyat tidak bisa di bego begoin pak. info rumah bahli,0.0,0.9905292391777039,0
1370,ompong mesin gua bahlil🗿👍,1,2025-10-17 10:21:51+00:00,ompong mesin gua bahlil🗿👍,ompong mesin gua bahlil🗿👍,0.0,0.7317391633987427,0
1371,info sniper 🙏🏻,1,2025-10-17 10:04:42+00:00,info sniper 🙏,info sniper 🙏,1.0,0.8371986150741577,1
1372,lil bahlil nek motor 2tak nganggo etanol yo ngejim,1,2025-10-17 10:01:13+00:00,lil bahlil nek motor 2tak nganggo etanol yo ngejim,lil bahlil nek motor 2tak nganggo etanol yo ngejim,,0.9944061040878296,0
1373,apa resiko punya bahlil🗿,1,2025-10-17 09:18:03+00:00,apa resiko punya bahlil🗿,apa resiko punya bahlil🗿,,0.8155987858772278,0
1374,motor di negera lain itu beda mereka udh dirancang untuk etanol,1,2025-10-17 09:01:15+00:00,motor di negera lain itu beda mereka udh dirancang untuk etanol,motor di negera lain itu beda mereka sudah dirancang untuk etanol,,0.9438742399215698,0
1375,Bahlil=bahlul,1,2025-10-17 08:14:03+00:00,bahlil bahlul,bahlil bahlul,0.0,0.9772870540618896,0
1376,kok gak sekalian di campur muani🗿,1,2025-10-17 08:10:20+00:00,kok gak sekalian di campur muani🗿,kok tidak sekalian di campur muani🗿,0.0,0.9151508808135986,0
1378,Bahlil B nya apa?,1,2025-10-17 07:40:30+00:00,bahlil b nya apa?,bahlil b nya apa?,0.0,0.9922879934310913,0
1379,liat saja mesin kita Sampek kenapa Napa😠,1,2025-10-17 07:18:39+00:00,liat saja mesin kita sampek kenapa napa,liat saja mesin kita sampek kenapa napa,0.0,0.9993202686309814,0
1381,Biasa Negara Konoha🤣🤣,1,2025-10-26 16:32:18+00:00,biasa negara konoha🤣🤣,biasa negara konoha🤣🤣,1.0,0.9448227882385254,1
1382,bahenol = bahlul etanol,1,2025-10-26 04:36:05+00:00,bahenol   bahlul etanol,bahenol bahlul etanol,0.0,0.9462868571281433,0
1383,bahlul..bahlul..😏,1,2025-10-26 01:22:34+00:00,bahlul..bahlul..😏,bahlul..bahlul..😏,0.0,0.9970133304595947,0
1384,bahlol,1,2025-10-26 01:21:26+00:00,bahlol,bahlol,0.0,0.9971297383308411,0
1385,RX king 5 juta nego,1,2025-10-25 12:05:04+00:00,rx king 5 juta nego,rx king 5 juta nego,,0.9817333221435547,0
1386,"meskipun loe campur campur itu bahan bakar, pertamina selalu merasa RUGI terus...",1,2025-10-25 11:12:01+00:00,meskipun loe campur campur itu bahan bakar  pertamina selalu merasa rugi terus..,meskipun loe campur campur itu bahan bakar pertamina selalu merasa rugi terus..,0.0,0.9933458566665649,0
1388,harusnya tinggal takap saja itu bahlil,1,2025-10-25 08:54:37+00:00,harusnya tinggal takap saja itu bahlil,harusnya tinggal takap saja itu bahlil,1.0,0.798724889755249,1
1389,yanggg mlarat rakyat yang kaya pejabat,1,2025-10-25 03:44:34+00:00,yangg mlarat rakyat yang kaya pejabat,yangg mlarat rakyat yang kaya pejabat,0.0,0.9992413520812988,0
1390,biar RAMAH LINGKUNGAN😹,1,2025-10-24 13:09:47+00:00,biar ramah lingkungan😹,biar ramah lingkungan😹,1.0,0.9953871369361877,1
1391,Bahlil pikiranya kemna ya,1,2025-10-24 10:00:15+00:00,bahlil pikiranya kemna ya,bahlil pikiranya kemna ya,0.0,0.9951254725456238,0
1392,MATANE SAMA ETANOL,1,2025-10-24 08:39:01+00:00,matane sama etanol,matane sama etanol,1.0,0.8704997897148132,1
1393,gua curiga dlu pas sklh kerjaannya bolos mulu keknya😂🤣,1,2025-10-24 03:27:36+00:00,gua curiga dlu pas sklh kerjaannya bolos mulu keknya😂🤣,gua curiga dlu pas sklh kerjaannya bolos mulu keknya😂🤣,0.0,0.9992902278900146,0
1394,begitu terang teranganya menyampaikan tapi masih bebas 😂🙏,1,2025-10-24 02:32:16+00:00,begitu terang teranganya menyampaikan tapi masih bebas 😂🙏,begitu terang teranganya menyampaikan tapi masih bebas 😂🙏,0.0,0.8179000020027161,0
1396,wong koplo,1,2025-10-28 14:56:57+00:00,wong koplo,wong koplo,,0.993378221988678,0
1397,p,0,2025-10-31 11:38:20+00:00,p,p,1.0,0.8300017714500427,1
1398,brevet,0,2025-11-05 06:44:55+00:00,brevet,brevet,1.0,0.9983522891998291,1
1399,"bagus asal pengolahan nya baik,pertanyaan nya apakah ethanol negara ini selevel dgn ethanol luar negeri ?",0,2025-10-30 20:40:06+00:00,bagus asal pengolahan nya baik pertanyaan nya apakah ethanol negara ini selevel dgn ethanol luar negeri ?,bagus asal pengolahan nya baik pertanyaan nya apakah ethanol negara ini selevel dengan ethanol luar negeri ?,1.0,0.8306306600570679,1
1400,lanjut 👍👍👍,0,2025-11-10 03:26:50+00:00,lanjut 👍👍,lanjut 👍👍,1.0,0.9990187883377075,1
1401,lanjut pak..hebat,0,2025-11-10 03:26:25+00:00,lanjut pak..hebat,lanjut pak..hebat,1.0,0.9963487386703491,1
1402,emg impor gak boleh?,0,2025-10-31 05:14:26+00:00,emg impor gak boleh?,emg impor tidak boleh?,0.0,0.9987486600875854,0
1403,buktekno tel,0,2025-10-31 10:55:00+00:00,buktekno tel,buktekno tel,,0.9478857517242432,0
1404,bahlil pea,0,2025-10-31 01:13:21+00:00,bahlil pea,bahlil pea,,0.7677600979804993,0
1405,mam brapa,0,2025-10-30 13:03:00+00:00,mam brapa,mam brapa,1.0,0.8768611550331116,1
1406,Bahlil pikiran nya kurang jaoh,1,2025-10-17 06:39:20+00:00,bahlil pikiran nya kurang jaoh,bahlil pikiran nya kurang jaoh,0.0,0.9991432428359985,0
1407,"Menurut laporan media, kediaman dinas Bahlil Lahadalia berada di Jalan Denpasar Raya Blok C No. 6, Kuningan, Jakarta Selatan.
Namun, untuk kediaman pribadinya, pernah disebutkan alamat di Jalan Duren Tiga Barat No. 10, Pancoran, Jakarta Selatan.",1,2025-10-17 06:05:11+00:00,"menurut laporan media  kediaman dinas bahlil lahadalia berada di jalan denpasar raya blok c no. 6  kuningan  jakarta selatan.
namun  untuk kediaman pribadinya  pernah disebutkan alamat di jalan duren tiga barat no. 10  pancoran  jakarta selatan.",menurut laporan media kediaman dinas bahlil lahadalia berada di jalan denpasar raya blok c no. 6 kuningan jakarta selatan. namun untuk kediaman pribadinya pernah disebutkan alamat di jalan duren tiga barat no. 10 pancoran jakarta selatan.,,0.9830112457275391,0
1408,"ehh jangan sama kan negara kita dengan negara lain, gak mikir dampak etanol ke mesin",1,2025-10-17 05:53:31+00:00,ehh jangan sama kan negara kita dengan negara lain  gak mikir dampak etanol ke mesin,ehh jangan sama kan negara kita dengan negara lain tidak mikir dampak etanol ke mesin,0.0,0.9986428618431091,0
1409,gandeng maneh asa an hla etanol na tah ku maneh pake motor tong mobil kehed,1,2025-10-17 05:28:22+00:00,gandeng maneh asa an hla etanol na tah ku maneh pake motor tong mobil kehed,gandeng maneh asa an hla etanol na tah ku maneh pake motor tong mobil kehed,0.0,0.9977701902389526,0
1410,mukanya aja ga meyakinkan jd mentri 😭🙏,1,2025-10-17 04:49:08+00:00,mukanya aja ga meyakinkan jd mentri 😭🙏,mukanya aja tidak meyakinkan jd mentri 😭🙏,0.0,0.9989282488822937,0
1411,gk bagus bahlil buat motor 2 tak,1,2025-10-17 04:10:55+00:00,gk bagus bahlil buat motor 2 tak,tidak bagus bahlil buat motor 2 tak,0.0,0.9988414645195007,0
1412,"etaonol❎
otak nol✅",1,2025-10-17 03:28:34+00:00,"etaonol❎
otak nol✅",etaonol❎ otak nol✅,0.0,0.9953625202178955,0
1413,ndasmu lil bahlil,1,2025-10-17 03:22:23+00:00,ndasmu lil bahlil,ndasmu lil bahlil,,0.9835034608840942,0
1414,ketika bahlil jadi bahlol,1,2025-10-17 01:55:39+00:00,ketika bahlil jadi bahlol,ketika bahlil jadi bahlol,0.0,0.9950764775276184,0
1416,gua klo liat Bahlil ni mau BAB mulu🤣🤣,1,2025-10-17 00:08:13+00:00,gua klo liat bahlil ni mau bab mulu🤣🤣,gua kalau liat bahlil ni mau bab mulu🤣🤣,0.0,0.9960916638374329,0
1418,"etanol hanya untuk mobil balap
kalok motor seperti ninja, cbr, zx
aman gakk?",1,2025-10-16 23:03:15+00:00,"etanol hanya untuk mobil balap
kalok motor seperti ninja  cbr  zx
aman gakk?",etanol hanya untuk mobil balap kalok motor seperti ninja cbr zx aman gakk?,0.0,0.9298323392868042,0
1419,"ustad, bagaimana jika tidak air—kemudian wudhu menggunakan ethanol? terimakasih",1,2025-10-16 14:50:35+00:00,ustad  bagaimana jika tidak air kemudian wudhu menggunakan ethanol? terimakasih,ustad bagaimana jika tidak air kemudian wudhu menggunakan ethanol? terimakasih,0.0,0.9380300045013428,0
1420,nyocot anj,1,2025-10-16 14:18:04+00:00,nyocot anj,nyocot anjing,0.0,0.9985489249229431,0
1421,sebagus apapun etanol itu...gak akan membuat laporan Pertamina untung,1,2025-10-16 14:00:58+00:00,sebagus apapun etanol itu..gak akan membuat laporan pertamina untung,sebagus apapun etanol itu..gak akan membuat laporan pertamina untung,0.0,0.9664672613143921,0
1422,bahlil,1,2025-10-16 12:22:12+00:00,bahlil,bahlil,1.0,0.895987331867218,1
1423,seharusnya orang kyak gini di pecat saja.,1,2025-10-16 12:14:06+00:00,seharusnya orang kyak gini di pecat saja.,seharusnya orang kyak gini di pecat saja.,0.0,0.9991950392723083,0
1424,"biar apa lu ngikut²negara lain?
emang bakal maju kedepannya?",1,2025-10-16 12:12:07+00:00,"biar apa lu ngikut negara lain?
emang bakal maju kedepannya?",biar apa kamu ngikut negara lain? emang bakal maju kedepannya?,0.0,0.9014989137649536,0
1425,apakah mesin kendaraan kita sama dengan negara lain😂😂😂,1,2025-10-16 12:10:14+00:00,apakah mesin kendaraan kita sama dengan negara lain😂😂,apakah mesin kendaraan kita sama dengan negara lain😂😂,0.0,0.9989542961120605,0
1426,nimbang tak pateni rausah kok campur etanol kang 🤣🤣🤣🤣,1,2025-10-16 12:07:57+00:00,nimbang tak pateni rausah kok campur etanol kang 🤣🤣,nimbang tak pateni rausah kok campur etanol kang 🤣🤣,1.0,0.9921889305114746,1
1427,pecat wae mentri ora pengalaman,1,2025-10-16 11:49:56+00:00,pecat wae mentri ora pengalaman,pecat wae mentri ora pengalaman,,0.9470192193984985,0
1428,si bahlul,1,2025-10-16 11:31:47+00:00,si bahlul,si bahlul,0.0,0.9948189854621887,0
1429,kebanyakan main ke luar negeri jdi gk tau kondisi negara sendiri,1,2025-10-16 10:37:35+00:00,kebanyakan main ke luar negeri jdi gk tau kondisi negara sendiri,kebanyakan main ke luar negeri jdi tidak tau kondisi negara sendiri,0.0,0.9956780076026917,0
1430,komen ke akun Gerindra suruh Prabowo pecat Bahlil!!!,1,2025-10-16 10:20:48+00:00,komen ke akun gerindra suruh prabowo pecat bahlil!!,komen ke akun gerindra suruh prabowo pecat bahlil!!,,0.9973950386047363,0
1432,jelek banget anj,1,2025-10-16 09:32:22+00:00,jelek banget anj,jelek banget anjing,0.0,0.998981773853302,0
1433,wong kurang pendidikan kok dadi menteri yo ngene,1,2025-10-16 09:24:56+00:00,wong kurang pendidikan kok dadi menteri yo ngene,wong kurang pendidikan kok dadi menteri yo ngene,0.0,0.9875198602676392,0
1435,tujuannya untungin loo,1,2025-10-22 13:38:21+00:00,tujuannya untungin loo,tujuannya untungin loo,1.0,0.9873183369636536,1
1438,@Sekretariat Kabinet RI @Gibran Rakabuming,1,2025-10-22 01:00:41+00:00,sekretariat kabinet ri  gibran rakabuming,sekretariat kabinet ri gibran rakabuming,,0.9988137483596802,0
1439,emg bahlull,1,2025-10-22 00:25:11+00:00,emg bahlull,emg bahlull,0.0,0.9986011385917664,0
1440,bahlil bahlil aya2 wae🤣🤭,1,2025-10-21 12:54:55+00:00,bahlil bahlil aya2 wae🤣🤭,bahlil bahlil aya2 wae🤣🤭,1.0,0.8253763914108276,1
1441,mentri Indonesia emas.,1,2025-10-21 12:36:17+00:00,mentri indonesia emas.,mentri indonesia emas.,,0.9978036284446716,0
1442,mentrinya lucu2 cuk 😂😂😂,1,2025-10-21 10:12:25+00:00,mentrinya lucu2 cuk 😂😂,mentrinya lucu2 cuk 😂😂,1.0,0.9924260377883911,1
1443,udah dicampur harganya ga turun lil bahlil😀,1,2025-10-20 11:59:06+00:00,udah dicampur harganya ga turun lil bahlil,sudah dicampur harganya tidak turun lil bahlil,0.0,0.9537549614906311,0
1444,"apa lagi yg d olah Wak"" belum puas juga korup, proyek"" apa lagi ini",1,2025-10-20 09:42:32+00:00,apa lagi yg d olah wak  belum puas juga korup  proyek  apa lagi ini,apa lagi yang d olah wak belum puas juga korup proyek apa lagi ini,0.0,0.9990590214729309,0
1445,"BAHLIL ❎
BAHLUL✅",1,2025-10-19 15:59:14+00:00,"bahlil ❎
bahlul✅",bahlil ❎ bahlul✅,,0.9308399558067322,0
1446,knp orang ky Bahlil di pake pak prabowo,1,2025-10-19 04:44:19+00:00,knp orang ky bahlil di pake pak prabowo,kenapa orang ky bahlil di pake pak prabowo,0.0,0.841513991355896,0
1447,GANTI BAHLIL PAK PRABOWO,1,2025-10-18 16:12:00+00:00,ganti bahlil pak prabowo,ganti bahlil pak prabowo,,0.9967297315597534,0
1448,"Mau tanya , Sebenernya itu mentri apa ???",1,2025-10-18 13:53:02+00:00,mau tanya   sebenernya itu mentri apa ??,mau tanya sebenernya itu mentri apa ??,0.0,0.9918341636657715,0
1449,uang negara kemana sampai sampai bensin dicampur etanol 🤣,1,2025-10-18 09:09:01+00:00,uang negara kemana sampai sampai bensin dicampur etanol 🤣,uang negara kemana sampai sampai bensin dicampur etanol 🤣,0.0,0.9991282820701599,0
1451,kelasss,1,2025-10-18 03:14:37+00:00,kelass,kelass,1.0,0.991385817527771,1
1452,ini anaknya pasti isi bensin sama ganti oli pake kuah seblak,1,2025-10-18 03:08:40+00:00,ini anaknya pasti isi bensin sama ganti oli pake kuah seblak,ini anaknya pasti isi bensin sama ganti oli pake kuah seblak,,0.9791445136070251,0
1453,siapa sih yg pilih dia,1,2025-10-18 02:28:12+00:00,siapa sih yg pilih dia,siapa ya yang pilih dia,0.0,0.9963699579238892,0
1454,mantapp🔥,1,2025-10-18 01:40:03+00:00,mantapp🔥,mantapp🔥,1.0,0.9707608819007874,1
1455,baru juga mau beli RX king udah ada aja tuyul lepas dari botol kek gamau liat rakyat nya bahagia aja😏,1,2025-10-18 01:03:17+00:00,baru juga mau beli rx king udah ada aja tuyul lepas dari botol kek gamau liat rakyat nya bahagia aja😏,baru juga mau beli rx king sudah ada aja tuyul lepas dari botol kek gamau liat rakyat nya bahagia aja😏,0.0,0.9955488443374634,0
1456,btul bang.making lama making bodoh aja pikiran nya buntu,1,2025-10-17 15:34:56+00:00,btul bang.making lama making bodoh aja pikiran nya buntu,btul bang.making lama making bodoh aja pikiran nya buntu,0.0,0.9993333220481873,0
1457,"Harga sama, barangnya beda",1,2025-10-17 15:17:28+00:00,harga sama  barangnya beda,harga sama barangnya beda,0.0,0.9763310551643372,0
1458,@𝐏𝐀𝐈𝐙 @addinugroho @ANNAS,1,2025-10-17 14:18:04+00:00,𝐏𝐀𝐈𝐙  addinugroho  annas,𝐏𝐀𝐈𝐙 addinugroho annas,1.0,0.9937824606895447,1
1460,"etanol bikin karatan tengki motor,bikin rusak motooooooooor jir🙄",1,2025-10-17 11:45:52+00:00,etanol bikin karatan tengki motor bikin rusak motoor jir,etanol bikin karatan tengki motor bikin rusak motoor jir,,0.9836304187774658,0
1461,"bahlil❌
bahlul✅️😂",1,2025-10-17 08:18:37+00:00,"bahlil❌
bahlul✅️😂",bahlil❌ bahlul✅️😂,1.0,0.9604451656341553,1
1462,bahlil waktu di lahirkan dan bencana nya,1,2025-10-17 07:44:47+00:00,bahlil waktu di lahirkan dan bencana nya,bahlil waktu di lahirkan dan bencana nya,,0.9545013904571533,0
1463,setujuuuuuuu bangggggg,1,2025-10-17 07:34:37+00:00,setujuu bangg,setujuu bangg,1.0,0.9887633323669434,1
1464,bacot bhlul,1,2025-10-26 06:24:57+00:00,bacot bhlul,bacot bhlul,0.0,0.999071478843689,0
1466,Bahlil B nya apa,0,2025-10-11 01:22:26+00:00,bahlil b nya apa,bahlil b nya apa,,0.844081461429596,0
1467,"Coba Liat, dia mau nggak pake bbm yg dicampur ethanol 10% itu.",1,2025-10-09 02:56:32+00:00,coba liat  dia mau nggak pake bbm yg dicampur ethanol 10  itu.,coba liat dia mau tidak pake bbm yang dicampur ethanol 10 itu.,0.0,0.9207592010498047,0
1468,apa Bahlil udah pikir ulang,0,2025-10-13 10:41:23+00:00,apa bahlil udah pikir ulang,apa bahlil sudah pikir ulang,0.0,0.9983041286468506,0
1469,"gila emg sih bahlil, lh mobil dia d emg gk di isi bensin apa",0,2025-10-12 14:17:40+00:00,gila emg sih bahlil  lh mobil dia d emg gk di isi bensin apa,gila emg ya bahlil lh mobil dia d emg tidak di isi bensin apa,0.0,0.9978081583976746,0
1470,"turunin aja nih orang, sepedaku brebet Mulu soalnya sampek sekarang",0,2025-11-06 11:26:54+00:00,turunin aja nih orang  sepedaku brebet mulu soalnya sampek sekarang,turunin aja nih orang sepedaku brebet mulu soalnya sampek sekarang,0.0,0.998772919178009,0
1471,bapak hebat,0,2025-11-10 03:27:08+00:00,bapak hebat,bapak hebat,1.0,0.9985032081604004,1
1472,Negara manah yg pakai🤣🤣🤣🤣🤣🤣,0,2025-10-31 00:54:22+00:00,negara manah yg pakai🤣🤣,negara manah yang pakai🤣🤣,0.0,0.8637996315956116,0
1474,Bahlil mana tau dia aja lulusan SMA kek nya 😂,1,2025-10-17 07:09:20+00:00,bahlil mana tau dia aja lulusan sma kek nya 😂,bahlil mana tau dia aja lulusan sma kek nya 😂,0.0,0.9953396320343018,0
1475,kaya gini kok jadi mentri 😂,1,2025-10-17 07:09:03+00:00,kaya gini kok jadi mentri 😂,kaya gini kok jadi mentri 😂,0.0,0.9930514097213745,0
1476,bos bikin rusak mesin bos,1,2025-10-17 06:52:06+00:00,bos bikin rusak mesin bos,bos bikin rusak mesin bos,0.0,0.9994035959243774,0
1477,Bahlil Jaliteng berulah,1,2025-10-17 06:18:56+00:00,bahlil jaliteng berulah,bahlil jaliteng berulah,0.0,0.9987034797668457,0
1478,Orang kek gitu kok awet bener umurnya anj😐,1,2025-10-17 04:12:02+00:00,orang kek gitu kok awet bener umurnya anj,orang kek gitu kok awet benar umurnya anjing,0.0,0.9721218943595886,0
1479,betul bang,1,2025-10-17 03:23:25+00:00,betul bang,betul bang,1.0,0.9989404082298279,1
1480,gass demo,1,2025-10-17 03:09:13+00:00,gass demo,gass demo,,0.9334275722503662,0
1481,orang² yang dengerin di sana apa gak ada yang ngerti mesin ya,1,2025-10-17 02:17:02+00:00,orang  yang dengerin di sana apa gak ada yang ngerti mesin ya,orang yang dengerin di sana apa tidak ada yang ngerti mesin ya,0.0,0.9926729798316956,0
1482,seleksi lagi lah pak Prabowo menteri2 anda.menteri2 pilihan anda kq GOBLOK2 gini c? apa lagi si Bahlil ini😮‍💨 TOLOLNYA KELEWATAN,1,2025-10-17 01:44:23+00:00,seleksi lagi lah pak prabowo menteri2 anda.menteri2 pilihan anda kq goblok2 gini c? apa lagi si bahlil ini ‍  tololnya kelewatan,seleksi lagi lah pak prabowo menteri2 anda.menteri2 pilihan anda kq goblok2 gini c? apa lagi si bahlil ini ‍ tololnya kelewatan,0.0,0.9994524121284485,0
1483,masih saja prabowo pertahankan bahlil.,1,2025-10-16 13:36:06+00:00,masih saja prabowo pertahankan bahlil.,masih saja prabowo pertahankan bahlil.,1.0,0.8515211343765259,1
1484,lier kumaha maneh bahlul ah,1,2025-10-16 12:51:38+00:00,lier kumaha maneh bahlul ah,lier kumaha maneh bahlul ah,0.0,0.9805580973625183,0
1485,sekalian aja campus sperma pak,1,2025-10-16 11:53:21+00:00,sekalian aja campus sperma pak,sekalian aja campus sperma pak,0.0,0.995500385761261,0
1486,"lebih baik bensin nya yg mahal dari pada kendaraan kita yg rusak, karena akan lebih banyak biaya.",1,2025-10-16 09:45:38+00:00,lebih baik bensin nya yg mahal dari pada kendaraan kita yg rusak  karena akan lebih banyak biaya.,lebih baik bensin nya yang mahal dari pada kendaraan kita yang rusak karena akan lebih banyak biaya.,0.0,0.9960318207740784,0
1487,"dasar bahlul, ini yng merusak bangsanya sendiri",1,2025-10-16 09:10:21+00:00,dasar bahlul  ini yng merusak bangsanya sendiri,dasar bahlul ini yng merusak bangsanya sendiri,0.0,0.9992140531539917,0
1488,ketika bahlul dibiarkan berfatwa... aura djjalnya kentel banget🤣🤣🤣,1,2025-10-16 08:51:51+00:00,ketika bahlul dibiarkan berfatwa.. aura djjalnya kentel banget🤣🤣,ketika bahlul dibiarkan berfatwa.. aura djjalnya kentel banget🤣🤣,0.0,0.9966848492622375,0
1490,gila bahlil😂,1,2025-10-16 08:40:34+00:00,gila bahlil😂,gila bahlil😂,1.0,0.9966363906860352,1
1491,alah negoro gendeng🤦,1,2025-10-16 08:19:28+00:00,alah negoro gendeng,alah negoro gendeng,,0.9766354560852051,0
1492,minyak yg bersih kepala bapak kau,1,2025-10-16 07:36:46+00:00,minyak yg bersih kepala bapak kau,minyak yang bersih kepala bapak kau,0.0,0.995110809803009,0
1493,tombol jitak pala bahlul-------‐------->,1,2025-10-16 07:31:10+00:00,tombol jitak pala bahlul,tombol jitak pala bahlul,0.0,0.9989401698112488,0
1494,Bahlil B nya apa??,1,2025-10-16 07:23:17+00:00,bahlil b nya apa??,bahlil b nya apa??,0.0,0.9976533055305481,0
1495,prabowo tololll😂,1,2025-10-16 06:52:38+00:00,prabowo tololl😂,prabowo tololl😂,0.0,0.9973394274711609,0
1496,shosottt e Bahlil jalok jejeli lombok🗿🗿,1,2025-10-16 06:33:04+00:00,shosott e bahlil jalok jejeli lombok🗿🗿,shosott e bahlil jalok jejeli lombok🗿🗿,,0.9634459018707275,0
1497,cobak mulut mu minum dulu etanol ya,0,2025-11-13 01:57:16+00:00,cobak mulut mu minum dulu etanol ya,cobak mulut mu minum dulu etanol ya,,0.9574335813522339,0
1498,koyo jarjit 🌑,0,2025-11-01 23:57:53+00:00,koyo jarjit,koyo jarjit,1.0,0.9941169023513794,1
1499,"😱😱😱😱😱
🤭🤭🤭🤭🤭",1,2025-10-10 14:44:15+00:00,🤭🤭,🤭🤭,1.0,0.9987754225730896,1
1500,@arya_arya642 @Mbet Sikaleng,0,2025-11-01 14:18:39+00:00,arya_arya642  mbet sikaleng,arya_arya642 mbet sikaleng,,0.9920467138290405,0
1501,"@prabowosubianto08 kasi pendapat pak
kami rakyat kecil merasa di rugikan, kami mohon di tindak lanjuti pak 🙏🥺 semoga di dengar pendapat rakyat kecil",0,2025-11-01 13:01:45+00:00,"prabowosubianto08 kasi pendapat pak
kami rakyat kecil merasa di rugikan  kami mohon di tindak lanjuti pak 🙏🥺 semoga di dengar pendapat rakyat kecil",prabowosubianto08 kasi pendapat pak kami rakyat kecil merasa di rugikan kami mohon di tindak lanjuti pak 🙏🥺 semoga di dengar pendapat rakyat kecil,,0.9509545564651489,0
1502,🤣🤣🤣🤣🤣🤣🤣🤣🤣🤣🤣🤣🤣🤣🤣🤣🤣🤣🤣🤣🤣🤣🤣🤣🤣🤣🤣🤣🤣🤣🤣🤣🤣🤣🤣🤣🤣🤣🤣🤣🤣🤣🤣🤣🤣🤣🤣🤣🤣🤣🤣🤣🤣🤣🤣🤣🤣🤣🤣🤣🤣🤣🤣🤣🤣🤣🤣🤣🤣🤣🤣🤣🤣🤣🤣🤣🤣🤣🤣🤣🤣🤣🤣🤣🤣🤣🤣🤣🤣🤣🤣🤣🤣🤣🤣🤣🤣🤣🤣🤣🤣🤣🤣🤣,0,2025-11-06 08:08:17+00:00,🤣🤣,🤣🤣,1.0,0.9977126121520996,1
1503,😂,0,2025-11-15 03:38:17+00:00,😂,😂,0.0,0.973884105682373,0
1504,🤣🤣,0,2025-11-13 02:01:51+00:00,🤣🤣,🤣🤣,1.0,0.9977126121520996,1
1505,🔥,0,2025-11-04 04:09:14+00:00,🔥,🔥,1.0,0.9975608587265015,1
1508,😭,0,2025-11-15 10:19:07+00:00,😭,😭,1.0,0.9985289573669434,1
1509,😂,0,2025-11-11 11:12:52+00:00,😂,😂,0.0,0.973884105682373,0
1510,motor ku mogok @gerindra,0,2025-11-03 08:56:29+00:00,motor ku mogok  gerindra,motor ku mogok gerindra,,0.9989863038063049,0
1511,@Bahlil Lahadalia @gerindra @DPR RI @GOLKAR INDONESIA,0,2025-11-03 08:55:32+00:00,bahlil lahadalia  gerindra  dpr ri  golkar indonesia,bahlil lahadalia gerindra dpr ri golkar indonesia,,0.998694121837616,0
1512,🙏🏻🙏🏻🙏🏻,0,2025-11-02 08:36:31+00:00,🙏 🙏 🙏,🙏 🙏 🙏,1.0,0.9986087679862976,1
1513,🥰,0,2025-11-15 06:00:58+00:00,🥰,🥰,1.0,0.9981710910797119,1
1515,mimang TK bagus,0,2025-11-04 11:58:31+00:00,mimang tk bagus,mimang tk bagus,1.0,0.9982374906539917,1
1516,bukti nya motor saya mbrebet😅😅,0,2025-11-04 11:32:22+00:00,bukti nya motor saya mbrebet😅😅,bukti nya motor saya mbrebet😅😅,,0.9332977533340454,0
1517,bahlil b nya apa,0,2025-11-04 11:17:56+00:00,bahlil b nya apa,bahlil b nya apa,,0.844081461429596,0
1518,JANGAN SALAHKAN RAKYAT JIKA TERJADI DEMO LAGI,0,2025-11-04 10:44:33+00:00,jangan salahkan rakyat jika terjadi demo lagi,jangan salahkan rakyat jika terjadi demo lagi,0.0,0.998583197593689,0
1519,TOLONG BANTU SAYA KATAIN DIA😏😏,0,2025-11-04 00:49:32+00:00,tolong bantu saya katain dia😏😏,tolong bantu saya katain dia😏😏,,0.968258261680603,0
1520,PECAAAT GAKKKK,0,2025-11-03 22:01:40+00:00,pecaat gakk,pecaat gakk,0.0,0.9989516735076904,0
1521,pecat Bahlil,0,2025-11-03 18:53:33+00:00,pecat bahlil,pecat bahlil,0.0,0.9985353946685791,0
1522,bukti di negara lain kok di buat bukti .😁😁,0,2025-11-03 16:37:44+00:00,bukti di negara lain kok di buat bukti .😁😁,bukti di negara lain kok di buat bukti .😁😁,0.0,0.9977297186851501,0
1523,mereknya beda pak,0,2025-11-03 08:57:59+00:00,mereknya beda pak,mereknya beda pak,0.0,0.9973106384277344,0
1525,loL,0,2025-11-03 07:35:32+00:00,lol,tertawa,1.0,0.9974028468132019,1
1526,Bahlil etanol,0,2025-11-04 22:45:00+00:00,bahlil etanol,bahlil etanol,,0.7862399816513062,0
1527,ko jdi mentri y...😂,0,2025-11-05 16:37:13+00:00,ko jdi mentri y..😂,ko jdi mentri y..😂,0.0,0.9968360662460327,0
1528,"ini yg bikin kebijakan 🤣 motor banyak rusak malah mintak ganti ke Pertamina 😆😆😆 kocak kocak
jngan buat kebijakan klau hanya mrugikan sesama",0,2025-11-04 05:46:05+00:00,"ini yg bikin kebijakan 🤣 motor banyak rusak malah mintak ganti ke pertamina 😆😆 kocak kocak
jngan buat kebijakan klau hanya mrugikan sesama",ini yang bikin kebijakan 🤣 motor banyak rusak malah mintak ganti ke pertamina 😆😆 kocak kocak jngan buat kebijakan klau hanya mrugikan sesama,0.0,0.9975069165229797,0
1529,pecat Mentri Bahlil pak presiden,0,2025-11-04 15:55:42+00:00,pecat mentri bahlil pak presiden,pecat mentri bahlil pak presiden,,0.8861013650894165,0
1530,motor marahi remuk,0,2025-11-04 09:13:44+00:00,motor marahi remuk,motor marahi remuk,0.0,0.9993743300437927,0
1532,oh yg gx bgus bkn etanol tpi kpemimpinan bpk mungkin yah 😂,0,2025-10-30 16:26:01+00:00,oh yg gx bgus bkn etanol tpi kpemimpinan bpk mungkin yah 😂,oh yang gx bagus bukan etanol tapi kpemimpinan bpk mungkin ya 😂,0.0,0.9921585321426392,0
1533,sudah Oplos kok masih aja Rugi,1,2025-10-16 05:23:08+00:00,sudah oplos kok masih aja rugi,sudah oplos kok masih aja rugi,0.0,0.9991236329078674,0
1535,bensin dicampur etanol tidak membuatmu miskin,1,2025-10-16 03:45:38+00:00,bensin dicampur etanol tidak membuatmu miskin,bensin dicampur etanol tidak membuatmu miskin,,0.8072882294654846,0
1536,"Sya setuju dengan keritikan abng, soalnya klo minyak pake campuran etanol apa kata dunia klo yg pake motor 2Tak termasuk sya yg pake motor 2Tak😢😭😭",1,2025-10-16 03:02:44+00:00,sya setuju dengan keritikan abng  soalnya klo minyak pake campuran etanol apa kata dunia klo yg pake motor 2tak termasuk sya yg pake motor 2tak 😭😭,sya setuju dengan keritikan abng soalnya kalau minyak pake campuran etanol apa kata dunia kalau yang pake motor 2tak termasuk sya yang pake motor 2tak 😭😭,0.0,0.9962479472160339,0
1537,kembaran ny,1,2025-10-16 02:05:01+00:00,kembaran ny,kembaran ny,,0.929029107093811,0
1538,bahlil b nya apa,1,2025-10-16 00:36:10+00:00,bahlil b nya apa,bahlil b nya apa,,0.844081461429596,0
1539,apakah Pertamax juga dicampur🤔?,1,2025-10-16 00:16:48+00:00,apakah pertamax juga dicampur ?,apakah pertamax juga dicampur ?,,0.7356849312782288,0
1540,bukan ga punya hati tpi ga punya otak,1,2025-10-16 00:15:29+00:00,bukan ga punya hati tpi ga punya otak,bukan tidak punya hati tapi tidak punya otak,0.0,0.9755182266235352,0
1541,terus gimana pak motor 2tak pake bensin campur etanol😂😂,1,2025-10-15 23:47:36+00:00,terus gimana pak motor 2tak pake bensin campur etanol😂😂,terus gimana pak motor 2tak pake bensin campur etanol😂😂,0.0,0.9818722605705261,0
1542,besok besok bayar nya 10%uang 90%nya daun jengkol,1,2025-10-15 22:27:04+00:00,besok besok bayar nya 10 uang 90 nya daun jengkol,besok besok bayar nya 10 uang 90 nya daun jengkol,,0.9814328551292419,0
1543,Muncul bukan mensejahterakan tapi memiskinkan rakyatnya,1,2025-10-15 21:01:53+00:00,muncul bukan mensejahterakan tapi memiskinkan rakyatnya,muncul bukan mensejahterakan tapi memiskinkan rakyatnya,0.0,0.9990399479866028,0
1544,kalau metanol?,1,2025-10-15 18:47:05+00:00,kalau metanol?,kalau metanol?,0.0,0.8557392954826355,0
1545,"Bayangin satu truck tanki bensin 18 ton,1.8 ton nya etanol anjayyyy😂",1,2025-10-15 16:29:10+00:00,bayangin satu truck tanki bensin 18 ton 1.8 ton nya etanol anjayy😂,bayangin satu truck tanki bensin 18 ton 1.8 ton nya etanol anjayy😂,,0.9004924893379211,0
1546,Gw bingung kenapa kok bs jd mentri kya gini???,1,2025-10-15 16:20:51+00:00,gw bingung kenapa kok bs jd mentri kya gini??,saya bingung kenapa kok bs jd mentri kya gini??,0.0,0.9714602828025818,0
1547,"Bahlil ❌
Bahlul ✅",1,2025-10-15 15:47:44+00:00,"bahlil ❌
bahlul ✅",bahlil ❌ bahlul ✅,,0.9457915425300598,0
1548,Bukan bahlil tapi bahlul 😬,1,2025-10-15 15:30:20+00:00,bukan bahlil tapi bahlul,bukan bahlil tapi bahlul,0.0,0.9918111562728882,0
1549,bahlolot,1,2025-10-15 14:57:38+00:00,bahlolot,bahlolot,0.0,0.99874347448349,0
1550,"terlalu pintar, parah nth lulusan dr mana",1,2025-10-15 14:32:04+00:00,terlalu pintar  parah nth lulusan dr mana,terlalu pintar parah nth lulusan dari mana,0.0,0.999483585357666,0
1551,gas demo turunkan bahlul🗿,1,2025-10-15 14:09:09+00:00,gas demo turunkan bahlul🗿,gas demo turunkan bahlul🗿,,0.7414150834083557,0
1552,"orang yang gk punya pengetahuan, jadi pejabat yah gini jadinya",1,2025-10-15 13:49:16+00:00,orang yang gk punya pengetahuan  jadi pejabat yah gini jadinya,orang yang tidak punya pengetahuan jadi pejabat ya gini jadinya,0.0,0.999301552772522,0
1553,make ni emang pemerintah 🗿,1,2025-10-15 13:45:03+00:00,make ni emang pemerintah 🗿,make ni emang pemerintah 🗿,0.0,0.944876492023468,0
1554,BAHLOL😹,1,2025-10-15 13:44:00+00:00,bahlol😹,bahlol😹,0.0,0.9983420372009277,0
1555,@bahlil.lahadalia kontaskol,1,2025-10-15 12:07:05+00:00,bahlil.lahadalia kontaskol,bahlil.lahadalia kontaskol,,0.9302391409873962,0
1556,Indonesia semakin mundur,1,2025-10-15 11:34:16+00:00,indonesia semakin mundur,indonesia semakin mundur,0.0,0.9987843632698059,0
1557,bener bang makin ngaco nengara udh g usah bayar pajak lah sekalian kompakin,1,2025-10-15 10:57:57+00:00,bener bang makin ngaco nengara udh g usah bayar pajak lah sekalian kompakin,benar bang makin ngaco nengara sudah g usah bayar pajak lah sekalian kompakin,0.0,0.9986553192138672,0
1558,demo demo,1,2025-10-15 10:56:27+00:00,demo demo,demo demo,0.0,0.9970362186431885,0
1560,hmm,1,2025-10-15 10:34:50+00:00,hmm,hmm,0.0,0.8738905191421509,0
1561,josss josss ommmm emang ga enek atiii🔥🔥🔥,1,2025-10-15 10:22:15+00:00,joss joss omm emang ga enek atii🔥🔥,joss joss omm emang tidak enek atii🔥🔥,1.0,0.9731813073158264,1
1562,buat bandul jangkar bagus ngga sih ini orang?😌,1,2025-10-16 08:47:15+00:00,buat bandul jangkar bagus ngga sih ini orang?😌,buat bandul jangkar bagus ngga ya ini orang?😌,0.0,0.9763264060020447,0
1563,untuk 2tak tidak aman etanol,1,2025-10-16 07:17:54+00:00,untuk 2tak tidak aman etanol,untuk 2tak tidak aman etanol,0.0,0.9949146509170532,0
1564,omonganmu lil bahlil...,1,2025-10-16 05:16:10+00:00,omonganmu lil bahlil..,omonganmu lil bahlil..,0.0,0.9954577684402466,0
1565,"negara lain negara maju pak. negara kita ni negara miris dengan korupsi jadi udh lah jangan ikut"" an sama negara luar sana",1,2025-10-16 02:30:46+00:00,negara lain negara maju pak. negara kita ni negara miris dengan korupsi jadi udh lah jangan ikut  an sama negara luar sana,negara lain negara maju pak. negara kita ni negara miris dengan korupsi jadi sudah lah jangan ikut an sama negara luar sana,0.0,0.999338686466217,0
1567,"pertanyaan nya bahlil, apakah mesin yg di indonesia sudah setara dengan mesin di negara lain?",1,2025-10-16 02:07:18+00:00,pertanyaan nya bahlil  apakah mesin yg di indonesia sudah setara dengan mesin di negara lain?,pertanyaan nya bahlil apakah mesin yang di indonesia sudah setara dengan mesin di negara lain?,0.0,0.9952186942100525,0
1568,bahlul bahlul mtr ku rusak ya pakai pertalite campur etanol😡,1,2025-10-15 23:22:30+00:00,bahlul bahlul mtr ku rusak ya pakai pertalite campur etanol😡,bahlul bahlul mtr ku rusak ya pakai pertalite campur etanol😡,0.0,0.9985502362251282,0
1569,buat tangki rusak aja nih orang 🗿🗿,1,2025-10-15 23:13:34+00:00,buat tangki rusak aja nih orang 🗿🗿,buat tangki rusak aja nih orang 🗿🗿,0.0,0.9991436004638672,0
1570,gimana nih userr 2 takk 🗿,1,2025-10-15 16:17:38+00:00,gimana nih userr 2 takk 🗿,gimana nih userr 2 takk 🗿,0.0,0.948029100894928,0
1571,ngerteninya uang bukan mesin,1,2025-10-15 16:01:35+00:00,ngerteninya uang bukan mesin,ngerteninya uang bukan mesin,,0.9756556153297424,0
1572,"meniru negara lain,, cukup ide ideal dari,, NKRI saja bung,, jangan meniru mereka
faham bung...",1,2025-10-15 15:52:44+00:00,"meniru negara lain   cukup ide ideal dari   nkri saja bung   jangan meniru mereka
faham bung..",meniru negara lain cukup ide ideal dari nkri saja bung jangan meniru mereka faham bung..,0.0,0.9958552718162537,0
1573,bahlul kemplud stresss🗿,1,2025-10-15 15:32:21+00:00,bahlul kemplud stress🗿,bahlul kemplud stress🗿,0.0,0.9987587928771973,0
1574,"bahlil : ❌
bahlul :✅",1,2025-10-15 15:14:20+00:00,"bahlil   ❌
bahlul  ✅",bahlil ❌ bahlul ✅,,0.9457915425300598,0
1575,motor 2 tak macam mana,1,2025-10-15 15:10:13+00:00,motor 2 tak macam mana,motor 2 tak macam mana,0.0,0.9978557229042053,0
1576,bahlil atau bahlul?,1,2025-10-15 15:01:46+00:00,bahlil atau bahlul?,bahlil atau bahlul?,0.0,0.9980838298797607,0
1578,masa iya mau ngikutin sebelah gmna si,1,2025-10-15 14:11:13+00:00,masa iya mau ngikutin sebelah gmna si,masa ya mau ngikutin sebelah gimana si,0.0,0.9991726279258728,0
1579,Bahlil Bahlil anda saja yg pakai etano andal itu,1,2025-10-15 14:07:19+00:00,bahlil bahlil anda saja yg pakai etano andal itu,bahlil bahlil anda saja yang pakai etano andal itu,,0.9711773991584778,0
1580,"dikit"" ngecopy, situ gapunya gaya apa kekurangan ide?",1,2025-10-15 14:02:10+00:00,dikit  ngecopy  situ gapunya gaya apa kekurangan ide?,dikit ngecopy situ gapunya gaya apa kekurangan ide?,0.0,0.9982840418815613,0
1582,Bahlil dan bahlul,1,2025-10-15 13:31:11+00:00,bahlil dan bahlul,bahlil dan bahlul,0.0,0.9585490822792053,0
1583,"kira dia orang indo makek BMW , Ducati 😁",1,2025-10-15 13:27:30+00:00,kira dia orang indo makek bmw   ducati 😁,kira dia orang indo makek bmw ducati 😁,0.0,0.9988470077514648,0
1584,tidak bagus untuk motor 2 tak pak😭,1,2025-10-15 13:21:53+00:00,tidak bagus untuk motor 2 tak pak😭,tidak bagus untuk motor 2 tak pak😭,0.0,0.9989470839500427,0
1585,"jangan lul jadi nya 2tak ga idup, bpk gw ga bisa cari rezeki",1,2025-10-15 12:43:25+00:00,jangan lul jadi nya 2tak ga idup  bpk gw ga bisa cari rezeki,jangan lul jadi nya 2tak tidak idup bpk saya tidak bisa cari rezeki,0.0,0.9990390539169312,0
1586,bang ga kasian ta bang sama yang baru beli motor 2 tak,1,2025-10-15 12:30:12+00:00,bang ga kasian ta bang sama yang baru beli motor 2 tak,bang tidak kasian ta bang sama yang baru beli motor 2 tak,0.0,0.9956444501876831,0
1587,tes dulu ke semua kendaraan kluarga mu baru ke rakyat kalo memang bagus,1,2025-10-15 12:29:03+00:00,tes dulu ke semua kendaraan kluarga mu baru ke rakyat kalo memang bagus,tes dulu ke semua kendaraan kluarga mu baru ke rakyat kalau memang bagus,0.0,0.796066403388977,0
1588,alah cangkeman to,1,2025-10-15 12:22:25+00:00,alah cangkeman to,alah cangkeman to,0.0,0.9951841235160828,0
1589,ambil satu satu jangan rebutan🗿,1,2025-10-15 12:14:38+00:00,ambil satu satu jangan rebutan🗿,ambil satu satu jangan rebutan🗿,,0.8034606575965881,0
1591,lol,1,2025-10-15 11:55:02+00:00,lol,tertawa,1.0,0.9974028468132019,1
1592,purbaya ketawa liat ini,1,2025-10-23 15:13:32+00:00,purbaya ketawa liat ini,purbaya ketawa liat ini,0.0,0.9839730262756348,0
1593,tjuAn ny biar untung bnyk gtu kn,1,2025-10-23 11:56:45+00:00,tjuan ny biar untung bnyk gtu kn,tjuan ny biar untung bnyk gtu kn,1.0,0.9966139197349548,1
1594,😭😭😭 eh tp ngaruh ke motor gt. yg gk prnh kmn2 jauh tiba-tiba busi motr rusak stlh ku bli bensin eceran,1,2025-10-23 10:40:41+00:00,😭😭 eh tp ngaruh ke motor gt. yg gk prnh kmn2 jauh tiba tiba busi motr rusak stlh ku bli bensin eceran,😭😭 eh tapi ngaruh ke motor gt. yang tidak prnh kmn2 jauh tiba tiba busi motr rusak stlh ku bli bensin eceran,0.0,0.9902268648147583,0
1595,knt,0,2025-11-02 12:48:51+00:00,knt,knt,0.0,0.763090968132019,0
1596,jangan disamakan dengan negara lain pak negara lain memakmurkan rakyat tpi dinegara kita apa rakyat sudah makmur malah sengsara pak sudah banyak bukti motor banyak yg rusak masih saja ngeyel pak trs klo motor kita risak siapa yg bertanggung jawab,0,2025-11-02 05:43:37+00:00,jangan disamakan dengan negara lain pak negara lain memakmurkan rakyat tpi dinegara kita apa rakyat sudah makmur malah sengsara pak sudah banyak bukti motor banyak yg rusak masih saja ngeyel pak trs klo motor kita risak siapa yg bertanggung jawab,jangan disamakan dengan negara lain pak negara lain memakmurkan rakyat tapi dinegara kita apa rakyat sudah makmur malah sengsara pak sudah banyak bukti motor banyak yang rusak masih saja ngeyel pak terus kalau motor kita risak siapa yang bertanggung jawab,0.0,0.999396562576294,0
1597,"Wes ngene ae pak, rinio nng o omah ku benakno sepeda ku cek percoyo omonganmu iku omong kosong sepeda ku dadi rusak iki 👺",0,2025-11-02 03:33:34+00:00,wes ngene ae pak  rinio nng o omah ku benakno sepeda ku cek percoyo omonganmu iku omong kosong sepeda ku dadi rusak iki,wes ngene ae pak rinio nng o omah ku benakno sepeda ku cek percoyo omonganmu iku omong kosong sepeda ku dadi rusak iki,0.0,0.9994000196456909,0
1598,kenapa bpak gak coba kendaraan BPK dulu ...udah bnyak bukti kok .bahwa pertalite yg kita pakai saat ini ..brebet dan mogok masal,0,2025-11-02 02:16:24+00:00,kenapa bpak gak coba kendaraan bpk dulu ..udah bnyak bukti kok .bahwa pertalite yg kita pakai saat ini ..brebet dan mogok masal,kenapa bpak tidak coba kendaraan bpk dulu ..udah bnyak bukti kok .bahwa pertalite yang kita pakai saat ini ..brebet dan mogok masal,0.0,0.9983041286468506,0
1599,BIARKAN NGOMONG SAKAREPE.....😆😆😆,0,2025-11-01 16:12:54+00:00,biarkan ngomong sakarepe..😆😆,biarkan ngomong sakarepe..😆😆,0.0,0.9975236058235168,0
1600,dodol luh,0,2025-11-01 11:46:56+00:00,dodol luh,dodol luh,1.0,0.9961633682250977,1
1601,congor lel,0,2025-11-01 09:49:25+00:00,congor lel,congor lel,0.0,0.6951708793640137,0
1602,fakta nya kendaraan pada ngerebet PA 🤣😂,0,2025-11-06 04:40:22+00:00,fakta nya kendaraan pada ngerebet pa 🤣😂,fakta nya kendaraan pada ngerebet pa 🤣😂,,0.9455298185348511,0
1603,klo tdk bidangnya klo ngomong ya begini.....ancur.....,0,2025-11-01 04:16:11+00:00,klo tdk bidangnya klo ngomong ya begini..ancur..,kalau tidak bidangnya kalau ngomong ya begini..ancur..,0.0,0.9988458156585693,0
1604,gudal,0,2025-10-31 16:38:14+00:00,gudal,gudal,1.0,0.7541792988777161,1
1605,Eh anjing motor jadi berebet gara² etanol,0,2025-11-02 18:08:43+00:00,eh anjing motor jadi berebet gara  etanol,eh anjing motor jadi berebet gara etanol,0.0,0.9965605139732361,0
1606,Buktinya kendaraan pada mogok janc..,0,2025-11-16 04:57:42+00:00,buktinya kendaraan pada mogok janc..,buktinya kendaraan pada mogok janc..,0.0,0.9958674907684326,0
1607,lil bahlil pedah ku brebet tel gatel antemi wae wong ngeneki😭,0,2025-11-05 08:34:29+00:00,lil bahlil pedah ku brebet tel gatel antemi wae wong ngeneki😭,lil bahlil pedah ku brebet tel gatel antemi wae wong ngeneki😭,1.0,0.9453105926513672,1
1608,Bahenol bahlil etanol,0,2025-10-31 12:56:49+00:00,bahenol bahlil etanol,bahenol bahlil etanol,,0.9931801557540894,0
1609,curek,0,2025-10-31 12:10:10+00:00,curek,curek,0.0,0.9986573457717896,0
1610,udah lah pa.. ini ga cocok.. ngapain maksain si.. dah pake buat situ aja..,0,2025-10-31 11:35:09+00:00,udah lah pa.. ini ga cocok.. ngapain maksain si.. dah pake buat situ aja..,sudah lah pa.. ini tidak cocok.. ngapain maksain si.. dah pake buat situ aja..,0.0,0.9993232488632202,0
1611,menurut kamu bahlul nyatanya fakta lho.mungkin untungnya kurang,0,2025-10-30 07:55:16+00:00,menurut kamu bahlul nyatanya fakta lho.mungkin untungnya kurang,menurut kamu bahlul nyatanya fakta lho.mungkin untungnya kurang,1.0,0.8240538835525513,1
1612,bagus matamu itu,0,2025-10-31 09:09:54+00:00,bagus matamu itu,bagus matamu itu,1.0,0.9917900562286377,1
1613,Dasar pembual...copot sj to p.prabowo.bikin rakyat sengsara sj,0,2025-10-31 08:13:37+00:00,dasar pembual..copot sj to p.prabowo.bikin rakyat sengsara sj,dasar pembual..copot sj to p.prabowo.bikin rakyat sengsara sj,0.0,0.9990060925483704,0
1614,pdhal dari dlu2 sdh impor bbm dgn snyawa etanol...org ini pantasnya jdi ketua RT aja 🗿,1,2025-10-12 12:59:16+00:00,pdhal dari dlu2 sdh impor bbm dgn snyawa etanol..org ini pantasnya jdi ketua rt aja 🗿,pdhal dari dlu2 sudah impor bbm dengan snyawa etanol..org ini pantasnya jdi ketua rt aja 🗿,0.0,0.9905999898910522,0
1615,spill dong negara mana aja yg pake etanol ?,3,2025-10-10 04:15:14+00:00,spill dong negara mana aja yg pake etanol ?,spill dong negara mana aja yang pake etanol ?,0.0,0.9981769323348999,0
1617,ganti menteri ini,0,2025-11-14 11:11:10+00:00,ganti menteri ini,ganti menteri ini,,0.9986741542816162,0
1618,pedaku brebet iki lo ker neker,0,2025-11-08 10:06:17+00:00,pedaku brebet iki lo ker neker,pedaku brebet iki kamu ker neker,,0.7400624752044678,0
1619,pak Wowo gak da rencana menurunkan bahenol t,0,2025-11-11 11:11:29+00:00,pak wowo gak da rencana menurunkan bahenol t,pak wowo tidak da rencana menurunkan bahenol t,0.0,0.8077861666679382,0
1620,sebagus apa pun KLO yg nrocos bahlul..rasanya tetaaaaap saja gak bgs😳😳muak gt lhoh,2,2025-10-13 12:53:18+00:00,sebagus apa pun klo yg nrocos bahlul..rasanya tetaap saja gak bgs  muak gt lhoh,sebagus apa pun kalau yang nrocos bahlul..rasanya tetaap saja tidak bgs muak gt lhoh,0.0,0.9312111735343933,0
1621,"syarat kerja di Indonesia harus berpenampilan menarik, orang ini malah jadi menteri.
sungguh ga masuk aspal.😡😡",2,2025-10-10 14:47:55+00:00,"syarat kerja di indonesia harus berpenampilan menarik  orang ini malah jadi menteri.
sungguh ga masuk aspal.😡😡",syarat kerja di indonesia harus berpenampilan menarik orang ini malah jadi menteri. sungguh tidak masuk aspal.😡😡,0.0,0.9985302686691284,0
1622,Ih bahlil sama petrick mirip njr sama sama merusak😭,2,2025-10-10 13:02:36+00:00,ih bahlil sama petrick mirip njr sama sama merusak😭,ih bahlil sama petrick mirip njr sama sama merusak😭,0.0,0.9968717694282532,0
1623,menteri tolol yg pernah ada di negeri ini,2,2025-10-10 14:59:34+00:00,menteri tolol yg pernah ada di negeri ini,menteri tolol yang pernah ada di negeri ini,0.0,0.9991039633750916,0
1624,boleh gk gw lembar thaiii,2,2025-10-10 12:08:19+00:00,boleh gk gw lembar thaii,boleh tidak saya lembar thaii,,0.9625696539878845,0
1625,analisa dulu lil.... baru ngomong,2,2025-10-10 10:28:06+00:00,analisa dulu lil.. baru ngomong,analisa dulu lil.. baru ngomong,0.0,0.974592924118042,0
1626,sotoyyyyyy.....,2,2025-10-10 09:08:52+00:00,sotoyy..,sotoyy..,1.0,0.8107106685638428,1
1627,"udh uji lep gak pak Mentri, AQ tetep gak percaya kalau si bahlul yg ngomong",2,2025-10-10 13:00:59+00:00,udh uji lep gak pak mentri  aq tetep gak percaya kalau si bahlul yg ngomong,sudah uji lep tidak pak mentri aq tetep tidak percaya kalau si bahlul yang ngomong,0.0,0.9886011481285095,0
1628,bahlil b nya apa botak,2,2025-10-10 13:28:38+00:00,bahlil b nya apa botak,bahlil b nya apa botak,0.0,0.972208559513092,0
1629,Ngibul aje kerjaannya.....,2,2025-10-10 08:21:49+00:00,ngibul aje kerjaannya..,ngibul aje kerjaannya..,0.0,0.9993091821670532,0
1630,makin dekat ja kiamat KLO manusia ini bicara,1,2025-10-10 14:59:14+00:00,makin dekat ja kiamat klo manusia ini bicara,makin dekat ja kiamat kalau manusia ini bicara,0.0,0.9987151622772217,0
1631,bengettt,1,2025-10-14 02:50:06+00:00,bengett,bengett,0.0,0.9983974099159241,0
1632,"aura maling nya kuat bgt, siapa si yang pilih dia jadi mentri",1,2025-10-10 21:43:53+00:00,aura maling nya kuat bgt  siapa si yang pilih dia jadi mentri,aura maling nya kuat banget siapa si yang pilih dia jadi mentri,0.0,0.9988314509391785,0
1633,"pak bahlil loginya bukan gitu misal ni pak bahlil punya bbm 1 liter murni trus 1 liter bbm + ethanol pak bahlil milih yg mna? contoh yg kedua kita beli beras premium ni ya gak taunya ada di oplos sama beras non premium, pilih yg mna, apa pemerintah hobinya ngoplos biar untung besar 😁😁🤭🤭🤣🤣😂🤣🤭😁😁😁",2,2025-10-10 09:03:58+00:00,pak bahlil loginya bukan gitu misal ni pak bahlil punya bbm 1 liter murni trus 1 liter bbm   ethanol pak bahlil milih yg mna? contoh yg kedua kita beli beras premium ni ya gak taunya ada di oplos sama beras non premium  pilih yg mna  apa pemerintah hobinya ngoplos biar untung besar 😁😁🤭🤭🤣🤣😂🤣🤭😁😁,pak bahlil loginya bukan gitu misal ni pak bahlil punya bbm 1 liter murni terus 1 liter bbm ethanol pak bahlil milih yang mna? contoh yang kedua kita beli beras premium ni ya tidak taunya ada di oplos sama beras non premium pilih yang mna apa pemerintah hobinya ngoplos biar untung besar 😁😁🤭🤭🤣🤣😂🤣🤭😁😁,0.0,0.9946539402008057,0
1634,negara lain terbatas pemakaian Bahlil tolol,2,2025-10-10 14:25:08+00:00,negara lain terbatas pemakaian bahlil tolol,negara lain terbatas pemakaian bahlil tolol,,0.9928556084632874,0
1635,JANGAN2 SI BAHLUL INI BAGIAN DARI SINDIKAT MAFIA PETRAL YG MENDAPAT JABATAN DI NEGRI INI???,3,2025-10-10 03:27:50+00:00,jangan2 si bahlul ini bagian dari sindikat mafia petral yg mendapat jabatan di negri ini??,jangan2 si bahlul ini bagian dari sindikat mafia petral yang mendapat jabatan di negri ini??,0.0,0.9991616010665894,0
1637,"tolonglah kln demo dan targetkan kerumah bahlil ini😭
tiap dia muncul, saya harus minum obat darah tinggi",2,2025-10-10 15:32:20+00:00,"tolonglah kln demo dan targetkan kerumah bahlil ini😭
tiap dia muncul  saya harus minum obat darah tinggi",tolonglah kln demo dan targetkan kerumah bahlil ini😭 tiap dia muncul saya harus minum obat darah tinggi,0.0,0.8442954421043396,0
1638,hadeh pak lu nyamain negara maju Ama negara full korup 😹,0,2025-11-15 04:41:20+00:00,hadeh pak lu nyamain negara maju ama negara full korup 😹,hadeh pak kamu nyamain negara maju ama negara full korup 😹,0.0,0.9995079040527344,0
1640,otak dungu.....,0,2025-11-01 15:18:48+00:00,otak dungu..,otak dungu..,0.0,0.9990725517272949,0
1641,RUSAK INDUSTRI OTOMOTIF OLEH ORANG INI......,0,2025-11-01 15:13:20+00:00,rusak industri otomotif oleh orang ini..,rusak industri otomotif oleh orang ini..,0.0,0.9994526505470276,0
1642,"Bahlil B nya apa??????
BOD*H🗿",0,2025-11-10 13:38:58+00:00,"bahlil b nya apa??
bod h🗿",bahlil b nya apa?? bod h🗿,0.0,0.9699049592018127,0
1643,cengelmui bedo kendaraan bedo kualitas tol,0,2025-11-17 09:46:43+00:00,cengelmui bedo kendaraan bedo kualitas tol,cengelmui bedo kendaraan bedo kualitas tol,,0.9669337868690491,0
1644,misal kalo kendaraan kami rusakk gimana? mau tanggung jawab?,1,2025-10-15 11:45:05+00:00,misal kalo kendaraan kami rusakk gimana? mau tanggung jawab?,misal kalau kendaraan kami rusakk gimana? mau tanggung jawab?,0.0,0.9980637431144714,0
1645,"Bahlil.
B. nya apa",1,2025-10-15 11:37:18+00:00,"bahlil.
b. nya apa",bahlil. b. nya apa,0.0,0.7897530794143677,0
1646,tau apa sih lu bahlil,1,2025-10-15 11:35:50+00:00,tau apa sih lu bahlil,tau apa ya kamu bahlil,0.0,0.8800726532936096,0
1648,bensin campur etanoll tenang ganti bensoll 🗿,1,2025-10-15 11:01:58+00:00,bensin campur etanoll tenang ganti bensoll 🗿,bensin campur etanoll tenang ganti bensoll 🗿,0.0,0.9908146262168884,0
1649,muka korup nya nampak banget🤣,1,2025-10-15 10:56:48+00:00,muka korup nya nampak banget🤣,muka korup nya nampak banget🤣,0.0,0.998711347579956,0
1650,BOIKOT BAHLIL 🔥🔥,1,2025-10-15 10:48:11+00:00,boikot bahlil 🔥🔥,boikot bahlil 🔥🔥,0.0,0.9954041242599487,0
1651,buktinya montor sekarang bnyak yg rusak,1,2025-10-15 10:35:41+00:00,buktinya montor sekarang bnyak yg rusak,buktinya montor sekarang bnyak yang rusak,0.0,0.9990081191062927,0
1652,yg udah bagus jangan di ubah ubah,1,2025-10-15 09:52:18+00:00,yg udah bagus jangan di ubah ubah,yang sudah bagus jangan di ubah ubah,1.0,0.9470188617706299,1
1653,"setiap bahlil ngomong, kiamat maju 1 jam.",1,2025-10-15 09:30:44+00:00,setiap bahlil ngomong  kiamat maju 1 jam.,setiap bahlil ngomong kiamat maju 1 jam.,0.0,0.9263731241226196,0
1654,"gini aja kita pake etanol
kalo turun mesin kau yg urus gimana lil?",1,2025-10-15 09:20:12+00:00,"gini aja kita pake etanol
kalo turun mesin kau yg urus gimana lil?",gini aja kita pake etanol kalau turun mesin kau yang urus gimana lil?,0.0,0.9992184638977051,0
1655,muka Bahlil kaya oplosan 💯 😁,1,2025-10-15 09:17:14+00:00,muka bahlil kaya oplosan   😁,muka bahlil kaya oplosan 😁,0.0,0.9989858269691467,0
1656,bahaya buat motor 2 tak pak🙏🙏🙏,1,2025-10-15 08:50:52+00:00,bahaya buat motor 2 tak pak🙏🙏,bahaya buat motor 2 tak pak🙏🙏,0.0,0.971291184425354,0
1657,etanol kagak usah dibumi ya allah.kasian yang 2 tak semoga etanol ga jadi😇,1,2025-10-15 07:53:13+00:00,etanol kagak usah dibumi ya allah.kasian yang 2 tak semoga etanol ga jadi,etanol kagak usah dibumi ya allah.kasian yang 2 tak semoga etanol tidak jadi,0.0,0.9974926710128784,0
1659,halah ktll,1,2025-10-15 06:34:00+00:00,halah ktll,halah ktll,0.0,0.9794832468032837,0
1660,ente bahlill...,1,2025-10-15 06:21:11+00:00,ente bahlill..,ente bahlill..,0.0,0.8435111045837402,0
1661,info dukun santet kelas atas,1,2025-10-15 06:20:32+00:00,info dukun santet kelas atas,info dukun santet kelas atas,,0.9977290034294128,0
1662,Aceh merdeka dari penjajah hindunesia Yunani,1,2025-10-15 06:04:34+00:00,aceh merdeka dari penjajah hindunesia yunani,aceh merdeka dari penjajah hindunesia yunani,0.0,0.9955828785896301,0
1663,alinol aman😂,1,2025-10-15 05:29:50+00:00,alinol aman😂,alinol aman😂,1.0,0.9985021352767944,1
1664,"membandingkan Indonesia dengan Eropa adalah kesalahan besar.indonesia Rata rata rakyat pakek motor,sedangkan di Eropa dominan mobil,mesin di Eropa sudah support etanol sedangkan mesin di Indonesia belum suport etanol.pertanyaan saya apakah ini menteri tidak meriset terlebih dahulu bagaimana kondisi mesin kendaraan di Indonesia apakah sudah support etanol atau belum.sama satu lagi untuk presiden Bpk prabowo kemana kok menteri ini masi di pertahankan",1,2025-10-15 05:20:10+00:00,membandingkan indonesia dengan eropa adalah kesalahan besar.indonesia rata rata rakyat pakek motor sedangkan di eropa dominan mobil mesin di eropa sudah support etanol sedangkan mesin di indonesia belum suport etanol.pertanyaan saya apakah ini menteri tidak meriset terlebih dahulu bagaimana kondisi mesin kendaraan di indonesia apakah sudah support etanol atau belum.sama satu lagi untuk presiden bpk prabowo kemana kok menteri ini masi di pertahankan,membandingkan indonesia dengan eropa adalah kesalahan besar.indonesia rata rata rakyat pakek motor sedangkan di eropa dominan mobil mesin di eropa sudah support etanol sedangkan mesin di indonesia belum suport etanol.pertanyaan saya apakah ini menteri tidak meriset terlebih dahulu bagaimana kondisi mesin kendaraan di indonesia apakah sudah support etanol atau belum.sama satu lagi untuk presiden bpk prabowo kemana kok menteri ini masi di pertahankan,0.0,0.9977849125862122,0
1665,pasti nilai nya kayak srini 🤣,1,2025-10-15 03:38:37+00:00,pasti nilai nya kayak srini 🤣,pasti nilai nya kayak srini 🤣,1.0,0.9709683060646057,1
1666,pecat Bahlil puan dan megawati👍👍👍👍👍👍👍👍,1,2025-10-15 02:43:44+00:00,pecat bahlil puan dan megawati👍👍,pecat bahlil puan dan megawati👍👍,,0.696890115737915,0
1667,aku lagi login fiz r woy 🗿,1,2025-10-15 01:24:34+00:00,aku lagi login fiz r woy 🗿,saya lagi login fiz r woy 🗿,,0.9982355833053589,0
1668,tangki motor gw karatan anjirr,1,2025-10-14 23:31:59+00:00,tangki motor gw karatan anjirr,tangki motor saya karatan anjirr,,0.8751380443572998,0
1669,seperti nya Bahlil sudah bosan hidup,1,2025-10-14 23:15:45+00:00,seperti nya bahlil sudah bosan hidup,seperti nya bahlil sudah bosan hidup,0.0,0.9984863996505737,0
1670,nih sumbangan admin,1,2025-10-14 22:50:47+00:00,nih sumbangan admin,nih sumbangan admin,,0.9628725051879883,0
1671,"jgn mengikuti negara lain hal seperti itu, anj bahlil bahlul anj",1,2025-10-14 22:42:44+00:00,jgn mengikuti negara lain hal seperti itu  anj bahlil bahlul anj,jangan mengikuti negara lain hal seperti itu anjing bahlil bahlul anjing,0.0,0.9992819428443909,0
1673,MAGRIB GELAP!,1,2025-10-21 00:30:20+00:00,magrib gelap!,magrib gelap!,0.0,0.998995840549469,0
1674,Bahlil naik mobil listrik?,1,2025-10-20 19:37:27+00:00,bahlil naik mobil listrik?,bahlil naik mobil listrik?,0.0,0.8723464012145996,0
1675,mikir kids 2tak gimana oon,1,2025-10-20 17:27:14+00:00,mikir kids 2tak gimana oon,mikir kids 2tak gimana oon,0.0,0.9989114999771118,0
1676,gua heran bisa-bisanya orang ini jadi menteri,1,2025-10-20 14:17:00+00:00,gua heran bisa bisanya orang ini jadi menteri,gua heran bisa bisanya orang ini jadi menteri,0.0,0.9986280202865601,0
1677,info rumah musang nya gw mau beli korek dulu,1,2025-10-20 12:52:42+00:00,info rumah musang nya gw mau beli korek dulu,info rumah musang nya saya mau beli korek dulu,,0.9969183206558228,0
1678,"bahlil❎
bahlul✅🗿",1,2025-10-20 11:30:32+00:00,"bahlil❎
bahlul✅🗿",bahlil❎ bahlul✅🗿,,0.9358651638031006,0
1679,"jika banyak motor di indonesia rusak apakah bahlil mau membiayai
apakah mau memperbaiki
apakah mau tangung jawab atas kerusakan pada motor ?",1,2025-10-20 07:04:56+00:00,"jika banyak motor di indonesia rusak apakah bahlil mau membiayai
apakah mau memperbaiki
apakah mau tangung jawab atas kerusakan pada motor ?",jika banyak motor di indonesia rusak apakah bahlil mau membiayai apakah mau memperbaiki apakah mau tangung jawab atas kerusakan pada motor ?,0.0,0.9884424805641174,0
1680,ini mberebet semua motor ORANG2 lu gimana,1,2025-10-28 03:26:32+00:00,ini mberebet semua motor orang2 lu gimana,ini mberebet semua motor orang2 kamu gimana,0.0,0.9888384342193604,0
1681,kenapa bensin nyobak GK Lo pakek sendiri lillbahlil di kendaraan lu kita lihat bagus atau engak,1,2025-10-28 01:00:40+00:00,kenapa bensin nyobak gk lo pakek sendiri lillbahlil di kendaraan lu kita lihat bagus atau engak,kenapa bensin nyobak tidak kamu pakek sendiri lillbahlil di kendaraan kamu kita lihat bagus atau engak,0.0,0.9940723776817322,0
1682,bahlul,1,2025-10-27 23:51:42+00:00,bahlul,bahlul,0.0,0.9898656010627747,0
1683,ngerusak motor Bahlil😒,1,2025-10-26 06:07:47+00:00,ngerusak motor bahlil,ngerusak motor bahlil,0.0,0.9951497912406921,0
1684,negara yang make etanol itu negara waras dan yang ngatur juga waras,1,2025-10-23 21:41:44+00:00,negara yang make etanol itu negara waras dan yang ngatur juga waras,negara yang make etanol itu negara waras dan yang ngatur juga waras,0.0,0.9886878132820129,0
1686,"KECIL BAHLIL
BESARNYA BAHLOL",1,2025-10-23 16:01:31+00:00,"kecil bahlil
besarnya bahlol",kecil bahlil besarnya bahlol,0.0,0.9490088224411011,0
1687,Langsung Periksaaa..KPK.. orang kayak gini... pasti ketahuan...,1,2025-10-23 06:33:01+00:00,langsung periksaa..kpk.. orang kayak gini.. pasti ketahuan..,langsung periksaa..kpk.. orang kayak gini.. pasti ketahuan..,0.0,0.9989264607429504,0
1688,ini bukan pak bahlil,1,2025-10-23 04:37:58+00:00,ini bukan pak bahlil,ini bukan pak bahlil,0.0,0.7994116544723511,0
1689,Emg bahlul😂😂😂,1,2025-10-23 07:50:24+00:00,emg bahlul😂😂,emg bahlul😂😂,0.0,0.9962865114212036,0
1690,namanya juga bahlul🤣🤣,1,2025-10-23 06:30:37+00:00,namanya juga bahlul🤣🤣,namanya juga bahlul🤣🤣,0.0,0.9614846110343933,0
1691,"(Masih imporrr) , disuruh bikin kilang minyak gak dibikin bikin🤣🤣🤭🤭",1,2025-10-23 06:21:38+00:00,masih imporr    disuruh bikin kilang minyak gak dibikin bikin🤣🤣🤭🤭,masih imporr disuruh bikin kilang minyak tidak dibikin bikin🤣🤣🤭🤭,0.0,0.9707390069961548,0
1692,keplak wae,1,2025-10-23 05:02:25+00:00,keplak wae,keplak wae,0.0,0.9893233180046082,0
1693,"Dampak campuran bensin dan etanolEtanol memiliki nilai kalor lebih rendah dibanding bensin, sehingga penurunan energi total bahan bakar hanya sekitar 1% pada campuran hingga 3,5% etanol, yang masih dalam batas toleransi tanpa mengganggu kinerja mesin.Mesin modern memiliki sistem pembakaran yang bisa menyesuaikan rasio udara-bahan bakar secara otomatis sehingga performa tetap stabil.Etanol dapat meningkatkan rasio kompresi dan efisiensi termal di mesin pembakaran dalam serta menurunkan emisi karbon.Kendaraan lama atau motor 2-tak rawan kerusakan jika menggunakan campuran ini karena bahan bakar beretanol dapat menyerap air dan menyebabkan korosi serta gangguan pelumasan",1,2025-10-23 02:37:47+00:00,dampak campuran bensin dan etanoletanol memiliki nilai kalor lebih rendah dibanding bensin  sehingga penurunan energi total bahan bakar hanya sekitar 1  pada campuran hingga 3 5  etanol  yang masih dalam batas toleransi tanpa mengganggu kinerja mesin.mesin modern memiliki sistem pembakaran yang bisa menyesuaikan rasio udara bahan bakar secara otomatis sehingga performa tetap stabil.etanol dapat meningkatkan rasio kompresi dan efisiensi termal di mesin pembakaran dalam serta menurunkan emisi karbon.kendaraan lama atau motor 2 tak rawan kerusakan jika menggunakan campuran ini karena bahan bakar beretanol dapat menyerap air dan menyebabkan korosi serta gangguan pelumasan,dampak campuran bensin dan etanoletanol memiliki nilai kalor lebih rendah dibanding bensin sehingga penurunan energi total bahan bakar hanya sekitar 1 pada campuran hingga 3 5 etanol yang masih dalam batas toleransi tanpa mengganggu kinerja mesin.mesin modern memiliki sistem pembakaran yang bisa menyesuaikan rasio udara bahan bakar secara otomatis sehingga performa tetap stabil.etanol dapat meningkatkan rasio kompresi dan efisiensi termal di mesin pembakaran dalam serta menurunkan emisi karbon.kendaraan lama atau motor 2 tak rawan kerusakan jika menggunakan campuran ini karena bahan bakar beretanol dapat menyerap air dan menyebabkan korosi serta gangguan pelumasan,1.0,0.9619019031524658,1
1694,Bahlil kau tlah melukai hati kami seluruh rakyat indonesia,1,2025-10-22 18:16:20+00:00,bahlil kau tlah melukai hati kami seluruh rakyat indonesia,bahlil kau tlah melukai hati kami seluruh rakyat indonesia,0.0,0.9895128607749939,0
1695,"udh inti nya kita harus terus desak pombensin swuasta aktif kembali , NO PERTAMINA",1,2025-10-22 14:20:50+00:00,udh inti nya kita harus terus desak pombensin swuasta aktif kembali   no pertamina,sudah inti nya kita harus terus desak pombensin swuasta aktif kembali no pertamina,,0.9336511492729187,0
1696,motor2tak gmn ni,1,2025-10-15 08:10:38+00:00,motor2tak gmn ni,motor2tak gimana ni,0.0,0.9569385051727295,0
1697,bahlul,1,2025-10-15 05:11:58+00:00,bahlul,bahlul,0.0,0.9898656010627747,0
1698,ini negara lu bukan negara orang on ol,1,2025-10-15 02:25:14+00:00,ini negara lu bukan negara orang on ol,ini negara kamu bukan negara orang on ol,0.0,0.9977520108222961,0
1699,Reng ireng keakean tingkah,1,2025-10-14 22:28:24+00:00,reng ireng keakean tingkah,reng ireng keakean tingkah,1.0,0.8134728074073792,1
1700,FOMOO😭😭,1,2025-10-14 18:35:43+00:00,fomoo😭😭,fomoo😭😭,1.0,0.9983246922492981,1
1701,otak,1,2025-10-14 18:04:06+00:00,otak,otak,0.0,0.9946379065513611,0
1702,"kenapa si ni Mentri ga di copot""???, heran bat dah",1,2025-10-14 16:22:44+00:00,kenapa si ni mentri ga di copot ??  heran bat dah,kenapa si ni mentri tidak di copot ?? heran bat dah,0.0,0.9985529780387878,0
1703,ahhh karep Weh keur parusing belah diemah 😏,1,2025-10-14 16:09:26+00:00,ahh karep weh keur parusing belah diemah 😏,ahh karep weh keur parusing belah diemah 😏,1.0,0.9985489249229431,1
1704,pak d golek'i wong sak Indonesia 😅,1,2025-10-29 11:47:15+00:00,pak d golek i wong sak indonesia 😅,pak d golek i wong sak indonesia 😅,0.0,0.997365415096283,0
1705,ini Mentri Indonesia? apa tidak salah maaf sekedar bertanya saja,1,2025-10-29 11:27:12+00:00,ini mentri indonesia? apa tidak salah maaf sekedar bertanya saja,ini mentri indonesia? apa tidak salah maaf sekedar bertanya saja,0.0,0.9950893521308899,0
1706,bahlul itu😭,1,2025-10-29 05:36:25+00:00,bahlul itu😭,bahlul itu😭,0.0,0.9758484363555908,0
1707,"Etanol itu arti nya, cacing kepanasan😄😄😄",1,2025-10-20 06:51:23+00:00,etanol itu arti nya  cacing kepanasan,etanol itu arti nya cacing kepanasan,0.0,0.9733023643493652,0
1708,"kendaraannya beda cukkk. di LN di desain tahan etanol dan anti karat mulai dri mesin,selang, pembuangan dll. kalo di indo masih banyak kendaraan yg mesinnya tdk tahan karat/korosi.. mosok ga mikir toh pak pak",1,2025-10-20 05:51:16+00:00,kendaraannya beda cukk. di ln di desain tahan etanol dan anti karat mulai dri mesin selang  pembuangan dll. kalo di indo masih banyak kendaraan yg mesinnya tdk tahan karat korosi.. mosok ga mikir toh pak pak,kendaraannya beda cukk. di ln di desain tahan etanol dan anti karat mulai dri mesin selang pembuangan dll. kalau di indo masih banyak kendaraan yang mesinnya tidak tahan karat korosi.. mosok tidak mikir toh pak pak,0.0,0.9919888377189636,0
1709,Bahlil B nya apa,1,2025-10-20 05:30:23+00:00,bahlil b nya apa,bahlil b nya apa,,0.844081461429596,0
1710,Namanya juga bahlul,1,2025-10-20 03:08:51+00:00,namanya juga bahlul,namanya juga bahlul,0.0,0.9876866936683655,0
1711,"serah ko lh,nma ko udah masuk di buku merah pak prabowo,siap ko🤣",1,2025-10-19 17:51:09+00:00,serah ko lh nma ko udah masuk di buku merah pak prabowo siap ko🤣,serah ko lh nma ko sudah masuk di buku merah pak prabowo siap ko🤣,,0.9231306314468384,0
1713,"bahlil kan anak dojal makanya ngak mikir rakyat, kan tau ipk nya berapa",1,2025-10-15 13:49:52+00:00,bahlil kan anak dojal makanya ngak mikir rakyat  kan tau ipk nya berapa,bahlil kan anak dojal makanya tidak mikir rakyat kan tau ipk nya berapa,0.0,0.9983751773834229,0
1715,campur ciuuu,0,2025-11-05 14:10:32+00:00,campur ciuu,campur ciuu,1.0,0.9847413897514343,1
1716,iya bg makin hari makin tolol ajah 😂😂,1,2025-10-17 03:12:15+00:00,iya bg makin hari makin tolol ajah 😂😂,ya bg makin hari makin tolol ajah 😂😂,0.0,0.9993696808815002,0
1717,memang Bodoh,1,2025-10-17 01:48:13+00:00,memang bodoh,memang bodoh,1.0,0.9013862609863281,1
1718,gigi bahlil kena etanol tuh,1,2025-10-17 00:28:49+00:00,gigi bahlil kena etanol tuh,gigi bahlil kena etanol tuh,,0.9779559373855591,0
1719,bahlil keknya make otak patrik,1,2025-10-17 00:22:36+00:00,bahlil keknya make otak patrik,bahlil keknya make otak patrik,0.0,0.9959245920181274,0
1720,Bahlil gak tau tentang kendaraan🤣,1,2025-10-16 17:26:24+00:00,bahlil gak tau tentang kendaraan🤣,bahlil tidak tau tentang kendaraan🤣,0.0,0.9975804090499878,0
1721,fiz r gua cook ginama ni🥺🥺,1,2025-10-16 10:24:50+00:00,fiz r gua cook ginama ni🥺🥺,fiz r gua cook ginama ni🥺🥺,,0.9762763977050781,0
1722,2 tak akan punah🥲,1,2025-10-14 13:28:30+00:00,2 tak akan punah,2 tak akan punah,1.0,0.9681337475776672,1
1723,pejabat kek gini kenapa gak di pecat?,1,2025-10-14 13:19:09+00:00,pejabat kek gini kenapa gak di pecat?,pejabat kek gini kenapa tidak di pecat?,0.0,0.9991886019706726,0
1724,"bahlil minimal mandi ke klo mau pidato
gw aja yg tukang gorengan glowing ko😃",1,2025-10-14 13:12:35+00:00,"bahlil minimal mandi ke klo mau pidato
gw aja yg tukang gorengan glowing ko",bahlil minimal mandi ke kalau mau pidato saya aja yang tukang gorengan glowing ko,,0.9673675298690796,0
1725,keknya mau ada demo lagi nih,1,2025-10-14 13:07:20+00:00,keknya mau ada demo lagi nih,keknya mau ada demo lagi nih,0.0,0.7669848203659058,0
1726,ngomong apa sih lil?,1,2025-10-14 13:03:13+00:00,ngomong apa sih lil?,ngomong apa ya lil?,0.0,0.6875519156455994,0
1727,iya loh etanol gak bagus buat motor 2 stroke,1,2025-10-14 13:01:34+00:00,iya loh etanol gak bagus buat motor 2 stroke,ya loh etanol tidak bagus buat motor 2 stroke,0.0,0.9990811347961426,0
1730,"Kronologi gini guys jadi gini mas menurut saya, ini menurut saya lho
Gak tau kalo menurut orang lain karena orng lain tidak sama dengan saya. Jadi ini menurut saya aja, bukan menurut orang lain, karena ini asli dari pemikiran saya aja ya, Jadi pemikiran saya tidak sama dengan pemikiran orang lain. Kalo pemikiran saya sama dengan orang lain berarti orang lain berfikir sama dengan saya ya kan. Jadi ya gitu lah bahwa fikiran saya tidak sama dengan orng lain, apa yang orang lain pikirkan belum tentu sama dengan saya
Jangan di samakan ya, saya berfikir begini belum tentu sama dengan orang lain
Ya iyalah ini kan menurut saya bukan menurut orang lain. Harus di garis bawahi bahwa ini cuma pemikiran saya sendiri
Karena menurut saya tidak ada yang perlu saya sampaikan, jadi menurut saya, saya akhiri pembahasan ini.
Itu aja si",1,2025-10-14 12:39:12+00:00,"kronologi gini guys jadi gini mas menurut saya  ini menurut saya lho
gak tau kalo menurut orang lain karena orng lain tidak sama dengan saya. jadi ini menurut saya aja  bukan menurut orang lain  karena ini asli dari pemikiran saya aja ya  jadi pemikiran saya tidak sama dengan pemikiran orang lain. kalo pemikiran saya sama dengan orang lain berarti orang lain berfikir sama dengan saya ya kan. jadi ya gitu lah bahwa fikiran saya tidak sama dengan orng lain  apa yang orang lain pikirkan belum tentu sama dengan saya
jangan di samakan ya  saya berfikir begini belum tentu sama dengan orang lain
ya iyalah ini kan menurut saya bukan menurut orang lain. harus di garis bawahi bahwa ini cuma pemikiran saya sendiri
karena menurut saya tidak ada yang perlu saya sampaikan  jadi menurut saya  saya akhiri pembahasan ini.
itu aja si",kronologi gini guys jadi gini kakak menurut saya ini menurut saya lho tidak tau kalau menurut orang lain karena orng lain tidak sama dengan saya. jadi ini menurut saya aja bukan menurut orang lain karena ini asli dari pemikiran saya aja ya jadi pemikiran saya tidak sama dengan pemikiran orang lain. kalau pemikiran saya sama dengan orang lain berarti orang lain berfikir sama dengan saya ya kan. jadi ya gitu lah bahwa fikiran saya tidak sama dengan orng lain apa yang orang lain pikirkan belum tentu sama dengan saya jangan di samakan ya saya berfikir begini belum tentu sama dengan orang lain ya iyalah ini kan menurut saya bukan menurut orang lain. harus di garis bawahi bahwa ini cuma pemikiran saya sendiri karena menurut saya tidak ada yang perlu saya sampaikan jadi menurut saya saya akhiri pembahasan ini. itu aja si,0.0,0.9974713325500488,0
1731,lebih baik mahal daripada kendaraan rusak keknya kt di paksa buat beli kendaraan baru yg udah bisa menggunakan bahan bakar mix etanol,1,2025-10-14 12:26:33+00:00,lebih baik mahal daripada kendaraan rusak keknya kt di paksa buat beli kendaraan baru yg udah bisa menggunakan bahan bakar mix etanol,lebih baik mahal daripada kendaraan rusak keknya kt di paksa buat beli kendaraan baru yang sudah bisa menggunakan bahan bakar mix etanol,0.0,0.9970408082008362,0
1732,yang gk bagus kepemimpinan sma pemikiran anda bahlill😎,1,2025-10-14 12:21:35+00:00,yang gk bagus kepemimpinan sma pemikiran anda bahlill,yang tidak bagus kepemimpinan sma pemikiran anda bahlill,0.0,0.9993340373039246,0
1733,bukan gitu tapi kalo negara lain mobilnya sudah di buat untuk bensin ethanol kalo negara kita kasihan kepada yang mobil nya tua atau kalo bisa di,1,2025-10-14 12:13:11+00:00,bukan gitu tapi kalo negara lain mobilnya sudah di buat untuk bensin ethanol kalo negara kita kasihan kepada yang mobil nya tua atau kalo bisa di,bukan gitu tapi kalau negara lain mobilnya sudah di buat untuk bensin ethanol kalau negara kita kasihan kepada yang mobil nya tua atau kalau bisa di,0.0,0.9993107318878174,0
1734,mikrisik,1,2025-10-14 12:08:10+00:00,mikrisik,mikrisik,1.0,0.9867874383926392,1
1736,bapak motor kita 2 tak bapak rugi dong kita😭😭,1,2025-10-14 11:49:41+00:00,bapak motor kita 2 tak bapak rugi dong kita😭😭,bapak motor kita 2 tak bapak rugi dong kita😭😭,0.0,0.6606958508491516,0
1737,"terus terang aja lil, bilang aja kalo emang lu tuh mau rakyat kita pake motor dan mobil listrik wkwk",1,2025-10-14 11:28:10+00:00,terus terang aja lil  bilang aja kalo emang lu tuh mau rakyat kita pake motor dan mobil listrik wkwk,terus terang aja lil bilang aja kalau emang kamu tuh mau rakyat kita pake motor dan mobil listrik tertawa,0.0,0.9944877028465271,0
1738,Makin jadi ni org,1,2025-10-14 10:57:03+00:00,makin jadi ni org,makin jadi ni org,0.0,0.9966626763343811,0
1739,bahlil fomo ngikut ngikut negara lain,1,2025-10-14 10:52:06+00:00,bahlil fomo ngikut ngikut negara lain,bahlil takut ketinggalan ngikut ngikut negara lain,0.0,0.9983755350112915,0
1740,orang gila berkedok pemerintah ini mah😹,1,2025-10-14 10:27:50+00:00,orang gila berkedok pemerintah ini mah😹,orang gila berkedok pemerintah ini mah😹,0.0,0.9995012283325195,0
1741,Tak gowo nitro wehhh masuk pora juu@No_Name1111,1,2025-10-14 10:21:04+00:00,tak gowo nitro wehh masuk pora juu no_name11,tak gowo nitro wehh masuk pora juu no_name11,,0.9760850667953491,0
1742,dia ga mikir kalau indo dulu nyiptain 2 tak dasar goublok,1,2025-10-14 09:59:24+00:00,dia ga mikir kalau indo dulu nyiptain 2 tak dasar goublok,dia tidak mikir kalau indo dulu nyiptain 2 tak dasar goublok,0.0,0.9991139769554138,0
1743,mungkin nilainya sama kek punya sahroni🗿,1,2025-10-14 09:52:49+00:00,mungkin nilainya sama kek punya sahroni🗿,mungkin nilainya sama kek punya sahroni🗿,0.0,0.8649429082870483,0
1744,makanya coba dulu di motor mobil Luh kalo gk karat baru,1,2025-10-14 09:38:35+00:00,makanya coba dulu di motor mobil luh kalo gk karat baru,makanya coba dulu di motor mobil luh kalau tidak karat baru,,0.9879853129386902,0
1745,gk bagus kalo kebensin jadi karat kalo ngerap air,1,2025-10-14 09:38:10+00:00,gk bagus kalo kebensin jadi karat kalo ngerap air,tidak bagus kalau kebensin jadi karat kalau ngerap air,0.0,0.9974151849746704,0
1746,negara Indonesia sudah hancur,1,2025-10-14 09:20:55+00:00,negara indonesia sudah hancur,negara indonesia sudah hancur,0.0,0.9993755221366882,0
1747,apa ini. menteri kayak gini pantes saja Indonesia mundur terusss,1,2025-10-14 09:06:42+00:00,apa ini. menteri kayak gini pantes saja indonesia mundur teruss,apa ini. menteri kayak gini pantes saja indonesia mundur teruss,0.0,0.9994620680809021,0
1748,hadeh goblin²....😹😹😹,1,2025-10-14 08:55:54+00:00,hadeh goblin ..😹😹,hadeh goblin ..😹😹,0.0,0.9945835471153259,0
1749,"woi bahlil, jangan bahlul bahlul bat ngapa",1,2025-10-14 08:53:32+00:00,woi bahlil  jangan bahlul bahlul bat ngapa,woi bahlil jangan bahlul bahlul bat ngapa,0.0,0.9984523057937622,0
1750,negara mana yg pakai etanol?,1,2025-10-14 08:42:57+00:00,negara mana yg pakai etanol?,negara mana yang pakai etanol?,0.0,0.9896523356437683,0
1753,surat terbuka untuk bengkel motor dan mobil jika motor atau mobil bahlil rusak karna etanol yang dia buat jangan didengerin ya pak mas biar masyarakat senang,1,2025-10-19 13:25:42+00:00,surat terbuka untuk bengkel motor dan mobil jika motor atau mobil bahlil rusak karna etanol yang dia buat jangan didengerin ya pak mas biar masyarakat senang,surat terbuka untuk bengkel motor dan mobil jika motor atau mobil bahlil rusak karna etanol yang dia buat jangan didengerin ya pak kakak biar masyarakat senang,0.0,0.690096914768219,0
1754,saran teks,1,2025-10-19 12:39:59+00:00,saran teks,saran teks,1.0,0.9965512752532959,1
1755,Ya begini akibatnya kalo bukan pakarnya kok dijadikan mentri,1,2025-10-14 21:58:18+00:00,ya begini akibatnya kalo bukan pakarnya kok dijadikan mentri,ya begini akibatnya kalau bukan pakarnya kok dijadikan mentri,0.0,0.9993273019790649,0
1756,kapan prabowo orang ini diganti termul mana pernah ada yg beres,1,2025-10-14 21:47:36+00:00,kapan prabowo orang ini diganti termul mana pernah ada yg beres,kapan prabowo orang ini diganti termul mana pernah ada yang beres,0.0,0.9972092509269714,0
1757,makin gak punjah otak niii pemerintah,1,2025-10-14 18:50:09+00:00,makin gak punjah otak nii pemerintah,makin tidak punjah otak nii pemerintah,0.0,0.9992890357971191,0
1758,kami penguna 2 tak tidak setuju dengen campuran etanol,1,2025-10-14 18:16:10+00:00,kami penguna 2 tak tidak setuju dengen campuran etanol,kami penguna 2 tak tidak setuju dengen campuran etanol,0.0,0.9956274032592773,0
1760,Kere kere ancen kok,1,2025-10-14 16:42:32+00:00,kere kere ancen kok,kere kere ancen kok,0.0,0.9397999048233032,0
1761,Indonesian apa sudah tidak ada SDM yg ada sekolah??🤣🤣,1,2025-10-14 16:31:38+00:00,indonesian apa sudah tidak ada sdm yg ada sekolah??🤣🤣,indonesian apa sudah tidak ada sdm yang ada sekolah??🤣🤣,0.0,0.9373736381530762,0
1762,makin gada otak aje,1,2025-10-14 16:16:46+00:00,makin gada otak aje,makin gada otak aje,0.0,0.997876763343811,0
1763,jangannn pakkk soalnya kita motor 2tak😭,1,2025-10-14 15:48:14+00:00,jangann pakk soalnya kita motor 2tak😭,jangann pakk soalnya kita motor 2tak😭,0.0,0.7300745248794556,0
1764,demo besar besaran,1,2025-10-14 15:33:31+00:00,demo besar besaran,demo besar besaran,0.0,0.9938921928405762,0
1765,"pertanyaan saya, kenapa dia masih ada di pemerintahan sampai saat ini",1,2025-10-14 15:28:39+00:00,pertanyaan saya  kenapa dia masih ada di pemerintahan sampai saat ini,pertanyaan saya kenapa dia masih ada di pemerintahan sampai saat ini,0.0,0.9985793828964233,0
1766,kayaknya dia kalo sudah di campur etanol dia langsung bikin bengkel😁,1,2025-10-14 14:29:35+00:00,kayaknya dia kalo sudah di campur etanol dia langsung bikin bengkel😁,kayaknya dia kalau sudah di campur etanol dia langsung bikin bengkel😁,1.0,0.7979707717895508,1
1767,#tolaketanol,1,2025-10-14 14:05:19+00:00,#tolaketanol,#tolaketanol,0.0,0.998313307762146,0
1768,"jlk kon ngantem po , nyusahkan masyarakat",1,2025-10-14 13:58:57+00:00,jlk kon ngantem po   nyusahkan masyarakat,jlk kon ngantem po nyusahkan masyarakat,0.0,0.9991864562034607,0
1769,hadeh. mentri ini lagi.,1,2025-10-14 13:47:18+00:00,hadeh. mentri ini lagi.,hadeh. mentri ini lagi.,0.0,0.9992069602012634,0
1770,Dajjal pun sungkeman 😹😹🗿,1,2025-10-14 12:46:55+00:00,dajjal pun sungkeman 😹😹🗿,dajjal pun sungkeman 😹😹🗿,,0.8951305150985718,0
1771,ini kah yang di namakan bijak?,1,2025-10-14 12:21:42+00:00,ini kah yang di namakan bijak?,ini kah yang di namakan bijak?,0.0,0.991722047328949,0
1772,"lama"" ku lihat indonesia ini pada kocak""",1,2025-10-14 12:03:11+00:00,lama  ku lihat indonesia ini pada kocak,lama ku lihat indonesia ini pada kocak,0.0,0.8922731876373291,0
1773,kepencet 😹,1,2025-10-14 12:02:37+00:00,kepencet 😹,kepencet 😹,0.0,0.9991497993469238,0
1774,"paraahh, semuaa di ubaahh",1,2025-10-14 11:55:48+00:00,paraahh  semuaa di ubaahh,paraahh semuaa di ubaahh,1.0,0.8379906415939331,1
1775,Kok bisa bodoh gini 🔥,1,2025-10-14 11:43:50+00:00,kok bisa bodoh gini 🔥,kok bisa bodoh gini 🔥,0.0,0.9992592930793762,0
1777,apa bedanya bahlil dan bahlul 😭😭😭,1,2025-10-14 11:40:27+00:00,apa bedanya bahlil dan bahlul 😭😭,apa bedanya bahlil dan bahlul 😭😭,0.0,0.9837070107460022,0
1778,apa hubungannya etanol sama impor bahlul,1,2025-10-14 11:39:30+00:00,apa hubungannya etanol sama impor bahlul,apa hubungannya etanol sama impor bahlul,0.0,0.9790720343589783,0
1779,negara besar contohnyo amerika aja udah pake etanol,1,2025-10-14 11:23:27+00:00,negara besar contohnyo amerika aja udah pake etanol,negara besar contohnyo amerika aja sudah pake etanol,0.0,0.8217419385910034,0
1780,onda ku 2tak auto dadi pajangan kabehh,1,2025-10-14 11:17:02+00:00,onda ku 2tak auto dadi pajangan kabehh,onda ku 2tak auto dadi pajangan kabehh,,0.997122585773468,0
1781,pengguna motor 2 tak 🙂,1,2025-10-14 11:11:51+00:00,pengguna motor 2 tak,pengguna motor 2 tak,,0.9947486519813538,0
1782,tujuan nyaa apa? tujuan nya agar masyarakat membeli motor listrik atau mobil listrik 😹😹,1,2025-10-14 11:07:13+00:00,tujuan nyaa apa? tujuan nya agar masyarakat membeli motor listrik atau mobil listrik 😹😹,tujuan nyaa apa? tujuan nya agar masyarakat membeli motor listrik atau mobil listrik 😹😹,,0.8683949112892151,0
1783,tinggal demo terus suruh turun jabatan,1,2025-10-14 10:39:21+00:00,tinggal demo terus suruh turun jabatan,tinggal demo terus suruh turun jabatan,0.0,0.9967494010925293,0
1784,Biar korupsinya banyak,1,2025-10-15 09:43:02+00:00,biar korupsinya banyak,biar korupsinya banyak,0.0,0.9993429780006409,0
1785,Guwe gak setuju,1,2025-10-15 09:17:35+00:00,guwe gak setuju,guwe tidak setuju,0.0,0.9989044666290283,0
1786,gua dukung lo bg,1,2025-10-15 09:02:10+00:00,gua dukung lo bg,gua dukung kamu bg,1.0,0.9970312118530273,1
1787,turunkan bahlil,1,2025-10-15 08:49:41+00:00,turunkan bahlil,turunkan bahlil,0.0,0.7785115838050842,0
1788,org kaya gini bisa jadi mentri sih... 😂,1,2025-10-14 07:19:01+00:00,org kaya gini bisa jadi mentri sih.. 😂,org kaya gini bisa jadi mentri sih.. 😂,0.0,0.9810412526130676,0
1789,udah yappingnya?,1,2025-10-14 07:18:51+00:00,udah yappingnya?,sudah yappingnya?,0.0,0.9924192428588867,0
1790,Bin atang🗿,1,2025-10-14 06:49:18+00:00,bin atang🗿,bin atang🗿,1.0,0.9182007908821106,1
1791,Emang bahlul ni mafia 🗿,1,2025-10-14 06:37:08+00:00,emang bahlul ni mafia 🗿,emang bahlul ni mafia 🗿,0.0,0.9985693693161011,0
1792,blin goblin ngueyel,1,2025-10-14 06:35:14+00:00,blin goblin ngueyel,blin goblin ngueyel,0.0,0.9976218342781067,0
1793,mirip,1,2025-10-14 06:05:23+00:00,mirip,mirip,1.0,0.9535885453224182,1
1794,kenapa keterima jadi menteri sihh,1,2025-10-14 05:01:35+00:00,kenapa keterima jadi menteri sihh,kenapa keterima jadi menteri sihh,0.0,0.9921485185623169,0
1795,kebanyakan etanol wajah nya Bahlil sampe karatan 😹😹,1,2025-10-14 04:51:07+00:00,kebanyakan etanol wajah nya bahlil sampe karatan 😹😹,kebanyakan etanol wajah nya bahlil sampe karatan 😹😹,0.0,0.9984161853790283,0
1796,Menteri Titipan,1,2025-10-14 04:49:51+00:00,menteri titipan,menteri titipan,,0.9611607193946838,0
1797,kayaknya udah terlanjur beli pertalite oplosan dengan harga original..... makanya di paksakan....... Tolong di cek dulu nilai impor minyaknya,1,2025-10-14 04:44:29+00:00,kayaknya udah terlanjur beli pertalite oplosan dengan harga original.. makanya di paksakan.. tolong di cek dulu nilai impor minyaknya,kayaknya sudah terlanjur beli pertalite oplosan dengan harga original.. makanya di paksakan.. tolong di cek dulu nilai impor minyaknya,0.0,0.9583473801612854,0
1798,Muka nya bahlil mirip bener sama axelord di Cars 2,1,2025-10-14 04:21:41+00:00,muka nya bahlil mirip bener sama axelord di cars 2,muka nya bahlil mirip benar sama axelord di cars 2,,0.7547416687011719,0
1799,otakmu yg tidak bagus,1,2025-10-14 03:13:27+00:00,otakmu yg tidak bagus,otakmu yang tidak bagus,0.0,0.9994210004806519,0
1800,wooiii buka topeng dulu kalo mau ngomong w🤭🤣🤣🤣,1,2025-10-14 02:57:28+00:00,wooii buka topeng dulu kalo mau ngomong w🤭🤣🤣,wooii buka topeng dulu kalau mau ngomong w🤭🤣🤣,,0.9914997220039368,0
1802,bahlil B nya apa?,1,2025-10-14 01:51:16+00:00,bahlil b nya apa?,bahlil b nya apa?,0.0,0.9922879934310913,0
1803,jadi si gojo ini sangat meresah kan ya ges,1,2025-10-14 00:10:27+00:00,jadi si gojo ini sangat meresah kan ya ges,jadi si gojo ini sangat meresah kan ya ges,1.0,0.931678831577301,1
1804,bahlul bahlul,1,2025-10-13 23:22:29+00:00,bahlul bahlul,bahlul bahlul,0.0,0.9972022771835327,0
1805,reaksi gw melihat ini,1,2025-10-13 22:24:48+00:00,reaksi gw melihat ini,reaksi saya melihat ini,,0.8105378746986389,0
1806,cerdas pak,1,2025-10-13 17:19:28+00:00,cerdas pak,cerdas pak,1.0,0.9991685152053833,1
1807,aura korupnya kuat banget,1,2025-10-13 15:25:39+00:00,aura korupnya kuat banget,aura korupnya kuat banget,0.0,0.9976243376731873,0
1808,gak pernah seniat ini mau ngomong ANJ,1,2025-10-13 15:17:07+00:00,gak pernah seniat ini mau ngomong anj,tidak pernah seniat ini mau ngomong anjing,0.0,0.9992018342018127,0
1809,"bapak kau lahh, mobil ku Terios baru umur 6 bulan udah berkarat tangki nya, karat itu karna air wakkk",1,2025-10-13 14:51:01+00:00,bapak kau lahh  mobil ku terios baru umur 6 bulan udah berkarat tangki nya  karat itu karna air wakk,bapak kau lahh mobil ku terios baru umur 6 bulan sudah berkarat tangki nya karat itu karna air wakk,0.0,0.9932530522346497,0
1810,"logika nya, kalau bagus, SPBU swasta pasti bakalan ambil,.",1,2025-10-13 14:25:55+00:00,logika nya  kalau bagus  spbu swasta pasti bakalan ambil .,logika nya kalau bagus spbu swasta pasti bakalan ambil .,1.0,0.9825006127357483,1
1811,tai mau tai?,1,2025-10-13 14:22:07+00:00,tai mau tai?,tai mau tai?,0.0,0.9941907525062561,0
1812,siapa sih yang bawa mantan tentara uganda dibawa kemari,1,2025-10-13 14:19:14+00:00,siapa sih yang bawa mantan tentara uganda dibawa kemari,siapa ya yang bawa mantan tentara uganda dibawa kemari,0.0,0.9491197466850281,0
1813,Ko dia bisa hidup di indo🗿,1,2025-10-14 10:32:48+00:00,ko dia bisa hidup di indo🗿,ko dia bisa hidup di indo🗿,,0.9769877195358276,0
1814,"bahaya ini orang,motong2 video penggiring opini selalu menyalahkan yang tidak seharus nya salah😏penting nya lihat full video",1,2025-10-14 10:28:07+00:00,bahaya ini orang motong2 video penggiring opini selalu menyalahkan yang tidak seharus nya salah😏penting nya lihat full video,bahaya ini orang motong2 video penggiring opini selalu menyalahkan yang tidak seharus nya salah😏penting nya lihat full video,0.0,0.9992057681083679,0
1815,sy klo liat org ini gimana gt,1,2025-10-14 09:57:17+00:00,sy klo liat org ini gimana gt,sy kalau liat org ini gimana gt,0.0,0.998891294002533,0
1816,saya gak setuju,1,2025-10-14 09:55:54+00:00,saya gak setuju,saya tidak setuju,0.0,0.9980886578559875,0
1817,"mending tuku impor dari pada tuku ne spbu, eman mesin wes di up di campuri etanol motor yo dadi pajangan omah, yo rapayu nek motor do dol ne indo nek bensin di campuri etanol",1,2025-10-14 09:52:30+00:00,mending tuku impor dari pada tuku ne spbu  eman mesin wes di up di campuri etanol motor yo dadi pajangan omah  yo rapayu nek motor do dol ne indo nek bensin di campuri etanol,mending tuku impor dari pada tuku ne spbu eman mesin wes di up di campuri etanol motor yo dadi pajangan omah yo rapayu nek motor do dol ne indo nek bensin di campuri etanol,,0.9967111349105835,0
1818,otww demo meneh kyyy,1,2025-10-14 09:55:06+00:00,otww demo meneh kyy,otww demo meneh kyy,0.0,0.9990952014923096,0
1819,keinget elinol di film the cars,1,2025-10-14 09:48:35+00:00,keinget elinol di film the cars,keinget elinol di film the cars,0.0,0.9037359356880188,0
1820,Mentri otak sampah tetap dipertahankan,1,2025-10-14 09:34:33+00:00,mentri otak sampah tetap dipertahankan,mentri otak sampah tetap dipertahankan,0.0,0.9995155334472656,0
1822,demo lagi kita,1,2025-10-14 09:11:02+00:00,demo lagi kita,demo lagi kita,0.0,0.9993345141410828,0
1823,"bahlil ❌
bahlul ✔",1,2025-10-14 09:04:28+00:00,"bahlil ❌
bahlul",bahlil ❌ bahlul,0.0,0.8450007438659668,0
1824,bahlil b nya apa?bahlull,1,2025-10-14 08:47:55+00:00,bahlil b nya apa?bahlull,bahlil b nya apa?bahlull,0.0,0.9949356317520142,0
1826,mentri koq kayak gini🤣🤣,1,2025-10-14 08:38:40+00:00,mentri koq kayak gini🤣🤣,mentri koq kayak gini🤣🤣,0.0,0.9989978671073914,0
1827,"klo gak mau impor banyak.
kelola sendiri.
kita kaya dengan minyak bumi dan sawit. 😡",1,2025-10-14 08:29:03+00:00,"klo gak mau impor banyak.
kelola sendiri.
kita kaya dengan minyak bumi dan sawit. 😡",kalau tidak mau impor banyak. kelola sendiri. kita kaya dengan minyak bumi dan sawit. 😡,0.0,0.9172098636627197,0
1828,bahlil tamatan SD dih🗿,1,2025-10-14 08:17:53+00:00,bahlil tamatan sd dih🗿,bahlil tamatan sd dih🗿,,0.9826968908309937,0
1831,pemerintah lagi rewel,1,2025-10-14 07:55:50+00:00,pemerintah lagi rewel,pemerintah lagi rewel,0.0,0.9991124272346497,0
1832,merdeka pasti nih para bengkel🤣🤣,1,2025-10-14 07:50:14+00:00,merdeka pasti nih para bengkel🤣🤣,merdeka pasti nih para bengkel🤣🤣,1.0,0.9302339553833008,1
1833,@`lexxa`🍒 😂😆🤣,1,2025-10-14 06:56:03+00:00,lexxa   😂😆🤣,lexxa 😂😆🤣,1.0,0.9979934692382812,1
1834,Hadeuh bahlill,1,2025-10-14 06:12:09+00:00,hadeuh bahlill,hadeuh bahlill,0.0,0.9066846966743469,0
1835,admin sudah datang,1,2025-10-14 05:53:10+00:00,admin sudah datang,admin sudah datang,0.0,0.9933451414108276,0
1836,itu otak nya suka makan mincin bg,1,2025-10-14 05:30:29+00:00,itu otak nya suka makan mincin bg,itu otak nya suka makan mincin bg,1.0,0.6952771544456482,1
1837,kok kaya profesor di film Cars ya,2,2025-10-09 03:14:16+00:00,kok kaya profesor di film cars ya,kok kaya profesor di film cars ya,0.0,0.9989768266677856,0
1838,matamu Lil sepedaku rusak lil,2,2025-10-28 11:47:34+00:00,matamu lil sepedaku rusak lil,matamu lil sepedaku rusak lil,0.0,0.9994173049926758,0
1839,@gerindra,1,2025-10-14 05:07:26+00:00,gerindra,gerindra,,0.9665703773498535,0
1840,bahlul paok,1,2025-10-14 04:54:15+00:00,bahlul paok,bahlul paok,0.0,0.9979617595672607,0
1841,mungkin BAHLIL ijasahnya SMP,1,2025-10-14 04:00:32+00:00,mungkin bahlil ijasahnya smp,mungkin bahlil ijasahnya smp,,0.9052707552909851,0
1842,gram x nengok muka bahil🗿,1,2025-10-14 03:38:07+00:00,gram x nengok muka bahil🗿,gram x nengok muka bahil🗿,0.0,0.9295048117637634,0
1843,mentri yang bener cuma pa purbaya,1,2025-10-14 03:37:51+00:00,mentri yang bener cuma pa purbaya,mentri yang benar cuma pa purbaya,,0.9078248143196106,0
1844,bahlil bilang gini ijin presiden kagak,1,2025-10-14 03:25:19+00:00,bahlil bilang gini ijin presiden kagak,bahlil bilang gini ijin presiden kagak,0.0,0.9924232959747314,0
1845,biar banyak x lebihan nya,1,2025-10-14 03:13:29+00:00,biar banyak x lebihan nya,biar banyak x lebihan nya,1.0,0.7054200172424316,1
1846,harga ttep mahal mesin jdi rusak,1,2025-10-14 03:11:31+00:00,harga ttep mahal mesin jdi rusak,harga ttep mahal mesin jdi rusak,0.0,0.9977320432662964,0
1847,bahlil ini jurusannya apa ya,1,2025-10-14 02:41:42+00:00,bahlil ini jurusannya apa ya,bahlil ini jurusannya apa ya,,0.9674368500709534,0
1848,ga ada yang demo?,1,2025-10-14 02:19:31+00:00,ga ada yang demo?,tidak ada yang demo?,0.0,0.6560162305831909,0
1849,itu cara haluss pemerintah supaya lu² pade pake molis bosss😂🤣🤣🤣🤣,1,2025-10-14 02:16:52+00:00,itu cara haluss pemerintah supaya lu  pade pake molis boss😂🤣🤣,itu cara haluss pemerintah supaya kamu pade pake molis boss😂🤣🤣,0.0,0.9964388608932495,0
1851,Hidup babi 🐷,1,2025-10-14 01:52:36+00:00,hidup babi,hidup babi,0.0,0.9982240796089172,0
1852,Wajar lah gaes Bahlil kan dari prindavan,1,2025-10-14 01:24:43+00:00,wajar lah gaes bahlil kan dari prindavan,wajar lah gaes bahlil kan dari prindavan,,0.8447831273078918,0
1853,ih goblok bgd si pemerintah,1,2025-10-14 01:24:13+00:00,ih goblok bgd si pemerintah,ih goblok bgd si pemerintah,0.0,0.9981449842453003,0
1854,"Cocote Angger Njeplak ae @𝓞𝓰𝓪𝓲𝓷 @brewokxxz @syadat_al @Maz INAL @😈 @salehoo @Mhmmdsbky @well 
bener jenenge BAHLUL",1,2025-10-14 00:54:21+00:00,"cocote angger njeplak ae  𝓞𝓰𝓪𝓲𝓷  brewokxxz  syadat_al  maz inal     salehoo  mhmmdsbky  well 
bener jenenge bahlul",cocote angger njeplak ae 𝓞𝓰𝓪𝓲𝓷 brewokxxz syadat_al maz inal salehoo mhmmdsbky well benar jenenge bahlul,1.0,0.9965372085571289,1
1855,muke lu bisa jadi ramah lingkungan kalo lu ga jadi Mentri..,1,2025-10-14 00:51:45+00:00,muke lu bisa jadi ramah lingkungan kalo lu ga jadi mentri..,muke kamu bisa jadi ramah lingkungan kalau kamu tidak jadi mentri..,0.0,0.8850889205932617,0
1856,bahlul😫,1,2025-10-14 00:38:37+00:00,bahlul,bahlul,0.0,0.9898656010627747,0
1857,"teryata kita masih di jajah oleh pemerintah sendiri😭😭😭,",1,2025-10-14 00:32:44+00:00,teryata kita masih di jajah oleh pemerintah sendiri😭😭,teryata kita masih di jajah oleh pemerintah sendiri😭😭,0.0,0.997829258441925,0
1858,bahlul kenapa sih g d pecat2 dr dulu kacau semua ini,1,2025-10-14 00:21:18+00:00,bahlul kenapa sih g d pecat2 dr dulu kacau semua ini,bahlul kenapa ya g d pecat2 dari dulu kacau semua ini,0.0,0.9993714690208435,0
1859,EMANG GADA LAGI DI INDONESIA INI ORANG YANG PENTER PADA SIBAHLUL INI ❓❓❓,1,2025-10-13 23:40:01+00:00,emang gada lagi di indonesia ini orang yang penter pada sibahlul ini,emang gada lagi di indonesia ini orang yang penter pada sibahlul ini,0.0,0.9991152882575989,0
1860,bahlul bahlul,1,2025-10-13 23:39:58+00:00,bahlul bahlul,bahlul bahlul,0.0,0.9972022771835327,0
1861,kaya gini ni yg disebut Mafia minyak,1,2025-10-13 22:59:33+00:00,kaya gini ni yg disebut mafia minyak,kaya gini ni yang disebut mafia minyak,0.0,0.9925668239593506,0
1862,bahlil waktu dewasa,1,2025-10-13 22:46:09+00:00,bahlil waktu dewasa,bahlil waktu dewasa,,0.9899806380271912,0
1863,inilah pertamax isi bensin dari negara konoha👀,1,2025-10-13 22:40:08+00:00,inilah pertamax isi bensin dari negara konoha,inilah pertamax isi bensin dari negara konoha,,0.8961198925971985,0
1864,tu orang mikir nya kemana sih😭,1,2025-10-13 22:34:49+00:00,tu orang mikir nya kemana sih😭,tu orang mikir nya kemana sih😭,0.0,0.9991119503974915,0
1865,bahlulll,1,2025-10-13 22:12:14+00:00,bahlull,bahlull,0.0,0.9921793937683105,0
1866,kiamat kendaraan,1,2025-10-15 08:29:23+00:00,kiamat kendaraan,kiamat kendaraan,0.0,0.9548425674438477,0
1867,kiamat kereta,1,2025-10-15 08:28:58+00:00,kiamat kereta,kiamat kereta,,0.9262891411781311,0
1868,mobil e wong e listrik wi paling motor e Yo listrik,1,2025-10-15 07:30:50+00:00,mobil e wong e listrik wi paling motor e yo listrik,mobil e wong e listrik wi paling motor e yo listrik,,0.998976469039917,0
1869,ini mah bukan lebih baik tapi lebih buruk,1,2025-10-15 07:09:04+00:00,ini mah bukan lebih baik tapi lebih buruk,ini mah bukan lebih baik tapi lebih buruk,0.0,0.9992699027061462,0
1871,kenapa gak mau buat yang etanol sama yang no etanol?,1,2025-10-15 05:55:14+00:00,kenapa gak mau buat yang etanol sama yang no etanol?,kenapa tidak mau buat yang etanol sama yang no etanol?,0.0,0.9979579448699951,0
1872,Bahlil b nya apa,1,2025-10-15 05:43:24+00:00,bahlil b nya apa,bahlil b nya apa,,0.844081461429596,0
1874,bayar pajak di campur 10% daun mangga,1,2025-10-15 05:28:13+00:00,bayar pajak di campur 10  daun mangga,bayar pajak di campur 10 daun mangga,,0.9978311657905579,0
1875,"jika urusan di serahkan kepada yang bukan ahlinya, maka tunggulah kehancurannya😹",1,2025-10-15 04:44:59+00:00,jika urusan di serahkan kepada yang bukan ahlinya  maka tunggulah kehancurannya😹,jika urusan di serahkan kepada yang bukan ahlinya maka tunggulah kehancurannya😹,0.0,0.9985413551330566,0
1876,santet bahlil,1,2025-10-15 04:42:38+00:00,santet bahlil,santet bahlil,0.0,0.9764991402626038,0
1877,hualah piye kiii nambah masalah aja,1,2025-10-15 04:35:40+00:00,hualah piye kii nambah masalah aja,hualah piye kii nambah masalah aja,0.0,0.9988646507263184,0
1879,kenapa kami rakyat kecil selalu di siksa 😭,1,2025-10-15 03:58:17+00:00,kenapa kami rakyat kecil selalu di siksa 😭,kenapa kami rakyat kecil selalu di siksa 😭,0.0,0.9992456436157227,0
1880,"Menurut laporan media, kediaman dinas Bahlil Lahadalia berada di Jalan Denpasar Raya Blok C No. 6, Kuningan, Jakarta Selatan.
Namun, untuk kediaman pribadinya, pernah disebutkan alamat di Jalan Duren Tiga Barat No. 10, Pancoran, Jakarta Selatan.",1,2025-10-15 03:49:10+00:00,"menurut laporan media  kediaman dinas bahlil lahadalia berada di jalan denpasar raya blok c no. 6  kuningan  jakarta selatan.
namun  untuk kediaman pribadinya  pernah disebutkan alamat di jalan duren tiga barat no. 10  pancoran  jakarta selatan.",menurut laporan media kediaman dinas bahlil lahadalia berada di jalan denpasar raya blok c no. 6 kuningan jakarta selatan. namun untuk kediaman pribadinya pernah disebutkan alamat di jalan duren tiga barat no. 10 pancoran jakarta selatan.,,0.9830112457275391,0
1881,"dikiranya bensin es campur ajaa, bahlil bahlil",1,2025-10-15 03:44:39+00:00,dikiranya bensin es campur ajaa  bahlil bahlil,dikiranya bensin es campur ajaa bahlil bahlil,,0.8871570825576782,0
1882,rakyat. udah Susah Semakin Susah Lagi Wahh Payahh🤦,1,2025-10-15 03:43:03+00:00,rakyat. udah susah semakin susah lagi wahh payahh,rakyat. sudah susah semakin susah lagi wahh payahh,0.0,0.9994379878044128,0
1883,Bahlul,1,2025-10-15 03:38:11+00:00,bahlul,bahlul,0.0,0.9898656010627747,0
1884,RX KING menangis melihat ini🤣,1,2025-10-15 03:06:58+00:00,rx king menangis melihat ini🤣,rx king menangis melihat ini🤣,0.0,0.9982726573944092,0
1885,presiden sama mentrinya bodoh semua,1,2025-10-15 02:40:22+00:00,presiden sama mentrinya bodoh semua,presiden sama mentrinya bodoh semua,0.0,0.9995566010475159,0
1886,Bahlil B nya apah,1,2025-10-15 02:21:14+00:00,bahlil b nya apah,bahlil b nya apah,0.0,0.9972906708717346,0
1887,gak habis² masalah di indo ini. abis di situ ada d sini. 🗿,1,2025-10-15 02:09:33+00:00,gak habis  masalah di indo ini. abis di situ ada d sini. 🗿,tidak habis masalah di indo ini. abis di situ ada d sini. 🗿,0.0,0.995273768901825,0
1888,bukan Bahlil klo gak bahlul🗿,1,2025-10-15 01:04:15+00:00,bukan bahlil klo gak bahlul🗿,bukan bahlil kalau tidak bahlul🗿,0.0,0.863008439540863,0
1889,bahlil b nya apa,1,2025-10-15 00:25:22+00:00,bahlil b nya apa,bahlil b nya apa,,0.844081461429596,0
1890,dah lah si Bahlil mulai merangkak😂,1,2025-10-14 23:05:41+00:00,dah lah si bahlil mulai merangkak😂,dah lah si bahlil mulai merangkak😂,,0.801559567451477,0
1891,Ini orang tuh komika bukan sih,1,2025-10-13 20:15:28+00:00,ini orang tuh komika bukan sih,ini orang tuh komika bukan ya,0.0,0.9951462149620056,0
1892,Negeri Parah Mafia.....,1,2025-10-13 16:02:52+00:00,negeri parah mafia..,negeri parah mafia..,0.0,0.9992596507072449,0
1893,dulu masih kecil nona,1,2025-10-13 15:42:21+00:00,dulu masih kecil nona,dulu masih kecil nona,0.0,0.9924561977386475,0
1894,bahlul,1,2025-10-13 15:39:19+00:00,bahlul,bahlul,0.0,0.9898656010627747,0
1895,bagaimana mana caranya kita menjual barang jadi dan menggunakan bahan yang kita proses sendiri ? itu aja.,1,2025-10-13 15:35:55+00:00,bagaimana mana caranya kita menjual barang jadi dan menggunakan bahan yang kita proses sendiri ? itu aja.,bagaimana mana caranya kita menjual barang jadi dan menggunakan bahan yang kita proses sendiri ? itu aja.,0.0,0.9944344162940979,0
1896,pola pikir bahlil 💸🤑,1,2025-10-13 15:32:01+00:00,pola pikir bahlil,pola pikir bahlil,0.0,0.683129608631134,0
1899,Tangkap Bahlil adili anis,1,2025-10-13 14:10:09+00:00,tangkap bahlil adili anis,tangkap bahlil adili anis,,0.9959638118743896,0
1900,berarti Bahlil ni pelakunya ngasih pendapat ide Pertamax campur pertalite 😅,1,2025-10-13 14:06:06+00:00,berarti bahlil ni pelakunya ngasih pendapat ide pertamax campur pertalite 😅,berarti bahlil ni pelakunya ngasih pendapat ide pertamax campur pertalite 😅,0.0,0.927505373954773,0
1903,serasa dipimpin hewan🗿,1,2025-10-13 13:32:35+00:00,serasa dipimpin hewan🗿,serasa dipimpin hewan🗿,,0.9337310194969177,0
1904,pengetahuanya kurang x bang ni mentri,1,2025-10-13 13:07:48+00:00,pengetahuanya kurang x bang ni mentri,pengetahuanya kurang x bang ni mentri,0.0,0.9962305426597595,0
1905,pecat Bahlil,1,2025-10-13 13:03:27+00:00,pecat bahlil,pecat bahlil,0.0,0.9985353946685791,0
1907,"Mentri esdm BAHLUL eh BAHLIL bikin solusi tp kok merugikan rakyat. Sekolah dulu pak, minimal cari tahu dulu sebelum bikin kebijakan.",1,2025-10-13 12:38:10+00:00,mentri esdm bahlul eh bahlil bikin solusi tp kok merugikan rakyat. sekolah dulu pak  minimal cari tahu dulu sebelum bikin kebijakan.,mentri esdm bahlul eh bahlil bikin solusi tapi kok merugikan rakyat. sekolah dulu pak minimal cari tahu dulu sebelum bikin kebijakan.,0.0,0.9991208910942078,0
1908,"Pak Presiden tolong segera pecat si Bahlil, sebelum rakyat marah🙏🙏",1,2025-10-24 03:37:09+00:00,pak presiden tolong segera pecat si bahlil  sebelum rakyat marah🙏🙏,pak presiden tolong segera pecat si bahlil sebelum rakyat marah🙏🙏,0.0,0.9865794777870178,0
1909,"bumi gonjang ganjing
Bahlil ke anj",1,2025-10-15 02:48:48+00:00,"bumi gonjang ganjing
bahlil ke anj",bumi gonjang ganjing bahlil ke anjing,0.0,0.9436532258987427,0
1910,tak setujuuuuu etanol keluarrrrr,1,2025-10-14 23:07:31+00:00,tak setujuu etanol keluarr,tak setujuu etanol keluarr,0.0,0.9965394735336304,0
1911,Demo lagi nihh,1,2025-10-14 17:57:44+00:00,demo lagi nihh,demo lagi nihh,0.0,0.9977377653121948,0
1912,termul rakus nipunegoro🔥,1,2025-10-14 17:25:13+00:00,termul rakus nipunegoro🔥,termul rakus nipunegoro🔥,0.0,0.8553240895271301,0
1913,"bahlil""""""""""",1,2025-10-14 14:23:04+00:00,bahlil,bahlil,1.0,0.895987331867218,1
1915,ngrusak mesin malahe,1,2025-10-13 09:40:59+00:00,ngrusak mesin malahe,ngrusak mesin malahe,0.0,0.9993118047714233,0
1917,Bahlil=hama,1,2025-10-13 08:35:16+00:00,bahlil hama,bahlil hama,0.0,0.9210519790649414,0
1918,"Bahlil ✖
Bahlul✅",1,2025-10-13 08:32:20+00:00,"bahlil  
bahlul✅",bahlil bahlul✅,0.0,0.9523017406463623,0
1919,bang kenapa yaa motorku vario 150 di isi pertalite brebet,1,2025-10-13 08:24:24+00:00,bang kenapa yaa motorku vario 150 di isi pertalite brebet,bang kenapa yaa motorku vario 150 di isi pertalite brebet,,0.9853551387786865,0
1920,pada ora mikir,1,2025-10-13 08:02:38+00:00,pada ora mikir,pada ora mikir,0.0,0.9901103377342224,0
1921,Hidup di negara yang pemerintahnya djall,1,2025-10-13 07:41:00+00:00,hidup di negara yang pemerintahnya djall,hidup di negara yang pemerintahnya djall,0.0,0.9991267323493958,0
1922,Bahlil menjadi bahlul,1,2025-10-13 06:30:16+00:00,bahlil menjadi bahlul,bahlil menjadi bahlul,0.0,0.9835706949234009,0
1923,BAHLUUL ENTA😁😁😁,1,2025-10-13 15:39:27+00:00,bahluul enta😁😁,bahluul enta😁😁,1.0,0.9957008957862854,1
1925,setelah dpr ayok part2 jarah rumah bahlil infokan 😭🤣,1,2025-10-13 05:57:18+00:00,setelah dpr ayok part2 jarah rumah bahlil infokan 😭🤣,setelah dpr ayok part2 jarah rumah bahlil infokan 😭🤣,,0.998856782913208,0
1926,Lil bahlil 😂😂😂.,1,2025-10-13 05:36:12+00:00,lil bahlil 😂😂.,lil bahlil 😂😂.,0.0,0.9511560797691345,0
1927,najis bngt gua sama muka bahlil,1,2025-10-13 05:31:05+00:00,najis bngt gua sama muka bahlil,najis bngt gua sama muka bahlil,0.0,0.9948909282684326,0
1928,bahlil=bahlul,1,2025-10-13 04:58:40+00:00,bahlil bahlul,bahlil bahlul,0.0,0.9772870540618896,0
1929,Pak prabowo pecat aja tu si bahlul dari pada ntr keburu di gulung masa..,1,2025-10-13 04:47:35+00:00,pak prabowo pecat aja tu si bahlul dari pada ntr keburu di gulung masa..,pak prabowo pecat aja tu si bahlul dari pada nanti keburu di gulung masa..,0.0,0.9991002082824707,0
1930,aku nengok muka dia ni tringat nuar bmx la,1,2025-10-13 04:35:32+00:00,aku nengok muka dia ni tringat nuar bmx la,saya nengok muka dia ni tringat nuar bmx la,,0.949012815952301,0
1931,Sebagai rakyat malaysia aku pun jammed bila menteri korang buat mcm ni dkt rakyat.Ni bkn menyenangkan rakyat menyusahkan rakyat adelah,1,2025-10-13 04:31:30+00:00,sebagai rakyat malaysia aku pun jammed bila menteri korang buat mcm ni dkt rakyat.ni bkn menyenangkan rakyat menyusahkan rakyat adelah,sebagai rakyat malaysia saya pun jammed bila menteri korang buat mcm ni dkt rakyat.ni bukan menyenangkan rakyat menyusahkan rakyat adelah,0.0,0.9993483424186707,0
1932,"ini kebijakan bahlil jngn salahkan pemerintah secara umum, cari sumber masalah",1,2025-10-13 04:30:13+00:00,ini kebijakan bahlil jngn salahkan pemerintah secara umum  cari sumber masalah,ini kebijakan bahlil jngn salahkan pemerintah secara umum cari sumber masalah,0.0,0.9048596620559692,0
1933,Bahlil = Bahlul = ?,1,2025-10-13 04:07:17+00:00,bahlil   bahlul   ?,bahlil bahlul ?,0.0,0.9973885416984558,0
1934,yakin 10 persen ?,1,2025-10-13 03:43:08+00:00,yakin 10 persen ?,yakin 10 persen ?,0.0,0.9427865147590637,0
1935,masyarakat dibuat tidak berdaya dan tidak dianggap oleh pemerintahnya sendiri. negara dijadikan lahan berbisnis bagi pemerintahnya untuk keuntungan pribadi dan keluarganya sendiri.,1,2025-10-13 03:15:05+00:00,masyarakat dibuat tidak berdaya dan tidak dianggap oleh pemerintahnya sendiri. negara dijadikan lahan berbisnis bagi pemerintahnya untuk keuntungan pribadi dan keluarganya sendiri.,masyarakat dibuat tidak berdaya dan tidak dianggap oleh pemerintahnya sendiri. negara dijadikan lahan berbisnis bagi pemerintahnya untuk keuntungan pribadi dan keluarganya sendiri.,0.0,0.9978947043418884,0
1936,Bpk presiden cepat ganti org ini takut rakyat ilang kesabaran atas kebijakan nya,1,2025-10-13 03:13:19+00:00,bpk presiden cepat ganti org ini takut rakyat ilang kesabaran atas kebijakan nya,bpk presiden cepat ganti org ini takut rakyat ilang kesabaran atas kebijakan nya,0.0,0.99928879737854,0
1937,"kendaraan pak bahlil aja yg pakai campuran etanol, kami masyarakat Ndak mau",1,2025-10-13 03:11:46+00:00,kendaraan pak bahlil aja yg pakai campuran etanol  kami masyarakat ndak mau,kendaraan pak bahlil aja yang pakai campuran etanol kami masyarakat ndak mau,0.0,0.9607923626899719,0
1938,itu digiring buat beli yang segala nya dengan listrik 😆😆😆,1,2025-10-13 03:13:24+00:00,itu digiring buat beli yang segala nya dengan listrik 😆😆,itu digiring buat beli yang segala nya dengan listrik 😆😆,0.0,0.9928130507469177,0
1939,gelap amat auranya😁😭,1,2025-10-13 02:48:59+00:00,gelap amat auranya😁😭,gelap amat auranya😁😭,1.0,0.9756220579147339,1
1940,orang tolol di kasih jabatan i,1,2025-10-13 02:46:47+00:00,orang tolol di kasih jabatan i,orang tolol di kasih jabatan i,0.0,0.9975677132606506,0
1941,karatan tank gua anj,1,2025-10-13 02:43:56+00:00,karatan tank gua anj,karatan tank gua anjing,,0.9541172981262207,0
1942,pecat aj bahlil itu,1,2025-10-13 02:44:31+00:00,pecat aj bahlil itu,pecat aj bahlil itu,0.0,0.9990449547767639,0
1943,"tau kan kenapa SDM kita rendah, menteri aja begitu 😭",1,2025-10-13 02:42:15+00:00,tau kan kenapa sdm kita rendah  menteri aja begitu 😭,tau kan kenapa sdm kita rendah menteri aja begitu 😭,0.0,0.9984362721443176,0
1944,dahlah malah Rungkat lagi ini mah turun mesin lagi kalo udh ethanol,1,2025-10-21 10:47:33+00:00,dahlah malah rungkat lagi ini mah turun mesin lagi kalo udh ethanol,dahlah malah rungkat lagi ini mah turun mesin lagi kalau sudah ethanol,0.0,0.9994896650314331,0
1945,inpo yantet Bahlil 🤭,1,2025-10-21 01:36:28+00:00,inpo yantet bahlil 🤭,inpo yantet bahlil 🤭,,0.9712231755256653,0
1946,yang setuju Bahlil di copot 👉,1,2025-10-13 02:17:50+00:00,yang setuju bahlil di copot,yang setuju bahlil di copot,,0.8809552192687988,0
1947,nasib mobil gua gimana,1,2025-10-13 02:17:54+00:00,nasib mobil gua gimana,nasib mobil gua gimana,0.0,0.8662163615226746,0
1948,sekelas mentri loh ini😭,1,2025-10-13 02:11:08+00:00,sekelas mentri loh ini😭,sekelas mentri loh ini😭,0.0,0.975521981716156,0
1949,Bahlil bahlul 😭,1,2025-10-13 01:59:12+00:00,bahlil bahlul 😭,bahlil bahlul 😭,0.0,0.9789303541183472,0
1950,ni mah mentri bodoh tau nya korupsi,1,2025-10-13 01:35:41+00:00,ni mah mentri bodoh tau nya korupsi,ni mah mentri bodoh tau nya korupsi,0.0,0.9994334578514099,0
1951,tidak layak jd menteri,1,2025-10-13 01:30:08+00:00,tidak layak jd menteri,tidak layak jd menteri,0.0,0.9985795021057129,0
1952,dahlah mending nebeng terbang ama kuyang 😭,1,2025-10-13 01:33:52+00:00,dahlah mending nebeng terbang ama kuyang 😭,dahlah mending nebeng terbang ama kuyang 😭,1.0,0.9970236420631409,1
1953,makdutnya 10 persen kita korupsi.keuntungan kita jual ke masyarakat,1,2025-10-13 01:16:41+00:00,makdutnya 10 persen kita korupsi.keuntungan kita jual ke masyarakat,makdutnya 10 persen kita korupsi.keuntungan kita jual ke masyarakat,0.0,0.998225748538971,0
1955,"kita lihat masa depan nanti,bakal banyak pake bgt,kendaraan yg ke bengkel dengan keluhan yang sama semua😂",1,2025-10-13 00:35:14+00:00,kita lihat masa depan nanti bakal banyak pake bgt kendaraan yg ke bengkel dengan keluhan yang sama semua😂,kita lihat masa depan nanti bakal banyak pake banget kendaraan yang ke bengkel dengan keluhan yang sama semua😂,0.0,0.9884644150733948,0
1956,hantam terus bang,1,2025-10-13 00:26:10+00:00,hantam terus bang,hantam terus bang,1.0,0.806966245174408,1
1957,kalo gamau impor banyak ya bikin kilang lah jir bukannya bakar kilang,1,2025-10-13 00:21:15+00:00,kalo gamau impor banyak ya bikin kilang lah jir bukannya bakar kilang,kalau gamau impor banyak ya bikin kilang lah jir bukannya bakar kilang,0.0,0.9458884596824646,0
1958,yg diomongin 10% kita ga tau aslinya jangan jngn lebih 10%🤣,1,2025-10-13 00:20:25+00:00,yg diomongin 10  kita ga tau aslinya jangan jngn lebih 10 🤣,yang diomongin 10 kita tidak tau aslinya jangan jngn lebih 10 🤣,0.0,0.9991896748542786,0
1959,Komentar anak Shin tae-Yong waktu itu. Tidak meleset😳,1,2025-10-13 00:16:24+00:00,komentar anak shin tae yong waktu itu. tidak meleset,komentar anak shin tae yong waktu itu. tidak meleset,0.0,0.9337859153747559,0
1960,Bahlil B nya apa?,1,2025-10-13 00:01:34+00:00,bahlil b nya apa?,bahlil b nya apa?,0.0,0.9922879934310913,0
1961,jadi inget sir miles axlerod nya cars 2 😂😂,1,2025-10-12 23:54:07+00:00,jadi inget sir miles axlerod nya cars 2 😂😂,jadi inget sir miles axlerod nya cars 2 😂😂,,0.6610986590385437,0
1962,etanol kita campur tujuannya adalah agar rakyat yang bekerja menggunakan kendaraan tidak akan pernah kaya krna kendaraan nya akan sering rusak,1,2025-10-12 23:40:30+00:00,etanol kita campur tujuannya adalah agar rakyat yang bekerja menggunakan kendaraan tidak akan pernah kaya krna kendaraan nya akan sering rusak,etanol kita campur tujuannya adalah agar rakyat yang bekerja menggunakan kendaraan tidak akan pernah kaya krna kendaraan nya akan sering rusak,0.0,0.994466245174408,0
1963,@partaigerindra tolong di ganti aja Bahlilnya😭😭,1,2025-10-12 15:10:50+00:00,partaigerindra tolong di ganti aja bahlilnya😭😭,partaigerindra tolong di ganti aja bahlilnya😭😭,,0.9983041286468506,0
1964,pecat Bahlil ini,1,2025-10-12 15:10:00+00:00,pecat bahlil ini,pecat bahlil ini,0.0,0.9992730021476746,0
1966,eneg bgt gw sumpah liat mk bahlil,1,2025-10-12 14:32:02+00:00,eneg bgt gw sumpah liat mk bahlil,eneg banget saya sumpah liat mk bahlil,0.0,0.9595450758934021,0
1967,"Pejabat model gini yang buat rakyat susah, heran saya koq bisa jadi menteri 😡😡😡",1,2025-10-12 14:29:39+00:00,pejabat model gini yang buat rakyat susah  heran saya koq bisa jadi menteri 😡😡,pejabat model gini yang buat rakyat susah heran saya koq bisa jadi menteri 😡😡,0.0,0.9985139966011047,0
1968,ьанlĭl köптоl,1,2025-10-12 13:03:30+00:00,ьанlĭl köптоl,ьанlĭl köптоl,1.0,0.8436996936798096,1
1969,"sudahlah pak menteri bensin jangan campur campur, kalau mobil kami rusak kami tidak bisa beli atau memperbaki.",1,2025-10-12 12:57:29+00:00,sudahlah pak menteri bensin jangan campur campur  kalau mobil kami rusak kami tidak bisa beli atau memperbaki.,sudahlah pak menteri bensin jangan campur campur kalau mobil kami rusak kami tidak bisa beli atau memperbaki.,0.0,0.9986754059791565,0
1970,YB hulu Langat.,1,2025-10-12 12:25:37+00:00,yb hulu langat.,yb hulu langat.,1.0,0.9228333830833435,1
1971,dasar bahlul eh bahlil,1,2025-10-12 12:10:39+00:00,dasar bahlul eh bahlil,dasar bahlul eh bahlil,0.0,0.9942538142204285,0
1972,pantas aja motor gua sering ngedet bahlil ini,1,2025-10-12 11:50:35+00:00,pantas aja motor gua sering ngedet bahlil ini,pantas aja motor gua sering ngedet bahlil ini,0.0,0.9875668287277222,0
1973,Bahlil B nya apa?,1,2025-10-12 11:19:24+00:00,bahlil b nya apa?,bahlil b nya apa?,0.0,0.9922879934310913,0
1974,make nih Bahlil,1,2025-10-13 14:26:03+00:00,make nih bahlil,make nih bahlil,0.0,0.7262823581695557,0
1975,Bahlil bahlul,1,2025-10-13 12:38:01+00:00,bahlil bahlul,bahlil bahlul,0.0,0.9772870540618896,0
1976,bahlul artinya bodoh,1,2025-10-13 12:05:15+00:00,bahlul artinya bodoh,bahlul artinya bodoh,0.0,0.9993901252746582,0
1977,Bukanya kebanyakan indonesia itu persyaratan kerja harus berpenampilan baik ya? Ini kenapa bahlil jadi mentri,1,2025-10-13 12:03:06+00:00,bukanya kebanyakan indonesia itu persyaratan kerja harus berpenampilan baik ya? ini kenapa bahlil jadi mentri,bukanya kebanyakan indonesia itu persyaratan kerja harus berpenampilan baik ya? ini kenapa bahlil jadi mentri,0.0,0.9512563943862915,0
1978,kan mau mempermaju motor dan mobil listrik bang🤣🤣,1,2025-10-13 11:42:28+00:00,kan mau mempermaju motor dan mobil listrik bang🤣🤣,kan mau mempermaju motor dan mobil listrik bang🤣🤣,,0.9809753894805908,0
1979,beda dikit antara Bahlil dan bahlul,1,2025-10-13 11:39:14+00:00,beda dikit antara bahlil dan bahlul,beda dikit antara bahlil dan bahlul,0.0,0.9415165185928345,0
1980,udah salah.... ngotot😩,1,2025-10-13 11:30:21+00:00,udah salah.. ngotot,sudah salah.. ngotot,0.0,0.9953279495239258,0
1981,Mentri DUNGU,1,2025-10-13 11:16:10+00:00,mentri dungu,mentri dungu,,0.9962956309318542,0
1982,10% itu awalan doang nanti lama lama jadi 90% etanol dan 10% bahan bakar,1,2025-10-13 11:11:44+00:00,10  itu awalan doang nanti lama lama jadi 90  etanol dan 10  bahan bakar,10 itu awalan doang nanti lama lama jadi 90 etanol dan 10 bahan bakar,,0.9269933104515076,0
1983,gw tau tuh rencana si bahlil ujung-ujungnya korup biaya🗿,1,2025-10-13 10:50:59+00:00,gw tau tuh rencana si bahlil ujung ujungnya korup biaya🗿,saya tau tuh rencana si bahlil ujung ujungnya korup biaya🗿,0.0,0.9994310736656189,0
1986,gulung bahlil,1,2025-10-12 10:43:38+00:00,gulung bahlil,gulung bahlil,1.0,0.8740385174751282,1
1987,sudah mulai gila ini pemerintah 😆,1,2025-10-12 10:39:50+00:00,sudah mulai gila ini pemerintah 😆,sudah mulai gila ini pemerintah 😆,0.0,0.999415397644043,0
1988,tujuan nya bagus biar ga import lagi sama negara lain tp kita rakyat nya yang menderita lol,1,2025-10-12 10:36:23+00:00,tujuan nya bagus biar ga import lagi sama negara lain tp kita rakyat nya yang menderita lol,tujuan nya bagus biar tidak import lagi sama negara lain tapi kita rakyat nya yang menderita tertawa,0.0,0.9991776347160339,0
1989,bahlil nak dapat pujian dari masyarakat 😹,1,2025-10-12 10:13:05+00:00,bahlil nak dapat pujian dari masyarakat 😹,bahlil nak dapat pujian dari masyarakat 😹,1.0,0.7289087772369385,1
1990,1000000000000000000000000000000000% dosa bahlil ireng,1,2025-10-12 09:20:52+00:00,100  dosa bahlil ireng,100 dosa bahlil ireng,,0.897657573223114,0
1991,bahlul anjir ini mah bukan bahlil,1,2025-10-12 09:01:56+00:00,bahlul anjir ini mah bukan bahlil,bahlul anjing ini mah bukan bahlil,0.0,0.9976982474327087,0
1993,Banyak belajar lg pak,1,2025-10-12 08:51:33+00:00,banyak belajar lg pak,banyak belajar lagi pak,1.0,0.9973433613777161,1
1995,bahlil a apa???,1,2025-10-12 07:44:47+00:00,bahlil a apa??,bahlil a apa??,0.0,0.9980111122131348,0
1996,gini ini nih.. mentri g pernah sekol,1,2025-10-12 07:39:26+00:00,gini ini nih.. mentri g pernah sekol,gini ini nih.. mentri g pernah sekol,0.0,0.9964722394943237,0
1997,manusia 11 12 sama ipk gibran,1,2025-10-12 07:34:56+00:00,manusia 11 12 sama ipk gibran,manusia 11 12 sama ipk gibran,,0.992687463760376,0
1998,"bapak kau siapa Bahlil bangsad...
campuran kok di bilang bersih ...
bangsad Motor aku beli pake uang hasil keringat ..hancur berlahan kau buat bujang",1,2025-10-12 07:34:59+00:00,"bapak kau siapa bahlil bangsad..
campuran kok di bilang bersih ..
bangsad motor aku beli pake uang hasil keringat ..hancur berlahan kau buat bujang",bapak kau siapa bahlil bangsad.. campuran kok di bilang bersih .. bangsad motor saya beli pake uang hasil keringat ..hancur berlahan kau buat bujang,0.0,0.999309778213501,0
1999,knp ya sehh pada mau dengerin&mau ngerjain kata kata dia,1,2025-10-12 07:33:06+00:00,knp ya sehh pada mau dengerin mau ngerjain kata kata dia,kenapa ya sehh pada mau dengerin mau ngerjain kata kata dia,0.0,0.9992929697036743,0
